{
"type": "FeatureCollection",
"name": "korea_adm1",
"crs": { "type": "name", "properties": { "name": "urn:ogc:def:crs:OGC:1.3:CRS84" } },
"features": [
{ "type": "Feature", "properties": { }, "geometry": { "type": "Polygon", "coordinates": [ [ [ 126.945834439663088, 33.502184016639582 ], [ 126.954817480326867, 33.486463771984639 ], [ 126.970537749341588, 33.486463729790614 ], [ 126.97502924262335, 33.493201016468284 ], [ 126.957063170618596, 33.520150119571475 ], [ 126.945834439663088, 33.502184016639582 ] ] ] } },
{ "type": "Feature", "properties": { }, "geometry": { "type": "Polygon", "coordinates": [ [ [ 126.164311398322383, 33.284345772628434 ], [ 126.186768957390143, 33.250659416864139 ], [ 126.236175632970131, 33.230447614479601 ], [ 126.242912904443855, 33.216973062472647 ], [ 126.274353501331461, 33.190023957596047 ], [ 126.294565242545374, 33.192269780403457 ], [ 126.296810984214034, 33.214727347344883 ], [ 126.330497388896788, 33.234939093600623 ], [ 126.368675199396179, 33.228201859586676 ], [ 126.415836037441593, 33.239430645294178 ], [ 126.431556366077515, 33.230447579325059 ], [ 126.458505409392515, 33.234939123669029 ], [ 126.471980008374132, 33.223710322969985 ], [ 126.507912056060917, 33.225956094643784 ], [ 126.521386588265955, 33.234939097628803 ], [ 126.588759269238494, 33.237184900687545 ], [ 126.599988053978095, 33.230447583977444 ], [ 126.65613192628274, 33.264133933676739 ], [ 126.692064069990977, 33.26188814097393 ], [ 126.743716382841555, 33.273116964075633 ], [ 126.779648475914243, 33.297820281175653 ], [ 126.806597568070458, 33.295574557296689 ], [ 126.835792396286607, 33.302311785409501 ], [ 126.847021214571996, 33.315786284169185 ], [ 126.838038116109843, 33.322523597725819 ], [ 126.862741443997308, 33.342735419682562 ], [ 126.887444772294927, 33.380913248383187 ], [ 126.905410858474539, 33.389896251104936 ], [ 126.91888534716837, 33.430319865367693 ], [ 126.932359902496216, 33.421336879450763 ], [ 126.925622647437407, 33.441548673274518 ], [ 126.934605625852555, 33.455023207869623 ], [ 126.948080159731944, 33.455023185155177 ], [ 126.934605625852555, 33.466251939459404 ], [ 126.92337689480236, 33.450531647963366 ], [ 126.91888534716837, 33.459514682372387 ], [ 126.925622647437407, 33.464006201361279 ], [ 126.900919277245052, 33.477480779455618 ], [ 126.905410858474539, 33.488709521638022 ], [ 126.912148084062551, 33.484217983503598 ], [ 126.916639634228829, 33.502184054215128 ], [ 126.905410858474539, 33.506675528932284 ], [ 126.894182005548359, 33.499938296082206 ], [ 126.903165061192595, 33.513412859866932 ], [ 126.889690558011893, 33.524641575095458 ], [ 126.862741443997308, 33.520150097775186 ], [ 126.829055155005079, 33.542607627785557 ], [ 126.82680940805777, 33.558327968954764 ], [ 126.815580633917932, 33.560573712747129 ], [ 126.802106036342067, 33.553836469096176 ], [ 126.76617398904753, 33.565065207090576 ], [ 126.759436730796693, 33.556082216176797 ], [ 126.678589487645752, 33.549344949082872 ], [ 126.671852188299525, 33.542607693263513 ], [ 126.644903163927395, 33.55159066800605 ], [ 126.617954054093616, 33.533624662023328 ], [ 126.593250754189427, 33.533624665153738 ], [ 126.582022032036761, 33.524641622769266 ], [ 126.512403586850994, 33.513412834829516 ], [ 126.487700242055226, 33.517904320403019 ], [ 126.480962951386019, 33.506675545179945 ], [ 126.467488466866257, 33.506675551783452 ], [ 126.45401389363056, 33.495446818731281 ], [ 126.420327585404394, 33.484218030264252 ], [ 126.377658231059186, 33.481972225546606 ], [ 126.33948037081062, 33.461760443707028 ], [ 126.317022837603389, 33.466251982973056 ], [ 126.296810984214034, 33.443794397199191 ], [ 126.265370404126088, 33.430319900953705 ], [ 126.26087891637205, 33.410108095484119 ], [ 126.164311398322383, 33.333752360465027 ], [ 126.164311398322383, 33.284345772628434 ] ] ] } },
{ "type": "Feature", "properties": { }, "geometry": { "type": "Polygon", "coordinates": [ [ [ 126.249650164949017, 35.58175385016056 ], [ 126.265370404126088, 35.566033571973755 ], [ 126.267616173579, 35.575016634870444 ], [ 126.278844945094335, 35.577262344255502 ], [ 126.294565242545374, 35.592982629033855 ], [ 126.303548310353477, 35.592982666041287 ], [ 126.314777027335069, 35.610948681012296 ], [ 126.31028553978976, 35.619931712960444 ], [ 126.294565242545374, 35.606457198231716 ], [ 126.281090733804291, 35.610948682724214 ], [ 126.285582279339124, 35.604211428084021 ], [ 126.269861960063878, 35.604211417769172 ], [ 126.269861960063878, 35.597474133840457 ], [ 126.254141647302063, 35.59298261712933 ], [ 126.265370404126088, 35.58849116681376 ], [ 126.249650164949017, 35.58175385016056 ] ] ] } },
{ "type": "Feature", "properties": { }, "geometry": { "type": "Polygon", "coordinates": [ [ [ 126.400115758108939, 35.393110427332402 ], [ 126.415836037441593, 35.377390086107717 ], [ 126.406853053135976, 35.370652845110214 ], [ 126.458505409392515, 35.375144356766313 ], [ 126.577530451785449, 35.404339146578707 ], [ 126.586513508315022, 35.390864657946018 ], [ 126.570793195712483, 35.330229233707641 ], [ 126.575284766921314, 35.325737684181583 ], [ 126.570793195712483, 35.298788626599404 ], [ 126.575284766921314, 35.29429708238635 ], [ 126.620199861452662, 35.296542905601797 ], [ 126.644903163927395, 35.314508942567834 ], [ 126.678589487645752, 35.30777170299671 ], [ 126.705538600849394, 35.327983464273444 ], [ 126.763928222142013, 35.34594949362701 ], [ 126.772911210134453, 35.363915542152142 ], [ 126.770665483055197, 35.384127336533737 ], [ 126.79087728665256, 35.397601896281358 ], [ 126.797614560325755, 35.442516986813963 ], [ 126.822317873388386, 35.451500057835382 ], [ 126.849266920738714, 35.447008545823337 ], [ 126.867232978373977, 35.462728820062189 ], [ 126.887444772294927, 35.460483082984339 ], [ 126.930114110286382, 35.440271240346519 ], [ 126.950325974874588, 35.422305202032057 ], [ 126.968291981118909, 35.38861890830097 ], [ 126.99973259763965, 35.377390109995794 ], [ 127.010961318709747, 35.381881628059112 ], [ 127.017698572824145, 35.408830655924959 ], [ 127.040156197794232, 35.431288214419219 ], [ 127.064859492623683, 35.431288249214987 ], [ 127.080579763735201, 35.422305181138746 ], [ 127.087317032073415, 35.404339176416975 ], [ 127.085071263687539, 35.381881623184675 ], [ 127.071596747775004, 35.370652816387917 ], [ 127.078334032196736, 35.357178281523794 ], [ 127.096300064353898, 35.357178320464882 ], [ 127.107528842750838, 35.319000407315009 ], [ 127.100791571927886, 35.301034401571542 ], [ 127.129986408158757, 35.283068334621667 ], [ 127.168164244638689, 35.280822620636648 ], [ 127.206342133582211, 35.303280125106241 ], [ 127.240028469587145, 35.292051326180932 ], [ 127.260240193709734, 35.301034385124304 ], [ 127.289435050148342, 35.283068350990291 ], [ 127.424180433829136, 35.287559871527371 ], [ 127.462358255954527, 35.323491924332032 ], [ 127.480324320881039, 35.332474993926681 ], [ 127.502781818606323, 35.332475017749928 ], [ 127.538713911585148, 35.323491979023714 ], [ 127.61731535446053, 35.276331097644444 ], [ 127.644264425801452, 35.298788683635181 ], [ 127.63752715793359, 35.323491939197332 ], [ 127.648755955464921, 35.35044106507668 ], [ 127.689179612581142, 35.381881591371801 ], [ 127.693671088871497, 35.415567956097256 ], [ 127.675705068135628, 35.420059429250948 ], [ 127.668967751822166, 35.435779754234169 ], [ 127.675705068135628, 35.464974527521179 ], [ 127.657738959483794, 35.494169374289442 ], [ 127.657738959483794, 35.509889662403637 ], [ 127.62854415188832, 35.521118483748779 ], [ 127.626298422979517, 35.541330272924107 ], [ 127.644264425801452, 35.57052509236587 ], [ 127.657738959483794, 35.622177471893551 ], [ 127.673459314299166, 35.653618047057421 ], [ 127.691425346386282, 35.673829851960328 ], [ 127.702654145334662, 35.732219463427704 ], [ 127.754306528375011, 35.772643123837547 ], [ 127.774518294183977, 35.813066731632375 ], [ 127.792484360660509, 35.806329413809721 ], [ 127.819433373963037, 35.817558193993463 ], [ 127.835153720762094, 35.817558188173194 ], [ 127.853119721925566, 35.833278510822048 ], [ 127.866594263771617, 35.833278517185839 ], [ 127.889051822142747, 35.873702086263769 ], [ 127.90701790764389, 35.880439332989155 ], [ 127.920492398286044, 35.896159687674221 ], [ 127.927229661593657, 35.918617218602016 ], [ 127.924983899870128, 35.941074792425724 ], [ 127.877823069786515, 36.008447473084907 ], [ 127.848628215568894, 35.985989938151633 ], [ 127.828416416796998, 36.003955914362933 ], [ 127.803713090975307, 36.001710184710518 ], [ 127.763289524999493, 35.983744163925387 ], [ 127.76104376343406, 35.977006905514358 ], [ 127.740831958505112, 35.974761132340284 ], [ 127.727357447187572, 35.988235624155358 ], [ 127.677950830744578, 36.001710139350699 ], [ 127.659984732720503, 36.024167777864591 ], [ 127.653247520856553, 36.02416774538387 ], [ 127.644264425801452, 36.010693209736559 ], [ 127.619561128252656, 36.02865924706564 ], [ 127.554434270659996, 35.985989911658926 ], [ 127.511764913838562, 35.985989908125461 ], [ 127.491553068467482, 35.977006840342412 ], [ 127.448883721524837, 35.992727135763971 ], [ 127.417443151456538, 35.988235670395596 ], [ 127.419688874802972, 35.994972896571895 ], [ 127.433163430598995, 35.997218642327468 ], [ 127.435409144273194, 36.015184749335738 ], [ 127.386002564865677, 36.026413489531038 ], [ 127.350070436413489, 36.082557402369467 ], [ 127.311892643994966, 36.120735202823617 ], [ 127.284943549475273, 36.107260682526281 ], [ 127.282697815769652, 36.091540434322376 ], [ 127.269223239057922, 36.093786147846487 ], [ 127.253502986819001, 36.080311659026691 ], [ 127.206342133582211, 36.071328577971556 ], [ 127.179393055236403, 36.073574365157043 ], [ 127.165918452402522, 36.064591392657974 ], [ 127.114266140980106, 36.055608282142813 ], [ 127.098545812045998, 36.057854050134225 ], [ 127.091808523755361, 36.073574358967505 ], [ 127.103037343985591, 36.134209762576738 ], [ 127.089562812713865, 36.136455490737561 ], [ 126.934605625852555, 36.100523472466968 ], [ 126.838038116109843, 36.089294650989167 ], [ 126.817826311811402, 36.039888069751342 ], [ 126.707784324516552, 36.001710160905738 ], [ 126.71227581527674, 35.999464472516088 ], [ 126.707784324516552, 35.990481440163492 ], [ 126.692064069990977, 35.983744151093632 ], [ 126.633674361003216, 35.977006851145994 ], [ 126.579776234300141, 35.950057829008493 ], [ 126.586513508315022, 35.943320504822296 ], [ 126.595496560586312, 35.947812073338326 ], [ 126.613462566759821, 35.938829031764577 ], [ 126.604479525411307, 35.923108730550652 ], [ 126.608971057166741, 35.884930916849953 ], [ 126.674098022384243, 35.891668141131866 ], [ 126.721258887855541, 35.887176598570875 ], [ 126.727996158456477, 35.893913887557964 ], [ 126.76617398904753, 35.889422416226452 ], [ 126.781894259308288, 35.902896942728219 ], [ 126.822317873388386, 35.905142702195825 ], [ 126.842529679019918, 35.916371438586793 ], [ 126.853758456128759, 35.90738844978133 ], [ 126.88070749576282, 35.911879981327353 ], [ 126.900919277245052, 35.90963419710684 ], [ 126.862741443997308, 35.902896908035075 ], [ 126.833546608067635, 35.907388430004566 ], [ 126.799860291362933, 35.893913936337775 ], [ 126.777402788769535, 35.862473306119874 ], [ 126.727996158456477, 35.862473294971174 ], [ 126.694309788783585, 35.851244570783983 ], [ 126.683081011503916, 35.840015787062455 ], [ 126.770665483055197, 35.797346403234741 ], [ 126.777402788769535, 35.80408369101162 ], [ 126.781894259308288, 35.795100628795318 ], [ 126.777402788769535, 35.783871872489712 ], [ 126.784139974561981, 35.777134605852289 ], [ 126.772911210134453, 35.772643116235955 ], [ 126.768419687888013, 35.761414303618338 ], [ 126.772911210134453, 35.747939827475058 ], [ 126.76617398904753, 35.747939763799344 ], [ 126.743716382841555, 35.786117649386249 ], [ 126.703292809402441, 35.795100671509047 ], [ 126.635920108289042, 35.788363430832206 ], [ 126.622445601434023, 35.797346443209214 ], [ 126.613462566759821, 35.779380367941485 ], [ 126.617954054093616, 35.779380382009315 ], [ 126.622445601434023, 35.752431320753992 ], [ 126.604479525411307, 35.732219524958872 ], [ 126.602233823339972, 35.718744959776913 ], [ 126.568547474225127, 35.69179588136312 ], [ 126.548335681313532, 35.691795887610787 ], [ 126.528123899691906, 35.682812835666617 ], [ 126.519140876391774, 35.667092537320364 ], [ 126.501174753481507, 35.653618083222845 ], [ 126.458505409392515, 35.635652000975099 ], [ 126.467488466866257, 35.631160475598563 ], [ 126.462996906325884, 35.626669009895778 ], [ 126.469734229689067, 35.619931740762922 ], [ 126.460751191171354, 35.615440186330844 ], [ 126.462996906325884, 35.604211428786108 ], [ 126.47871727442255, 35.599719879918894 ], [ 126.485454517731867, 35.586245386033845 ], [ 126.503420587838619, 35.577262347641017 ], [ 126.505666272876326, 35.581753868368047 ], [ 126.523632315705626, 35.577262338023601 ], [ 126.541598364097027, 35.586245420976645 ], [ 126.586513508315022, 35.583999630356054 ], [ 126.595496560586312, 35.588491107369727 ], [ 126.602233823340001, 35.579508125553026 ], [ 126.61570834410405, 35.588491155208956 ], [ 126.624691356391594, 35.586245340916186 ], [ 126.631428628628683, 35.595228410943918 ], [ 126.642657439474377, 35.588491151712951 ], [ 126.651640426308759, 35.590736871419779 ], [ 126.65613192628274, 35.581753852359412 ], [ 126.667360728821819, 35.5839996188135 ], [ 126.660623485372625, 35.570525039636784 ], [ 126.674098022384243, 35.532347233962348 ], [ 126.66286924589194, 35.550313267755264 ], [ 126.63816587047215, 35.570525076633771 ], [ 126.629182828823929, 35.570525083380652 ], [ 126.613462566759821, 35.568279355407718 ], [ 126.611216804442719, 35.552559017770832 ], [ 126.604479525411307, 35.55255903543403 ], [ 126.588759269238494, 35.534592996845667 ], [ 126.584267762576417, 35.541330222903937 ], [ 126.561810236710514, 35.541330248336791 ], [ 126.537106923979707, 35.527855690015976 ], [ 126.507912056060917, 35.532347260387972 ], [ 126.49668329681225, 35.518872723667727 ], [ 126.498929017299204, 35.51213542609073 ], [ 126.487700242055226, 35.509889712335102 ], [ 126.480962951386019, 35.516626935246158 ], [ 126.480962951386019, 35.507643971136623 ], [ 126.467488466866257, 35.494169353728083 ], [ 126.469734229689067, 35.47844906863758 ], [ 126.458505409392515, 35.478449091851182 ], [ 126.427064821979258, 35.431288244657047 ], [ 126.447276657131795, 35.433534001684748 ], [ 126.449522441689368, 35.429042457973161 ], [ 126.420327585404422, 35.420059468060522 ], [ 126.400115758108939, 35.393110427332402 ] ] ] } },
{ "type": "Feature", "properties": { }, "geometry": { "type": "Polygon", "coordinates": [ [ [ 126.220455301283465, 34.930484717072467 ], [ 126.224946832911698, 34.914764394716634 ], [ 126.236175632970131, 34.908027128809039 ], [ 126.247404366702611, 34.914764438127442 ], [ 126.256387414151959, 34.912518651213198 ], [ 126.256387414151959, 34.934976190631595 ], [ 126.229438350861486, 34.937221951394953 ], [ 126.220455301283465, 34.930484717072467 ] ] ] } },
{ "type": "Feature", "properties": { }, "geometry": { "type": "Polygon", "coordinates": [ [ [ 125.178424658703463, 34.678960070344331 ], [ 125.187407698155823, 34.665485544235658 ], [ 125.196390689441685, 34.68120582953847 ], [ 125.205373715664336, 34.681205855850372 ], [ 125.216602493975586, 34.699171856627977 ], [ 125.214356776041171, 34.712646366431521 ], [ 125.178424658703463, 34.678960070344331 ] ] ] } },
{ "type": "Feature", "properties": { }, "geometry": { "type": "Polygon", "coordinates": [ [ [ 127.691425346386282, 34.878832299956734 ], [ 127.698162599826532, 34.867603522368526 ], [ 127.718374419509189, 34.86311202928573 ], [ 127.729603164470888, 34.881078044937119 ], [ 127.747569205893285, 34.885569585938704 ], [ 127.734094705485603, 34.890061091247254 ], [ 127.729603164470888, 34.88556961889266 ], [ 127.718374419509189, 34.892306867151333 ], [ 127.700408368268441, 34.887815309319187 ], [ 127.691425346386282, 34.878832299956734 ] ] ] } },
{ "type": "Feature", "properties": { }, "geometry": { "type": "Polygon", "coordinates": [ [ [ 126.121642072492094, 34.946205010893948 ], [ 126.144099668646064, 34.955188003382943 ], [ 126.146345410032595, 34.970908301461051 ], [ 126.168802968361021, 34.968662546101804 ], [ 126.182277437717531, 34.979891317323137 ], [ 126.141853862122161, 34.986628573729789 ], [ 126.139608156241479, 34.961925259140848 ], [ 126.121642072492094, 34.946205010893948 ] ] ] } },
{ "type": "Feature", "properties": { }, "geometry": { "type": "Polygon", "coordinates": [ [ [ 126.009354290735772, 35.350441019298465 ], [ 126.020583053284867, 35.341458040409904 ], [ 126.013845773490218, 35.341458033518073 ], [ 126.020583053284867, 35.334720727256624 ], [ 126.016091542616792, 35.325737750862984 ], [ 126.031811862173143, 35.330229229096808 ], [ 126.040794891799834, 35.341457961357094 ], [ 126.025074554765382, 35.359424087711126 ], [ 126.009354290735772, 35.350441019298465 ] ] ] } },
{ "type": "Feature", "properties": { }, "geometry": { "type": "Polygon", "coordinates": [ [ [ 126.957063170618596, 34.317393415048947 ], [ 126.959308955923248, 34.301673083888254 ], [ 126.968291981118881, 34.30391883397111 ], [ 126.970537749341588, 34.294935828460645 ], [ 126.977275049627977, 34.294935780799271 ], [ 126.992995321479526, 34.29718160891229 ], [ 126.995241067407377, 34.306164602122195 ], [ 127.004224097009484, 34.306164601660555 ], [ 127.017698572824145, 34.319639186524469 ], [ 126.99973259763965, 34.33086792115791 ], [ 126.972783530504742, 34.333113700395117 ], [ 126.957063170618596, 34.317393415048947 ] ] ] } },
{ "type": "Feature", "properties": { }, "geometry": { "type": "Polygon", "coordinates": [ [ [ 125.086348658042169, 34.07036024824987 ], [ 125.108806234812207, 34.063622970015238 ], [ 125.12452654402928, 34.041165452873116 ], [ 125.14922987916438, 34.045656891911641 ], [ 125.129018069273556, 34.06137724828028 ], [ 125.122280774763851, 34.083834805289193 ], [ 125.104314714623044, 34.095063542726912 ], [ 125.093085908771172, 34.092817832635397 ], [ 125.095331706495301, 34.0748517347728 ], [ 125.086348658042169, 34.07036024824987 ] ] ] } },
{ "type": "Feature", "properties": { }, "geometry": { "type": "Polygon", "coordinates": [ [ [ 127.278206300062209, 34.04790271176401 ], [ 127.282697815769652, 34.027690872578077 ], [ 127.296172302495805, 34.007479134081144 ], [ 127.327612868433704, 33.996250356189698 ], [ 127.323121402919398, 34.007479120504911 ], [ 127.309646859681578, 34.011970570420793 ], [ 127.296172302495805, 34.041165423815016 ], [ 127.300663832002542, 34.050148451721618 ], [ 127.293926595077508, 34.054639963105188 ], [ 127.278206300062209, 34.04790271176401 ] ] ] } },
{ "type": "Feature", "properties": { }, "geometry": { "type": "Polygon", "coordinates": [ [ [ 127.222062347975722, 34.202859857913531 ], [ 127.237782633877146, 34.209597147416083 ], [ 127.257994501257841, 34.202859857939124 ], [ 127.260240193709706, 34.209597090665127 ], [ 127.251257246508359, 34.214088628321981 ], [ 127.26248597904781, 34.218580170705778 ], [ 127.262485979047838, 34.241037711633524 ], [ 127.253502986819001, 34.245529209685984 ], [ 127.242274153310177, 34.241037676727672 ], [ 127.222062347975722, 34.202859857913531 ] ] ] } },
{ "type": "Feature", "properties": { }, "geometry": { "type": "Polygon", "coordinates": [ [ [ 126.278844945094335, 34.371291517359616 ], [ 126.281090733804291, 34.364554230002433 ], [ 126.292319517755615, 34.362308512095566 ], [ 126.294565242545374, 34.369045800972252 ], [ 126.303548310353477, 34.364554258199803 ], [ 126.312531316525693, 34.378028792175009 ], [ 126.301302518132047, 34.380274584576341 ], [ 126.303548310353477, 34.389257569927864 ], [ 126.287828036140937, 34.38476608108251 ], [ 126.278844945094335, 34.371291517359616 ] ] ] } },
{ "type": "Feature", "properties": { }, "geometry": { "type": "Polygon", "coordinates": [ [ [ 126.036303381753086, 34.458875960808896 ], [ 126.047532169901658, 34.458875953995836 ], [ 126.056515131599483, 34.470104793563983 ], [ 126.069989706520502, 34.474596247808044 ], [ 126.069989706520502, 34.481333524933724 ], [ 126.05876091768053, 34.476842075561343 ], [ 126.065498219343851, 34.485825028629193 ], [ 126.061006639025422, 34.49256232031675 ], [ 126.047532169901658, 34.490316549935478 ], [ 126.036303381753086, 34.476842051006457 ], [ 126.040794891799834, 34.470104796566218 ], [ 126.036303381753086, 34.458875960808896 ] ] ] } },
{ "type": "Feature", "properties": { }, "geometry": { "type": "Polygon", "coordinates": [ [ [ 126.101430238431789, 35.002348878600543 ], [ 126.11041328070003, 34.995611629924376 ], [ 126.130625096126536, 35.00010313510829 ], [ 126.144099668646064, 34.99336582190012 ], [ 126.157574134080349, 34.997857357619495 ], [ 126.164311398322383, 35.011331892537335 ], [ 126.132870813729255, 35.024806471171097 ], [ 126.128379313451006, 35.022560698326487 ], [ 126.130625096126536, 35.011331921481847 ], [ 126.121642072492094, 35.018069141412283 ], [ 126.112659086145598, 35.00459461161195 ], [ 126.101430238431789, 35.002348878600543 ] ] ] } },
{ "type": "Feature", "properties": { }, "geometry": { "type": "Polygon", "coordinates": [ [ [ 125.995879789226308, 34.326376408195443 ], [ 126.000371298506394, 34.319639154251021 ], [ 126.022828794803189, 34.317393366388011 ], [ 126.027320333157391, 34.324130648514647 ], [ 126.045286392216013, 34.32188486707981 ], [ 126.045286392216013, 34.315147591264733 ], [ 126.054269363767119, 34.31963913088871 ], [ 126.065498219343851, 34.31514759755305 ], [ 126.056515131599483, 34.326376423497663 ], [ 126.029566129965261, 34.337605200172263 ], [ 125.995879789226308, 34.326376408195443 ] ] ] } },
{ "type": "Feature", "properties": { }, "geometry": { "type": "Polygon", "coordinates": [ [ [ 125.804990546696999, 34.616078879839037 ], [ 125.827448078896424, 34.602604384624705 ], [ 125.811727741661684, 34.598112854739519 ], [ 125.818465030279896, 34.591375567146272 ], [ 125.827448078896424, 34.598112854584514 ], [ 125.840922572748582, 34.593621374459651 ], [ 125.861134421591743, 34.600358582801505 ], [ 125.858888629173961, 34.62057039889261 ], [ 125.849905653465427, 34.62955344180515 ], [ 125.843168376131601, 34.620570392763568 ], [ 125.804990546696999, 34.616078879839037 ] ] ] } },
{ "type": "Feature", "properties": { }, "geometry": { "type": "Polygon", "coordinates": [ [ [ 127.785747105837046, 34.427435380206035 ], [ 127.799221607137426, 34.422943924504935 ], [ 127.790238573946809, 34.418452418321152 ], [ 127.78799279532069, 34.407223650017237 ], [ 127.796975877267116, 34.409469379839905 ], [ 127.796975877267116, 34.400486351341918 ], [ 127.803713090975307, 34.400486356906605 ], [ 127.812696154649984, 34.43866417488163 ], [ 127.819433373963037, 34.445401464729692 ], [ 127.805958844914997, 34.445401503580563 ], [ 127.805958844915025, 34.454384499063508 ], [ 127.796975877267116, 34.449892968362974 ], [ 127.794730074417458, 34.431926909068785 ], [ 127.785747105837046, 34.427435380206035 ] ] ] } },
{ "type": "Feature", "properties": { }, "geometry": { "type": "Polygon", "coordinates": [ [ [ 126.141853862122161, 34.719383679497192 ], [ 126.150836863116268, 34.714892149317635 ], [ 126.148591169152269, 34.70366334723996 ], [ 126.155328387030522, 34.699171881033593 ], [ 126.175540248268391, 34.699171872308391 ], [ 126.182277437717531, 34.71489218319072 ], [ 126.180031745585865, 34.726120930760914 ], [ 126.171048738361804, 34.732858211919222 ], [ 126.173294443100872, 34.739595501906592 ], [ 126.164311398322383, 34.755315789415178 ], [ 126.150836863116268, 34.753070014462992 ], [ 126.150836863116268, 34.726120940417708 ], [ 126.141853862122161, 34.719383679497192 ] ] ] } },
{ "type": "Feature", "properties": { }, "geometry": { "type": "Polygon", "coordinates": [ [ [ 126.130625096126536, 35.047263999304036 ], [ 126.168802968361021, 35.024806424073333 ], [ 126.173294443100872, 35.024806444944474 ], [ 126.171048738361804, 35.031543663235027 ], [ 126.180031745585865, 35.047263991054017 ], [ 126.146345410032595, 35.058492782581887 ], [ 126.130625096126536, 35.047263999304036 ] ] ] } },
{ "type": "Feature", "properties": { }, "geometry": { "type": "Polygon", "coordinates": [ [ [ 126.049777882904223, 34.62281613442174 ], [ 126.069989706520502, 34.607095838201438 ], [ 126.072235435894456, 34.586884065699294 ], [ 126.108167576112436, 34.580146759782203 ], [ 126.11041328070003, 34.584638353835565 ], [ 126.096938742269046, 34.595867132924624 ], [ 126.101430238431789, 34.604850157590569 ], [ 126.092447235244308, 34.60260437867484 ], [ 126.072235435894456, 34.625061945150215 ], [ 126.054269363767119, 34.62730767849559 ], [ 126.049777882904223, 34.62281613442174 ] ] ] } },
{ "type": "Feature", "properties": { }, "geometry": { "type": "Polygon", "coordinates": [ [ [ 127.644264425801452, 34.57565533793403 ], [ 127.63752715793359, 34.550951967656545 ], [ 127.644264425801452, 34.5599350123425 ], [ 127.651001693102543, 34.548706225589363 ], [ 127.659984732720503, 34.546460501471053 ], [ 127.668967751822166, 34.553197726539722 ], [ 127.671213569249147, 34.548706192479557 ], [ 127.680196520947788, 34.562180745803055 ], [ 127.702654145334662, 34.559934984355955 ], [ 127.691425346386282, 34.57116376954459 ], [ 127.666722024384285, 34.564426521867261 ], [ 127.664476224592079, 34.575655310092145 ], [ 127.655493276318992, 34.577901023908012 ], [ 127.644264425801452, 34.57565533793403 ] ] ] } },
{ "type": "Feature", "properties": { }, "geometry": { "type": "Polygon", "coordinates": [ [ [ 127.022190111603976, 34.449892960601687 ], [ 127.035664621266008, 34.436418445004705 ], [ 127.037910444208222, 34.418452385131729 ], [ 127.049139173549889, 34.40946934529844 ], [ 127.05138490777945, 34.422943898458556 ], [ 127.055876495508343, 34.422943910097374 ], [ 127.064859492623683, 34.40273208619368 ], [ 127.071596747775004, 34.411715092702551 ], [ 127.06710523197026, 34.416206611960085 ], [ 127.07384252420519, 34.420698144180065 ], [ 127.06710523197026, 34.440909972079311 ], [ 127.053630736359509, 34.454384464916565 ], [ 127.053630736359509, 34.449892977451718 ], [ 127.04464766065756, 34.454384471799251 ], [ 127.022190111603976, 34.449892960601687 ] ] ] } },
{ "type": "Feature", "properties": { }, "geometry": { "type": "Polygon", "coordinates": [ [ [ 126.067743912357329, 34.764298801358649 ], [ 126.090201508791495, 34.73959545253404 ], [ 126.117150584971256, 34.735103924458024 ], [ 126.103676054969142, 34.726120903274193 ], [ 126.103676054969142, 34.717137872015506 ], [ 126.117150584971256, 34.712646419131573 ], [ 126.144099668646064, 34.728366643717131 ], [ 126.144099668646064, 34.753069968663247 ], [ 126.119396278333014, 34.768790271975348 ], [ 126.11041328070003, 34.764298765089272 ], [ 126.090201508791495, 34.771036017345786 ], [ 126.085709944185822, 34.762053032267367 ], [ 126.067743912357329, 34.764298801358649 ] ] ] } },
{ "type": "Feature", "properties": { }, "geometry": { "type": "Polygon", "coordinates": [ [ [ 126.085709944185822, 34.786756333461717 ], [ 126.105921806558101, 34.775527545215745 ], [ 126.126133548610767, 34.780019069778966 ], [ 126.146345410032595, 34.759807229397886 ], [ 126.164311398322383, 34.766544540838602 ], [ 126.159819898798332, 34.777773308717109 ], [ 126.168802968361021, 34.791247829766817 ], [ 126.155328387030522, 34.797985099381833 ], [ 126.155328387030522, 34.809213888849293 ], [ 126.150836863116268, 34.809213902542496 ], [ 126.148591169152269, 34.795739381417384 ], [ 126.085709944185822, 34.786756333461717 ] ] ] } },
{ "type": "Feature", "properties": { }, "geometry": { "type": "Polygon", "coordinates": [ [ [ 126.013845773490218, 34.595867068702482 ], [ 126.027320333157391, 34.593621337740899 ], [ 126.016091542616792, 34.584638295588164 ], [ 126.022828794803189, 34.562180779949145 ], [ 126.036303381753086, 34.57565532148493 ], [ 126.047532169901658, 34.566672237673316 ], [ 126.063252461564289, 34.573409491691081 ], [ 126.056515131599483, 34.600358643459579 ], [ 126.045286392216013, 34.60035860223325 ], [ 126.036303381753086, 34.609341635080163 ], [ 126.040794891799834, 34.6205703922288 ], [ 126.036303381753086, 34.627307689417449 ], [ 126.018337330224256, 34.634044938311298 ], [ 126.013845773490218, 34.595867068702482 ] ] ] } },
{ "type": "Feature", "properties": { }, "geometry": { "type": "Polygon", "coordinates": [ [ [ 126.501174753481507, 34.13324140073702 ], [ 126.510157854885009, 34.115275348830579 ], [ 126.541598364097027, 34.11752112187235 ], [ 126.579776234300141, 34.142224451539548 ], [ 126.579776234300141, 34.148961699032768 ], [ 126.591005045332977, 34.153453240575971 ], [ 126.604479525411307, 34.142224453330734 ], [ 126.602233823340001, 34.151207459311351 ], [ 126.611216804442719, 34.144470171788953 ], [ 126.617954054093616, 34.151207461746623 ], [ 126.588759269238494, 34.162436211328689 ], [ 126.559564411605194, 34.160190471689511 ], [ 126.539352677534893, 34.171419215986326 ], [ 126.503420587838619, 34.151207465959047 ], [ 126.501174753481507, 34.13324140073702 ] ] ] } },
{ "type": "Feature", "properties": { }, "geometry": { "type": "Polygon", "coordinates": [ [ [ 126.022828794803218, 34.285952832235274 ], [ 126.05876091768053, 34.270232485161131 ], [ 126.056515131599483, 34.283707037003822 ], [ 126.067743912357329, 34.283707076971382 ], [ 126.069989706520502, 34.270232487878829 ], [ 126.076726949109826, 34.276969750855805 ], [ 126.096938742269046, 34.274724013955655 ], [ 126.087955717454918, 34.303918890608429 ], [ 126.052023614197381, 34.299427340622522 ], [ 126.040794891799834, 34.312901852813219 ], [ 126.036303381753086, 34.303918810063536 ], [ 126.027320333157391, 34.303918829534943 ], [ 126.034057612773736, 34.299427318720461 ], [ 126.022828794803189, 34.292690062201487 ], [ 126.022828794803218, 34.285952832235274 ] ] ] } },
{ "type": "Feature", "properties": { }, "geometry": { "type": "Polygon", "coordinates": [ [ [ 126.029566129965261, 34.539723180544129 ], [ 126.031811862173143, 34.530740151975998 ], [ 126.054269363767119, 34.526248703548205 ], [ 126.065498219343851, 34.537477442520363 ], [ 126.074481183428873, 34.535231729404991 ], [ 126.085709944185822, 34.55095201981424 ], [ 126.105921806558101, 34.555443490537705 ], [ 126.096938742269046, 34.564426495396766 ], [ 126.081218451906054, 34.56667229987854 ], [ 126.076726949109826, 34.557689234867716 ], [ 126.038549086102492, 34.562180789425959 ], [ 126.029566129965261, 34.553197709935866 ], [ 126.043040632844082, 34.555443510011351 ], [ 126.061006639025422, 34.548706272336744 ], [ 126.040794891799834, 34.537477418405885 ], [ 126.029566129965261, 34.539723180544129 ] ] ] } },
{ "type": "Feature", "properties": { }, "geometry": { "type": "Polygon", "coordinates": [ [ [ 126.847021214571996, 34.166927755795193 ], [ 126.856004203214951, 34.162436232810499 ], [ 126.849266920738714, 34.155698976128335 ], [ 126.853758456128759, 34.144470156232437 ], [ 126.864987245453051, 34.157944711391714 ], [ 126.878461763838288, 34.144470178136658 ], [ 126.912148084062551, 34.146715942821785 ], [ 126.925622647437407, 34.166927719886964 ], [ 126.91888534716837, 34.178156541347469 ], [ 126.907656587030417, 34.180402257212094 ], [ 126.912148084062551, 34.187139552700771 ], [ 126.905410858474539, 34.196122546876914 ], [ 126.907656587030417, 34.205105609675968 ], [ 126.891936275077995, 34.209597131853947 ], [ 126.860495738211526, 34.191631020427337 ], [ 126.856004203214951, 34.173665018163192 ], [ 126.847021214571996, 34.166927755795193 ] ] ] } },
{ "type": "Feature", "properties": { }, "geometry": { "type": "Polygon", "coordinates": [ [ [ 125.915032567957638, 34.690188825152823 ], [ 125.924015528390257, 34.667731283221862 ], [ 125.935244386448971, 34.67446852938231 ], [ 125.937490081981522, 34.663239774489128 ], [ 125.953210397058996, 34.667731279099392 ], [ 125.955456160610552, 34.65650246619245 ], [ 125.968930721504776, 34.654256731403635 ], [ 126.016091542616792, 34.696926127664639 ], [ 125.97342219813244, 34.719383667709309 ], [ 125.964439153750689, 34.73285822806325 ], [ 125.946473136427656, 34.712646417850941 ], [ 125.921769780512747, 34.708154916132507 ], [ 125.915032567957638, 34.690188825152823 ] ] ] } },
{ "type": "Feature", "properties": { }, "geometry": { "type": "Polygon", "coordinates": [ [ [ 125.387279936971069, 34.643027962279426 ], [ 125.400754441669619, 34.625061962797844 ], [ 125.411983298566923, 34.625061888210865 ], [ 125.414228985218344, 34.640782187703834 ], [ 125.427703564978245, 34.64527374538487 ], [ 125.425457830645357, 34.658748273971156 ], [ 125.438932313128547, 34.660993982928645 ], [ 125.445669555863844, 34.678960074047147 ], [ 125.45689833818426, 34.681205806536646 ], [ 125.463635683848423, 34.690188857561566 ], [ 125.445669555863844, 34.690188877320267 ], [ 125.432195099155692, 34.681205787829867 ], [ 125.425457830645357, 34.687943071443748 ], [ 125.429949321153003, 34.696926066828482 ], [ 125.414228985218344, 34.699171869955023 ], [ 125.405246035655125, 34.690188790524672 ], [ 125.407491740122651, 34.683451585231964 ], [ 125.396262935656424, 34.663239762048732 ], [ 125.387279936971069, 34.658748252713735 ], [ 125.396262935656424, 34.647519505141105 ], [ 125.387279936971069, 34.643027962279426 ] ] ] } },
{ "type": "Feature", "properties": { }, "geometry": { "type": "Polygon", "coordinates": [ [ [ 127.695916840022917, 34.530740164810368 ], [ 127.716128663572405, 34.519511425693651 ], [ 127.727357447187572, 34.521757182971584 ], [ 127.727357447187572, 34.508282650671795 ], [ 127.738586199096204, 34.503791111493939 ], [ 127.731848971311777, 34.499299613074555 ], [ 127.770026778078375, 34.492562345899117 ], [ 127.767780991803278, 34.483579324593762 ], [ 127.792484360660509, 34.48357930573691 ], [ 127.801467345044784, 34.492562315376681 ], [ 127.796975877267116, 34.50154535850254 ], [ 127.772272572561278, 34.503791067314346 ], [ 127.779009843019722, 34.510528387151965 ], [ 127.756552265107885, 34.54646045111425 ], [ 127.729603164470888, 34.546460489291711 ], [ 127.695916840022917, 34.530740164810368 ] ] ] } },
{ "type": "Feature", "properties": { }, "geometry": { "type": "Polygon", "coordinates": [ [ [ 126.112659086145598, 34.618324664639879 ], [ 126.132870813729255, 34.611587378875392 ], [ 126.155328387030522, 34.616078870528142 ], [ 126.166557215963394, 34.62506193516213 ], [ 126.175540248268391, 34.620570425268035 ], [ 126.204735072370553, 34.636290715144376 ], [ 126.189014784898333, 34.636290661751637 ], [ 126.182277437717531, 34.652011035664124 ], [ 126.175540248268391, 34.645273745782028 ], [ 126.173294443100872, 34.6520109901982 ], [ 126.157574134080349, 34.649765228051116 ], [ 126.162065681170475, 34.658748277809991 ], [ 126.153082657662793, 34.669977052530456 ], [ 126.148591169152269, 34.660993977503232 ], [ 126.121642072492094, 34.652010957208056 ], [ 126.119396278333014, 34.643027972073355 ], [ 126.130625096126536, 34.643027985067611 ], [ 126.126133548610767, 34.622816144355312 ], [ 126.112659086145598, 34.618324664639879 ] ] ] } },
{ "type": "Feature", "properties": { }, "geometry": { "type": "Polygon", "coordinates": [ [ [ 126.061006639025422, 34.842900271934717 ], [ 126.078972732923305, 34.818196938350702 ], [ 126.096938742269046, 34.806968172386519 ], [ 126.099184522813033, 34.795739377354259 ], [ 126.121642072492094, 34.797985133225978 ], [ 126.123887801619816, 34.811459641204841 ], [ 126.114904826601276, 34.820442669065294 ], [ 126.123887801619816, 34.831671455694199 ], [ 126.150836863116268, 34.842900257870923 ], [ 126.135116632035874, 34.856374782202302 ], [ 126.159819898798332, 34.867603541557841 ], [ 126.150836863116268, 34.867603534511929 ], [ 126.148591169152269, 34.878832302617667 ], [ 126.13736238524659, 34.874340766364575 ], [ 126.123887801619816, 34.881078064478857 ], [ 126.11041328070003, 34.876586576974034 ], [ 126.117150584971256, 34.849637520910662 ], [ 126.108167576112436, 34.847391746683016 ], [ 126.085709944185822, 34.858620555255307 ], [ 126.061006639025422, 34.842900271934717 ] ] ] } },
{ "type": "Feature", "properties": { }, "geometry": { "type": "Polygon", "coordinates": [ [ [ 127.435409144273194, 34.517265672775991 ], [ 127.457866758454557, 34.501545331563619 ], [ 127.460112502177211, 34.494808071883298 ], [ 127.439900683659189, 34.492562298941138 ], [ 127.457866758454557, 34.474596291595411 ], [ 127.502781818606323, 34.485825049211805 ], [ 127.498290370428862, 34.499299566729249 ], [ 127.462358255954527, 34.506036896257697 ], [ 127.462358255954527, 34.512774154176448 ], [ 127.475832744780561, 34.512774166351434 ], [ 127.460112502177211, 34.524002906218676 ], [ 127.473587012364547, 34.526248649729702 ], [ 127.475832744780561, 34.535231698307037 ], [ 127.457866758454557, 34.539723213149855 ], [ 127.44439218229769, 34.519511372656005 ], [ 127.435409144273194, 34.517265672775991 ] ] ] } },
{ "type": "Feature", "properties": { }, "geometry": { "type": "Polygon", "coordinates": [ [ [ 126.624691356391594, 34.137732904524192 ], [ 126.635920108289042, 34.115275378317882 ], [ 126.647148903226793, 34.12201262678483 ], [ 126.64939465735857, 34.108538123356581 ], [ 126.660623485372625, 34.104046583319558 ], [ 126.66960645120939, 34.113029649389617 ], [ 126.667360728821819, 34.133241416608051 ], [ 126.674098022384243, 34.133241382446222 ], [ 126.678589487645752, 34.142224452848424 ], [ 126.66960645120939, 34.139978664896852 ], [ 126.653886210063405, 34.15794471761923 ], [ 126.678589487645752, 34.166927759321247 ], [ 126.680835283406481, 34.173664982895119 ], [ 126.647148903226793, 34.191631052604762 ], [ 126.644903163927395, 34.182648076193225 ], [ 126.633674361003216, 34.178156527039192 ], [ 126.633674361003216, 34.171419234853566 ], [ 126.642657439474377, 34.173665030617855 ], [ 126.647148903226793, 34.162436244198517 ], [ 126.624691356391594, 34.137732904524192 ] ] ] } },
{ "type": "Feature", "properties": { }, "geometry": { "type": "Polygon", "coordinates": [ [ [ 126.550581429585236, 34.182648019010458 ], [ 126.55731868427209, 34.180402267473617 ], [ 126.55731868427209, 34.173665045508891 ], [ 126.582022032036761, 34.164681988610681 ], [ 126.586513508315022, 34.166927782574781 ], [ 126.579776234300141, 34.173665019200108 ], [ 126.584267762576417, 34.180402273183418 ], [ 126.611216804442719, 34.17366503067008 ], [ 126.604479525411307, 34.19163105365994 ], [ 126.626937126311361, 34.189385321999744 ], [ 126.635920108289042, 34.196122567250761 ], [ 126.620199861452662, 34.196122592401814 ], [ 126.593250754189427, 34.21858017365566 ], [ 126.559564411605194, 34.225317447427408 ], [ 126.564055994712618, 34.211842846114585 ], [ 126.55731868427209, 34.209597111732101 ], [ 126.550581429585236, 34.182648019010458 ] ] ] } },
{ "type": "Feature", "properties": { }, "geometry": { "type": "Polygon", "coordinates": [ [ [ 126.750453671695325, 34.373537272969067 ], [ 126.777402788769535, 34.375783040604389 ], [ 126.768419687888013, 34.351079768099098 ], [ 126.777402788769535, 34.346588211296606 ], [ 126.781894259308288, 34.364554225309462 ], [ 126.793123057959107, 34.375783005692483 ], [ 126.815580633917932, 34.378028787375001 ], [ 126.822317873388386, 34.389257585424232 ], [ 126.838038116109843, 34.391503325699489 ], [ 126.849266920738714, 34.384766032951745 ], [ 126.864987245453051, 34.389257553792149 ], [ 126.849266920738714, 34.400486330222073 ], [ 126.849266920738714, 34.409469340206421 ], [ 126.835792396286607, 34.404977861546243 ], [ 126.822317873388386, 34.411715114369969 ], [ 126.822317873388386, 34.416206662183313 ], [ 126.840283931774223, 34.416206636205928 ], [ 126.829055155005079, 34.429681131304733 ], [ 126.831300915722764, 34.438664153382845 ], [ 126.781894259308288, 34.422943870274068 ], [ 126.750453671695325, 34.373537272969067 ] ] ] } },
{ "type": "Feature", "properties": { }, "geometry": { "type": "Polygon", "coordinates": [ [ [ 126.752699435714376, 34.328622153952239 ], [ 126.788631529338915, 34.310656100435388 ], [ 126.799860291362933, 34.317393372419886 ], [ 126.822317873388386, 34.317393370909947 ], [ 126.835792396286607, 34.310656121944042 ], [ 126.847021214571996, 34.292690083482483 ], [ 126.862741443997308, 34.303918891218046 ], [ 126.864987245453051, 34.315147594682799 ], [ 126.88070749576282, 34.303918852185902 ], [ 126.882953241156414, 34.324130693481344 ], [ 126.898673588702337, 34.326376388183952 ], [ 126.896427831467975, 34.337605196066278 ], [ 126.88070749576282, 34.330867954763782 ], [ 126.871724484845529, 34.34209669235657 ], [ 126.853758456128759, 34.344342466094638 ], [ 126.849266920738714, 34.339850944391884 ], [ 126.829055155005079, 34.351079682934433 ], [ 126.815580633917932, 34.333113637378396 ], [ 126.804351795249261, 34.328622160869024 ], [ 126.784139974561981, 34.337605176174762 ], [ 126.779648475914243, 34.330867932681471 ], [ 126.752699435714376, 34.328622153952239 ] ] ] } },
{ "type": "Feature", "properties": { }, "geometry": { "type": "Polygon", "coordinates": [ [ [ 127.094054328865525, 34.4656132723143 ], [ 127.098545812045998, 34.458875996209713 ], [ 127.112020390061886, 34.458876010963017 ], [ 127.114266140980106, 34.452138712004036 ], [ 127.100791571927886, 34.43866419141257 ], [ 127.112020390061886, 34.443155661827312 ], [ 127.125494913145417, 34.425189619581282 ], [ 127.141215191957599, 34.416206628867087 ], [ 127.150198237683256, 34.425189636135478 ], [ 127.172655782680579, 34.429681190825484 ], [ 127.210833577500551, 34.427435435833253 ], [ 127.237782633877146, 34.472350546294862 ], [ 127.219816603581833, 34.490316621710797 ], [ 127.206342133582211, 34.490316566161368 ], [ 127.17714728598672, 34.485825082090898 ], [ 127.138969460340434, 34.470104789525429 ], [ 127.123249101876297, 34.483579330048535 ], [ 127.114266140980106, 34.483579326379946 ], [ 127.116511903995416, 34.476842033012723 ], [ 127.105283046380862, 34.465613249299736 ], [ 127.094054328865525, 34.4656132723143 ] ] ] } },
{ "type": "Feature", "properties": { }, "geometry": { "type": "Polygon", "coordinates": [ [ [ 125.888083441645364, 34.730612484426459 ], [ 125.910540994250994, 34.717137912637533 ], [ 125.944227365236017, 34.721629437579139 ], [ 125.930752802921532, 34.753070037264429 ], [ 125.953210397058996, 34.762052989048392 ], [ 125.97791366660968, 34.753069991274344 ], [ 125.982405209893471, 34.766544523281524 ], [ 125.998125493054772, 34.759807273965784 ], [ 126.000371298506394, 34.768790302096306 ], [ 125.989142457218904, 34.771036039612774 ], [ 126.00261703949424, 34.7845105551948 ], [ 125.998125493054772, 34.802476614131024 ], [ 125.975667964544016, 34.80023086361431 ], [ 125.964439153750689, 34.786756339827491 ], [ 125.950964652350748, 34.78675635547885 ], [ 125.950964652350748, 34.780019036591405 ], [ 125.919524051659749, 34.773281804352237 ], [ 125.899312269542122, 34.777773289259486 ], [ 125.903803735311499, 34.768790299955924 ], [ 125.890329235364334, 34.764298790515703 ], [ 125.897066482237847, 34.759807240179377 ], [ 125.888083441645364, 34.730612484426459 ] ] ] } },
{ "type": "Feature", "properties": { }, "geometry": { "type": "Polygon", "coordinates": [ [ [ 127.44439218229769, 34.449892996142729 ], [ 127.451129506324222, 34.443155677621284 ], [ 127.4848157739263, 34.440909937796384 ], [ 127.462358255954527, 34.436418437217874 ], [ 127.489307347992778, 34.425189623671635 ], [ 127.489307347992778, 34.409469339648545 ], [ 127.531976653822255, 34.416206643444752 ], [ 127.538713911585148, 34.425189670762805 ], [ 127.538713911585148, 34.440909970340265 ], [ 127.525239401374606, 34.447647209709004 ], [ 127.507273387358438, 34.470104747186845 ], [ 127.502781818606323, 34.470104814839566 ], [ 127.507273387358438, 34.461121719849388 ], [ 127.498290370428862, 34.463367479980697 ], [ 127.491553068467482, 34.454384454059934 ], [ 127.4848157739263, 34.454384468320256 ], [ 127.487061556013344, 34.463367544933661 ], [ 127.471341289924595, 34.461121722713642 ], [ 127.457866758454557, 34.470104760821805 ], [ 127.455620943375976, 34.456630265364439 ], [ 127.44439218229769, 34.449892996142729 ] ] ] } },
{ "type": "Feature", "properties": { }, "geometry": { "type": "Polygon", "coordinates": [ [ [ 126.862741443997308, 34.369045739546955 ], [ 126.869478724842807, 34.362308528993324 ], [ 126.873970258368175, 34.371291494832811 ], [ 126.869478724842807, 34.375783060344844 ], [ 126.882953241156414, 34.378028831563157 ], [ 126.887444772294927, 34.353325488038742 ], [ 126.909902328897743, 34.348833954615166 ], [ 126.930114110286382, 34.362308473590787 ], [ 126.945834439663088, 34.362308471298682 ], [ 126.948080159731944, 34.366800052979713 ], [ 126.939097194024228, 34.375783048709486 ], [ 126.952571721077149, 34.398240568758744 ], [ 126.945834439663088, 34.40722360169822 ], [ 126.934605625852555, 34.382520328531513 ], [ 126.898673588702337, 34.398240572269088 ], [ 126.878461763838288, 34.395994805159923 ], [ 126.869478724842807, 34.404977873034468 ], [ 126.862741443997308, 34.402732126792458 ], [ 126.871724484845529, 34.387011800604412 ], [ 126.862741443997308, 34.369045739546955 ] ] ] } },
{ "type": "Feature", "properties": { }, "geometry": { "type": "Polygon", "coordinates": [ [ [ 126.63816587047215, 34.373537286985183 ], [ 126.644903163927395, 34.344342488437469 ], [ 126.642657439474377, 34.319639144045873 ], [ 126.651640426308759, 34.321884911105009 ], [ 126.66960645120939, 34.308410335036918 ], [ 126.689818283482566, 34.31514759926295 ], [ 126.703292809402441, 34.303918880491771 ], [ 126.683081011503916, 34.299427373364473 ], [ 126.685326754225059, 34.28819856053812 ], [ 126.736979140178306, 34.279215510578382 ], [ 126.732487661768189, 34.294935850563753 ], [ 126.743716382841555, 34.285952815718339 ], [ 126.772911210134453, 34.279215567796804 ], [ 126.77515703350744, 34.283707023780003 ], [ 126.759436730796693, 34.292690058877021 ], [ 126.770665483055197, 34.3039188188339 ], [ 126.745962186359421, 34.308410331491309 ], [ 126.745962186359421, 34.324130665437877 ], [ 126.734733393812121, 34.328622146262461 ], [ 126.723504630340059, 34.378028783392054 ], [ 126.692064069990977, 34.39374910335853 ], [ 126.65613192628274, 34.389257577732188 ], [ 126.63816587047215, 34.373537286985183 ] ] ] } },
{ "type": "Feature", "properties": { }, "geometry": { "type": "Polygon", "coordinates": [ [ [ 126.988503786114464, 34.353325484232961 ], [ 127.017698572824145, 34.346588225657889 ], [ 127.028927391649319, 34.339850918199957 ], [ 127.024435858998373, 34.333113708368941 ], [ 127.033418892784695, 34.326376415010692 ], [ 127.049139173549889, 34.335359434218795 ], [ 127.046893451802163, 34.324130656121866 ], [ 127.035664621266008, 34.315147611552298 ], [ 127.040156197794204, 34.30167305795981 ], [ 127.058122185219617, 34.324130674858679 ], [ 127.078334032196736, 34.330867905568844 ], [ 127.060367969236921, 34.33086789706266 ], [ 127.069350983692019, 34.339850944505343 ], [ 127.096300064353898, 34.328622175267903 ], [ 127.100791571927886, 34.333113671994944 ], [ 127.071596747775004, 34.355571264614248 ], [ 127.04240196391288, 34.348833987655397 ], [ 127.04464766065756, 34.362308535706781 ], [ 127.033418892784695, 34.371291520825793 ], [ 127.013207084703382, 34.366800047114758 ], [ 127.01545286338721, 34.362308470803782 ], [ 127.004224097009484, 34.353325446962565 ], [ 126.988503786114464, 34.353325484232961 ] ] ] } },
{ "type": "Feature", "properties": { }, "geometry": { "type": "Polygon", "coordinates": [ [ [ 126.157574134080349, 35.085441822789001 ], [ 126.168802968361021, 35.078704552422387 ], [ 126.162065681170475, 35.065230026679068 ], [ 126.202489288390211, 35.058492765824731 ], [ 126.195752040953423, 35.049509739179186 ], [ 126.206980790930317, 35.038280959488901 ], [ 126.211472280190691, 35.051755526306486 ], [ 126.233929855035612, 35.051755489828722 ], [ 126.238421345336789, 35.042772521382922 ], [ 126.23168409432806, 35.036035260396453 ], [ 126.256387414151959, 35.015823386934549 ], [ 126.265370404126102, 35.018069152115032 ], [ 126.267616173579, 35.029297967174301 ], [ 126.274353501331461, 35.031543688788638 ], [ 126.256387414151959, 35.058492794235917 ], [ 126.236175632970131, 35.058492796473026 ], [ 126.218209561421332, 35.074213093564801 ], [ 126.222701058451577, 35.083196108285236 ], [ 126.238421345336789, 35.083196086799695 ], [ 126.24515866837784, 35.089933368395648 ], [ 126.238421345336789, 35.096670598576431 ], [ 126.227192624649817, 35.089933361214484 ], [ 126.229438350861486, 35.096670658728343 ], [ 126.220455301283465, 35.101162132115526 ], [ 126.184523230216953, 35.105653685081556 ], [ 126.173294443100872, 35.103407888809407 ], [ 126.157574134080349, 35.085441822789001 ] ] ] } },
{ "type": "Feature", "properties": { }, "geometry": { "type": "Polygon", "coordinates": [ [ [ 125.96668492824557, 34.87209507159946 ], [ 125.980159470436121, 34.867603526174065 ], [ 125.982405209893471, 34.860866243909463 ], [ 126.007108494107612, 34.858620514531147 ], [ 126.031811862173143, 34.881078054786641 ], [ 126.025074554765382, 34.860866311272574 ], [ 126.045286392216013, 34.845145982092596 ], [ 126.049777882904223, 34.847391754274739 ], [ 126.045286392216042, 34.858620542872416 ], [ 126.065498219343851, 34.854129012908579 ], [ 126.072235435894456, 34.86311205535528 ], [ 126.087955717454918, 34.865357773057404 ], [ 126.081218451906054, 34.876586595783394 ], [ 126.083464188998235, 34.890061075052621 ], [ 126.099184522813033, 34.905781419886694 ], [ 126.087955717454918, 34.912518649322983 ], [ 126.092447235244308, 34.919255921924467 ], [ 126.078972732923305, 34.919255926909926 ], [ 126.076726949109826, 34.930484668188761 ], [ 126.056515131599483, 34.934976249618586 ], [ 126.063252461564289, 34.917010153403012 ], [ 126.05876091768053, 34.908027170341107 ], [ 126.038549086102492, 34.919255936219123 ], [ 126.027320333157391, 34.905781359742477 ], [ 126.016091542616792, 34.912518665220738 ], [ 126.009354290735772, 34.894552609106562 ], [ 125.991388271299201, 34.874340765932864 ], [ 125.96668492824557, 34.87209507159946 ] ] ] } },
{ "type": "Feature", "properties": { }, "geometry": { "type": "Polygon", "coordinates": [ [ [ 126.038549086102492, 35.065230069611694 ], [ 126.049777882904223, 35.056246992455748 ], [ 126.056515131599483, 35.058492813159269 ], [ 126.05876091768053, 35.051755490534418 ], [ 126.063252461564289, 35.065230040295546 ], [ 126.072235435894456, 35.06298427337029 ], [ 126.083464188998235, 35.049509763980218 ], [ 126.099184522813033, 35.045018252195142 ], [ 126.105921806558101, 35.049509757724074 ], [ 126.101430238431789, 35.054001274493977 ], [ 126.117150584971256, 35.0584927434547 ], [ 126.112659086145598, 35.06523002445897 ], [ 126.121642072492094, 35.074213083157254 ], [ 126.103676054969142, 35.085441823265526 ], [ 126.11041328070003, 35.089933391771254 ], [ 126.119396278333014, 35.078704594109176 ], [ 126.117150584971256, 35.116882454632254 ], [ 126.123887801619816, 35.128111208161712 ], [ 126.164311398322383, 35.143831526030318 ], [ 126.144099668646064, 35.137094199007585 ], [ 126.117150584971256, 35.139340011111571 ], [ 126.114904826601276, 35.13035692872662 ], [ 126.083464188998235, 35.105653682007009 ], [ 126.049777882904223, 35.101162163855477 ], [ 126.052023614197381, 35.094424869940561 ], [ 126.040794891799834, 35.078704576352521 ], [ 126.061006639025422, 35.071967328289496 ], [ 126.038549086102492, 35.065230069611694 ] ] ] } },
{ "type": "Feature", "properties": { }, "geometry": { "type": "Polygon", "coordinates": [ [ [ 127.71163709618105, 34.613833155853186 ], [ 127.736340448085045, 34.602604374020004 ], [ 127.752060718867156, 34.586884111306688 ], [ 127.794730074417444, 34.580146793950341 ], [ 127.805958844915025, 34.586884120709037 ], [ 127.805958844914997, 34.593621379506935 ], [ 127.792484360660509, 34.600358571480108 ], [ 127.794730074417458, 34.618324648138397 ], [ 127.801467345044784, 34.625061904489492 ], [ 127.796975877267116, 34.638536471539524 ], [ 127.805958844915025, 34.652011031411213 ], [ 127.796975877267116, 34.656502463501319 ], [ 127.799221607137426, 34.663239758605371 ], [ 127.779009843019722, 34.674468537470304 ], [ 127.783501343430558, 34.681205805546554 ], [ 127.779009843019722, 34.690188805276726 ], [ 127.767780991803278, 34.687943097140867 ], [ 127.763289524999493, 34.696926137399501 ], [ 127.779009843019722, 34.705909119089824 ], [ 127.779009843019722, 34.69468030274038 ], [ 127.790238573946809, 34.69243463167885 ], [ 127.783501343430558, 34.714892116200097 ], [ 127.738586199096204, 34.726120937865723 ], [ 127.745323502460408, 34.708154840145177 ], [ 127.756552265107885, 34.714892174771137 ], [ 127.756552265107885, 34.683451554947595 ], [ 127.770026778078375, 34.67671427609357 ], [ 127.747569205893285, 34.669977046002195 ], [ 127.718374419509189, 34.6430279848894 ], [ 127.722865875808253, 34.629553437705184 ], [ 127.71163709618105, 34.613833155853186 ] ] ] } },
{ "type": "Feature", "properties": { }, "geometry": { "type": "Polygon", "coordinates": [ [ [ 126.229438350861486, 34.854129004623992 ], [ 126.265370404126088, 34.838408743396975 ], [ 126.269861960063878, 34.845146010868319 ], [ 126.285582279339124, 34.851883202658669 ], [ 126.292319517755615, 34.847391723206151 ], [ 126.308039779839788, 34.858620507465503 ], [ 126.314777027335069, 34.847391741498164 ], [ 126.343971878855328, 34.842900219729877 ], [ 126.346217657771106, 34.829425717213766 ], [ 126.330497388896788, 34.818196897922569 ], [ 126.352954928610146, 34.813705395596024 ], [ 126.373166723699853, 34.842900249253553 ], [ 126.361937912375367, 34.86086625164301 ], [ 126.377658231059186, 34.872095018685201 ], [ 126.366429420590251, 34.874340844654988 ], [ 126.355200691100165, 34.86086628705236 ], [ 126.323760120750222, 34.860866296342842 ], [ 126.323760120750222, 34.869849307724955 ], [ 126.317022837603389, 34.87434078669142 ], [ 126.321514342975689, 34.878832329108675 ], [ 126.355200691100165, 34.890061098156856 ], [ 126.343971878855328, 34.901289900083924 ], [ 126.314777027335069, 34.908027149732995 ], [ 126.305794036689704, 34.917010153697724 ], [ 126.283336456734773, 34.910272887836939 ], [ 126.303548310353477, 34.892306879901582 ], [ 126.292319517755615, 34.87658656102176 ], [ 126.296810984214034, 34.869849275724199 ], [ 126.292319517755615, 34.867603503784338 ], [ 126.283336456734773, 34.876586573205884 ], [ 126.285582279339124, 34.86086624454726 ], [ 126.272107680822145, 34.869849331401248 ], [ 126.26087891637205, 34.856374751241987 ], [ 126.233929855035612, 34.860866243127816 ], [ 126.229438350861486, 34.854129004623992 ] ] ] } },
{ "type": "Feature", "properties": { }, "geometry": { "type": "Polygon", "coordinates": [ [ [ 126.090201508791495, 34.413960858469629 ], [ 126.119396278333014, 34.375783081201781 ], [ 126.128379313451006, 34.375783057676387 ], [ 126.117150584971256, 34.40497784502606 ], [ 126.135116632035874, 34.411715140943613 ], [ 126.128379313451006, 34.402732125096506 ], [ 126.155328387030522, 34.384766070919966 ], [ 126.146345410032595, 34.382520259033129 ], [ 126.128379313451006, 34.357817021872158 ], [ 126.146345410032595, 34.353325457595822 ], [ 126.146345410032595, 34.360062754985655 ], [ 126.153082657662793, 34.362308491296211 ], [ 126.168802968361021, 34.346588200803573 ], [ 126.173294443100872, 34.351079691783447 ], [ 126.184523230216953, 34.346588241016157 ], [ 126.213718050863392, 34.357816974267166 ], [ 126.20024352181791, 34.364554227758681 ], [ 126.204735072370553, 34.366800032398409 ], [ 126.220455301283465, 34.362308538214549 ], [ 126.233929855035612, 34.369045789927888 ], [ 126.236175632970131, 34.364554229478202 ], [ 126.267616173579, 34.37578303958297 ], [ 126.26312465171911, 34.382520307580059 ], [ 126.269861960063878, 34.391503307881258 ], [ 126.283336456734773, 34.389257548613891 ], [ 126.296810984214034, 34.398240574262935 ], [ 126.296810984214034, 34.404977886507602 ], [ 126.303548310353477, 34.402732092233535 ], [ 126.303548310353477, 34.409469376840391 ], [ 126.31028553978976, 34.404977900549611 ], [ 126.31028553978976, 34.418452402595818 ], [ 126.321514342975689, 34.425189661592945 ], [ 126.317022837603389, 34.409469348430882 ], [ 126.323760120750222, 34.398240549673417 ], [ 126.33948037081062, 34.402732105702327 ], [ 126.36418365824531, 34.440909968847436 ], [ 126.359692182994308, 34.456630265183115 ], [ 126.370920994649111, 34.463367520688564 ], [ 126.357446387463881, 34.474596333541058 ], [ 126.36418365824531, 34.479087841752076 ], [ 126.379904009339839, 34.474596286591137 ], [ 126.37541246917452, 34.494808075783624 ], [ 126.382149721377033, 34.499299611744576 ], [ 126.330497388896788, 34.548706187708561 ], [ 126.314777027335069, 34.541968996086403 ], [ 126.305794036689704, 34.54646048695566 ], [ 126.305794036689704, 34.557689217543654 ], [ 126.292319517755615, 34.571163786741202 ], [ 126.25189589756306, 34.582392572603766 ], [ 126.242912904443855, 34.577901079197268 ], [ 126.240667157685792, 34.564426489276848 ], [ 126.265370404126102, 34.559934988556229 ], [ 126.272107680822145, 34.528494429950179 ], [ 126.26087891637205, 34.526248644742594 ], [ 126.26312465171911, 34.517265669784905 ], [ 126.24515866837784, 34.517265620990493 ], [ 126.240667157685792, 34.508282577005254 ], [ 126.229438350861486, 34.512774149513085 ], [ 126.23168409432806, 34.530740150134982 ], [ 126.227192624649817, 34.535231648629136 ], [ 126.227192624649817, 34.528494428220277 ], [ 126.211472280190691, 34.521757142548466 ], [ 126.222701058451577, 34.515019919842565 ], [ 126.197997772667648, 34.503791080547742 ], [ 126.218209561421332, 34.497053834879146 ], [ 126.218209561421332, 34.479087788271642 ], [ 126.229438350861486, 34.476842034104671 ], [ 126.242912904443855, 34.483579299399068 ], [ 126.227192624649817, 34.467859036801293 ], [ 126.213718050863392, 34.470104779467498 ], [ 126.222701058451577, 34.456630233131989 ], [ 126.211472280190691, 34.422943948884338 ], [ 126.195752040953423, 34.409469393399732 ], [ 126.189014784898333, 34.41620659210151 ], [ 126.202489288390211, 34.425189629128056 ], [ 126.20024352181791, 34.454384513583108 ], [ 126.209226526875, 34.465613261065002 ], [ 126.206980790930317, 34.492562314155791 ], [ 126.202489288390211, 34.494808059691309 ], [ 126.193506243859957, 34.483579334237007 ], [ 126.189014784898333, 34.49480804970144 ], [ 126.191260464225621, 34.512774122072983 ], [ 126.173294443100872, 34.492562337016267 ], [ 126.182277437717531, 34.474596329373206 ], [ 126.164311398322383, 34.465613283461956 ], [ 126.162065681170475, 34.48133356630759 ], [ 126.139608156241508, 34.465613256822373 ], [ 126.121642072492094, 34.461121722604929 ], [ 126.117150584971256, 34.454384487316993 ], [ 126.130625096126536, 34.438664178335827 ], [ 126.108167576112436, 34.4431556829051 ], [ 126.103676054969142, 34.434172640303927 ], [ 126.096938742269046, 34.434172668179308 ], [ 126.099184522813033, 34.427435386218072 ], [ 126.092447235244308, 34.422943938498108 ], [ 126.096938742269046, 34.418452375791269 ], [ 126.090201508791495, 34.413960858469629 ] ] ] } },
{ "type": "Feature", "properties": { }, "geometry": { "type": "Polygon", "coordinates": [ [ [ 127.704899849875758, 34.92823892432591 ], [ 127.729603164470888, 34.957433763467456 ], [ 127.738586199096204, 34.955188045237009 ], [ 127.752060718867128, 34.964171035962679 ], [ 127.752060718867156, 34.957433789888995 ], [ 127.799221607137426, 34.959679509715393 ], [ 127.803713090975307, 34.979891340601867 ], [ 127.799221607137426, 34.993365837107305 ], [ 127.785747105837046, 35.015823426043319 ], [ 127.718374419509189, 35.069721555700781 ], [ 127.716128663572405, 35.094424894357793 ], [ 127.698162599826532, 35.114636644652478 ], [ 127.646510226761961, 35.150568762745088 ], [ 127.63752715793359, 35.231415958410679 ], [ 127.608332350626299, 35.256119314522103 ], [ 127.608332350626299, 35.269593842135393 ], [ 127.61731535446053, 35.276331097644444 ], [ 127.538713911585148, 35.323491979023714 ], [ 127.480324320881039, 35.332474993926681 ], [ 127.462358255954527, 35.323491924332032 ], [ 127.424180433829136, 35.287559871527371 ], [ 127.289435050148342, 35.283068350990291 ], [ 127.260240193709734, 35.301034385124304 ], [ 127.240028469587145, 35.292051326180932 ], [ 127.206342133582211, 35.303280125106241 ], [ 127.168164244638689, 35.280822620636648 ], [ 127.129986408158757, 35.283068334621667 ], [ 127.100791571927886, 35.301034401571542 ], [ 127.107528842750838, 35.319000407315009 ], [ 127.096300064353898, 35.357178320464882 ], [ 127.078334032196736, 35.357178281523794 ], [ 127.071596747775004, 35.370652816387917 ], [ 127.085071263687539, 35.381881623184675 ], [ 127.087317032073415, 35.404339176416975 ], [ 127.080579763735201, 35.422305181138746 ], [ 127.064859492623683, 35.431288249214987 ], [ 127.040156197794232, 35.431288214419219 ], [ 127.017698572824145, 35.408830655924959 ], [ 127.010961318709747, 35.381881628059112 ], [ 126.99973259763965, 35.377390109995794 ], [ 126.968291981118909, 35.38861890830097 ], [ 126.950325974874588, 35.422305202032057 ], [ 126.930114110286382, 35.440271240346519 ], [ 126.887444772294927, 35.460483082984339 ], [ 126.867232978373977, 35.462728820062189 ], [ 126.849266920738714, 35.447008545823337 ], [ 126.822317873388386, 35.451500057835382 ], [ 126.797614560325755, 35.442516986813963 ], [ 126.79087728665256, 35.397601896281358 ], [ 126.770665483055197, 35.384127336533737 ], [ 126.772911210134453, 35.363915542152142 ], [ 126.763928222142013, 35.34594949362701 ], [ 126.705538600849394, 35.327983464273444 ], [ 126.678589487645752, 35.30777170299671 ], [ 126.644903163927395, 35.314508942567834 ], [ 126.620199861452662, 35.296542905601797 ], [ 126.575284766921314, 35.29429708238635 ], [ 126.570793195712483, 35.330229233707641 ], [ 126.586513508315022, 35.390864657946018 ], [ 126.577530451785449, 35.404339146578707 ], [ 126.458505409392515, 35.375144356766313 ], [ 126.406853053135976, 35.370652845110214 ], [ 126.39562425433212, 35.366161291787812 ], [ 126.37541246917452, 35.323491957078772 ], [ 126.373166723699853, 35.310017410389563 ], [ 126.382149721377033, 35.294297158157526 ], [ 126.37541246917452, 35.283068326922326 ], [ 126.343971878855328, 35.271839580932522 ], [ 126.33274315074118, 35.258365017253375 ], [ 126.341726116530495, 35.249382013414959 ], [ 126.337234641709642, 35.23815322910346 ], [ 126.326005832545391, 35.238153270416504 ], [ 126.308039779839788, 35.249382046891995 ], [ 126.296810984214034, 35.231415946238918 ], [ 126.317022837603389, 35.206712666407597 ], [ 126.334988846564883, 35.204466929772565 ], [ 126.33274315074118, 35.211204182171464 ], [ 126.33948037081062, 35.213449924686785 ], [ 126.346217657771106, 35.199975366949822 ], [ 126.377658231059186, 35.206712623762982 ], [ 126.366429420590251, 35.182009382116171 ], [ 126.355200691100165, 35.177517797332861 ], [ 126.359692182994308, 35.170780542072286 ], [ 126.366429420590265, 35.175272090686256 ], [ 126.370920994649111, 35.168534776813331 ], [ 126.379904009339839, 35.168534781047384 ], [ 126.370920994649111, 35.152814477096001 ], [ 126.377658231059186, 35.152814545452529 ], [ 126.388887038288587, 35.132602710243994 ], [ 126.393378526877711, 35.134848501912984 ], [ 126.420327585404394, 35.10340790484706 ], [ 126.458505409392515, 35.096670634841338 ], [ 126.456259643540932, 35.083196129126755 ], [ 126.438293596398807, 35.080950319331613 ], [ 126.460751191171354, 35.067475787221468 ], [ 126.422573342323474, 35.042772456318701 ], [ 126.418081844635424, 35.036035233278142 ], [ 126.424819115378639, 35.024806410313296 ], [ 126.404607326949971, 35.022560703877573 ], [ 126.393378526877711, 35.03828094523444 ], [ 126.397869998080523, 35.045018243469286 ], [ 126.391132733115512, 35.0540012536201 ], [ 126.404607326949971, 35.054001220014896 ], [ 126.397869998080523, 35.069721547090708 ], [ 126.382149721377033, 35.062984265671233 ], [ 126.391132733115512, 35.078704561328344 ], [ 126.379904009339839, 35.076458824027057 ], [ 126.37541246917452, 35.05849275479008 ], [ 126.366429420590265, 35.058492779543201 ], [ 126.361937912375367, 35.071967303073059 ], [ 126.346217657771106, 35.071967343161603 ], [ 126.341726116530523, 35.078704621797989 ], [ 126.350709182660054, 35.080950323343075 ], [ 126.352954928610146, 35.094424893032162 ], [ 126.341726116530523, 35.089933364395016 ], [ 126.33274315074118, 35.094424875877266 ], [ 126.34846337060182, 35.152814544487285 ], [ 126.326005832545391, 35.143831470689456 ], [ 126.330497388896788, 35.132602721974287 ], [ 126.317022837603389, 35.112390944524151 ], [ 126.31028553978976, 35.112390940892638 ], [ 126.308039779839788, 35.13484849496399 ], [ 126.281090733804291, 35.132602726075355 ], [ 126.272107680822145, 35.14607724170385 ], [ 126.258633198098863, 35.137094236648188 ], [ 126.26087891637205, 35.130356937151177 ], [ 126.254141647302063, 35.130356953165808 ], [ 126.24515866837784, 35.107899426083378 ], [ 126.258633198098863, 35.103407900930542 ], [ 126.258633198098863, 35.087687574159169 ], [ 126.267616173579, 35.080950361729776 ], [ 126.276599256091089, 35.083196110684327 ], [ 126.285582279339124, 35.071967277940971 ], [ 126.278844945094335, 35.06298429665155 ], [ 126.269861960063878, 35.071967310447505 ], [ 126.26312465171911, 35.051755496419013 ], [ 126.269861960063878, 35.047263966029647 ], [ 126.290073727133489, 35.056247044879065 ], [ 126.299056742747567, 35.038280989056133 ], [ 126.314777027335069, 35.049509786931004 ], [ 126.303548310353477, 35.058492770926236 ], [ 126.314777027335069, 35.067475789473953 ], [ 126.294565242545374, 35.094424845917366 ], [ 126.312531316525693, 35.089933334532624 ], [ 126.314777027335069, 35.078704614114898 ], [ 126.33274315074118, 35.080950349130944 ], [ 126.341726116530523, 35.062984324829614 ], [ 126.334988846564883, 35.056247005534424 ], [ 126.34846337060182, 35.051755525927419 ], [ 126.350709182660054, 35.036035222354549 ], [ 126.373166723699853, 35.042772472118465 ], [ 126.384395532410252, 35.027052189297137 ], [ 126.382149721377033, 35.020314928088389 ], [ 126.334988846564883, 34.991120080211807 ], [ 126.352954928610146, 34.991120085300054 ], [ 126.355200691100165, 34.979891325965383 ], [ 126.33274315074118, 34.966416790126196 ], [ 126.321514342975689, 34.977645566915314 ], [ 126.314777027335069, 34.973154102649488 ], [ 126.314777027335069, 34.984382863093344 ], [ 126.301302518132047, 34.973154036159237 ], [ 126.301302518132047, 34.957433742489314 ], [ 126.312531316525693, 34.946204960505113 ], [ 126.334988846564883, 34.955188027040904 ], [ 126.330497388896788, 34.94171350427623 ], [ 126.31028553978976, 34.930484741200239 ], [ 126.31028553978976, 34.923747423961032 ], [ 126.326005832545391, 34.92599318608336 ], [ 126.330497388896788, 34.917010151215067 ], [ 126.352954928610146, 34.914764390558261 ], [ 126.357446387463881, 34.92150167516148 ], [ 126.366429420590265, 34.919255927548676 ], [ 126.370920994649111, 34.93722193049102 ], [ 126.36418365824531, 34.943959266398181 ], [ 126.368675199396179, 34.957433785324341 ], [ 126.36418365824531, 34.966416793637414 ], [ 126.373166723699853, 34.993365849679904 ], [ 126.386641277176921, 34.964171032947569 ], [ 126.391132733115512, 34.991120089631991 ], [ 126.40236153440344, 34.997857407641142 ], [ 126.415836037441593, 34.988874336027727 ], [ 126.415836037441593, 34.982137089701844 ], [ 126.429310627267199, 34.984382828455949 ], [ 126.442785136007231, 34.973154055229635 ], [ 126.418081844635424, 34.96641681305632 ], [ 126.397869998080523, 34.950696529796325 ], [ 126.391132733115512, 34.952942295650011 ], [ 126.393378526877711, 34.934976235677098 ], [ 126.400115758108939, 34.932730475737792 ], [ 126.391132733115512, 34.91925593614058 ], [ 126.39562425433212, 34.903535619047425 ], [ 126.384395532410252, 34.883323842565453 ], [ 126.39562425433212, 34.881078085142512 ], [ 126.393378526877711, 34.865357750867005 ], [ 126.411344554181071, 34.842900217389939 ], [ 126.397869998080523, 34.83616295330814 ], [ 126.391132733115512, 34.822688408217921 ], [ 126.384395532410252, 34.824934153752778 ], [ 126.370920994649111, 34.800230856044273 ], [ 126.355200691100165, 34.797985069281978 ], [ 126.355200691100165, 34.791247832562512 ], [ 126.368675199396179, 34.780019068530102 ], [ 126.400115758108939, 34.782264830205619 ], [ 126.406853053135976, 34.791247814611644 ], [ 126.420327585404394, 34.791247836153879 ], [ 126.436047891939523, 34.80472241078467 ], [ 126.474225720382208, 34.806968123138539 ], [ 126.487700242055226, 34.818196917657779 ], [ 126.494437509531409, 34.813705437460925 ], [ 126.483208726667272, 34.793493579713292 ], [ 126.485454517731867, 34.786756325619386 ], [ 126.494437509531409, 34.786756321040144 ], [ 126.494437509531409, 34.777773291690522 ], [ 126.501174753481507, 34.773281794907604 ], [ 126.505666272876326, 34.780019114119092 ], [ 126.512403586850994, 34.777773312273276 ], [ 126.525878141165634, 34.800230859527403 ], [ 126.523632315705626, 34.824934161149258 ], [ 126.534861103438132, 34.854129002467026 ], [ 126.51689509761836, 34.903535656947781 ], [ 126.521386588265955, 34.908027152109128 ], [ 126.537106923979707, 34.892306846423985 ], [ 126.552827193250607, 34.887815303152195 ], [ 126.577530451785421, 34.908027172054254 ], [ 126.588759269238494, 34.881078065667033 ], [ 126.561810236710514, 34.851883267537524 ], [ 126.579776234300141, 34.838408706679644 ], [ 126.577530451785421, 34.833917227493586 ], [ 126.561810236710514, 34.82942568518699 ], [ 126.588759269238494, 34.818196945947989 ], [ 126.588759269238494, 34.809213889961768 ], [ 126.611216804442719, 34.806968126813445 ], [ 126.631428628628683, 34.822688398936116 ], [ 126.642657439474377, 34.818196905948895 ], [ 126.640411647538571, 34.809213893416327 ], [ 126.624691356391594, 34.809213909784397 ], [ 126.617954054093616, 34.802476635834978 ], [ 126.635920108289042, 34.793493578696896 ], [ 126.635920108289042, 34.786756342753087 ], [ 126.629182828823929, 34.782264820622331 ], [ 126.591005045332977, 34.789002113250895 ], [ 126.597742299722213, 34.762053021754348 ], [ 126.586513508315022, 34.771036079207761 ], [ 126.582022032036761, 34.793493620724369 ], [ 126.561810236710514, 34.809213873565902 ], [ 126.548335681313532, 34.80696812293494 ], [ 126.523632315705626, 34.784510610943883 ], [ 126.519140876391774, 34.762052997943741 ], [ 126.53036959127779, 34.746332739729858 ], [ 126.523632315705626, 34.744087022586221 ], [ 126.498929017299204, 34.755315741266536 ], [ 126.507912056060917, 34.744086977019883 ], [ 126.485454517731867, 34.746332747774765 ], [ 126.467488466866257, 34.773281794318386 ], [ 126.451768159675382, 34.755315750276488 ], [ 126.440539399468193, 34.757561536714071 ], [ 126.449522441689368, 34.746332743395321 ], [ 126.436047891939523, 34.74857849617932 ], [ 126.427064821979258, 34.768790329773502 ], [ 126.422573342323474, 34.750824225109604 ], [ 126.411344554181071, 34.75531577431844 ], [ 126.409098795550989, 34.766544525521503 ], [ 126.382149721377033, 34.768790302751398 ], [ 126.377658231059186, 34.744086949508343 ], [ 126.361937912375367, 34.741841195225859 ], [ 126.384395532410252, 34.728366636483955 ], [ 126.406853053135976, 34.741841185434062 ], [ 126.427064821979258, 34.739595461096712 ], [ 126.427064821979258, 34.735103994711487 ], [ 126.445030888566407, 34.739595464926708 ], [ 126.449522441689368, 34.728366689246009 ], [ 126.485454517731867, 34.735103966903132 ], [ 126.503420587838619, 34.728366656558613 ], [ 126.505666272876326, 34.719383699323096 ], [ 126.525878141165634, 34.701417615249312 ], [ 126.537106923979707, 34.676714275004876 ], [ 126.559564411605194, 34.674468579326486 ], [ 126.552827193250607, 34.660993999712503 ], [ 126.559564411605194, 34.64976521309886 ], [ 126.620199861452662, 34.627307692604276 ], [ 126.611216804442719, 34.62057038690773 ], [ 126.579776234300141, 34.625061894624366 ], [ 126.550581429585236, 34.631799154926405 ], [ 126.54608994844952, 34.640782216351639 ], [ 126.523632315705626, 34.643027948475556 ], [ 126.519140876391774, 34.638536440588375 ], [ 126.532615380839644, 34.631799211439507 ], [ 126.525878141165634, 34.620570361565605 ], [ 126.507912056060917, 34.631799211107541 ], [ 126.451768159675382, 34.647519446496901 ], [ 126.449522441689368, 34.656502509153782 ], [ 126.440539399468193, 34.654256738166161 ], [ 126.431556366077515, 34.663239788525154 ], [ 126.451768159675382, 34.696926110526768 ], [ 126.438293596398807, 34.694680342670651 ], [ 126.433802120972956, 34.701417640755778 ], [ 126.427064821979258, 34.683451554798836 ], [ 126.411344554181071, 34.683451539289294 ], [ 126.413590329012223, 34.692434565273146 ], [ 126.400115758108939, 34.708154928218391 ], [ 126.386641277176921, 34.710400628523658 ], [ 126.384395532410252, 34.705909129208656 ], [ 126.400115758108939, 34.690188834173924 ], [ 126.388887038288587, 34.694680328373224 ], [ 126.39562425433212, 34.674468543759232 ], [ 126.386641277176921, 34.663239732827655 ], [ 126.384395532410252, 34.676714288678305 ], [ 126.373166723699853, 34.678960090183708 ], [ 126.37541246917452, 34.656502495175381 ], [ 126.386641277176921, 34.645273700938716 ], [ 126.406853053135976, 34.665485529110796 ], [ 126.420327585404422, 34.65650248968926 ], [ 126.415836037441593, 34.640782252165266 ], [ 126.431556366077515, 34.636290695866698 ], [ 126.438293596398807, 34.620570437512441 ], [ 126.447276657131795, 34.629553411159996 ], [ 126.45401389363056, 34.604850097105597 ], [ 126.47871727442255, 34.611587384439453 ], [ 126.483208726667272, 34.607095867354097 ], [ 126.449522441689368, 34.580146801116157 ], [ 126.406853053135976, 34.602604395249791 ], [ 126.386641277176921, 34.60485010334893 ], [ 126.382149721377033, 34.613833117074911 ], [ 126.368675199396179, 34.600358627873149 ], [ 126.366429420590265, 34.616078906029358 ], [ 126.355200691100165, 34.625061942432708 ], [ 126.352954928610146, 34.647519499275973 ], [ 126.33274315074118, 34.658748221248601 ], [ 126.334988846564883, 34.690188862950293 ], [ 126.350709182660054, 34.703663363944088 ], [ 126.334988846564883, 34.717137945741541 ], [ 126.321514342975689, 34.746332693943444 ], [ 126.31028553978976, 34.744086952436362 ], [ 126.308039779839788, 34.755315793574461 ], [ 126.294565242545374, 34.759807240847202 ], [ 126.276599256091089, 34.732858169855881 ], [ 126.283336456734773, 34.717137951006144 ], [ 126.26087891637205, 34.69018884580472 ], [ 126.265370404126102, 34.683451572238155 ], [ 126.258633198098863, 34.663239785590164 ], [ 126.267616173579, 34.645273728980193 ], [ 126.26087891637205, 34.63629072639548 ], [ 126.276599256091089, 34.627307645580657 ], [ 126.287828036140937, 34.636290673216088 ], [ 126.290073727133489, 34.629553452252516 ], [ 126.278844945094335, 34.611587401978007 ], [ 126.290073727133489, 34.60485013931229 ], [ 126.281090733804291, 34.593621349652423 ], [ 126.292319517755615, 34.586884042640172 ], [ 126.299056742747567, 34.593621376495229 ], [ 126.299056742747567, 34.586884073675293 ], [ 126.31028553978976, 34.582392549258422 ], [ 126.303548310353477, 34.573409516065645 ], [ 126.317022837603389, 34.566672243715196 ], [ 126.33274315074118, 34.573409554974852 ], [ 126.350709182660054, 34.571163752237283 ], [ 126.36418365824531, 34.555443473167536 ], [ 126.384395532410252, 34.557689225868209 ], [ 126.382149721377033, 34.528494451114859 ], [ 126.388887038288587, 34.52849438790588 ], [ 126.40236153440344, 34.54421474680894 ], [ 126.465242719919729, 34.528494445955644 ], [ 126.45401389363056, 34.557689240947113 ], [ 126.474225720382208, 34.564426503145945 ], [ 126.512403586850994, 34.553197735153269 ], [ 126.528123899691906, 34.573409558479732 ], [ 126.539352677534893, 34.577901018509294 ], [ 126.521386588265955, 34.548706204482734 ], [ 126.543844148557938, 34.548706243631905 ], [ 126.532615380839644, 34.539723206618746 ], [ 126.521386588265955, 34.541968939647688 ], [ 126.498929017299204, 34.532985940331265 ], [ 126.54608994844952, 34.517265604196666 ], [ 126.521386588265955, 34.51277410282642 ], [ 126.494437509531409, 34.519511437694234 ], [ 126.456259643540932, 34.499299581051162 ], [ 126.460751191171326, 34.490316572305346 ], [ 126.449522441689368, 34.472350491805287 ], [ 126.467488466866257, 34.465613272174913 ], [ 126.462996906325884, 34.458876008653718 ], [ 126.469734229689067, 34.447647239401924 ], [ 126.45401389363056, 34.45213870686775 ], [ 126.451768159675382, 34.443155743500157 ], [ 126.476471448229532, 34.425189707842577 ], [ 126.507912056060917, 34.429681192916597 ], [ 126.510157854885009, 34.402732103735346 ], [ 126.501174753481507, 34.398240632781054 ], [ 126.487700242055226, 34.407223624837123 ], [ 126.487700242055226, 34.393749101411004 ], [ 126.49668329681225, 34.38476607368333 ], [ 126.471980008374132, 34.380274523196633 ], [ 126.483208726667272, 34.362308507614763 ], [ 126.462996906325884, 34.355571261559412 ], [ 126.476471448229532, 34.346588218579775 ], [ 126.514649334433415, 34.357816991479979 ], [ 126.523632315705626, 34.328622148764161 ], [ 126.512403586850994, 34.312901864503559 ], [ 126.514649334433415, 34.294935817500907 ], [ 126.523632315705626, 34.283707091586216 ], [ 126.543844148557938, 34.294935793308341 ], [ 126.561810236710514, 34.315147638024207 ], [ 126.586513508315022, 34.310656085438964 ], [ 126.593250754189427, 34.303918822643077 ], [ 126.606725324945842, 34.308410392856047 ], [ 126.602233823339972, 34.32637638987854 ], [ 126.617954054093616, 34.351079735448153 ], [ 126.620199861452662, 34.369045739848218 ], [ 126.613462566759821, 34.380274568050325 ], [ 126.624691356391594, 34.398240581624115 ], [ 126.644903163927395, 34.402732085801027 ], [ 126.660623485372625, 34.418452374410258 ], [ 126.676343706531668, 34.40946935031667 ], [ 126.676343706531668, 34.41845239919585 ], [ 126.696555522135014, 34.436418476779394 ], [ 126.721258887855541, 34.438664170208575 ], [ 126.723504630340074, 34.443155704857155 ], [ 126.710030062663648, 34.447647228348998 ], [ 126.707784324516552, 34.458876016136237 ], [ 126.687572511555913, 34.463367503453419 ], [ 126.707784324516552, 34.470104774397647 ], [ 126.719013077515811, 34.465613248152337 ], [ 126.723504630340074, 34.472350560853272 ], [ 126.732487661768189, 34.465613277806689 ], [ 126.750453671695325, 34.470104811140374 ], [ 126.739224900852747, 34.479087822111268 ], [ 126.752699435714376, 34.492562350715311 ], [ 126.736979140178306, 34.499299603662649 ], [ 126.723504630340059, 34.515019875388191 ], [ 126.723504630340074, 34.526248656664983 ], [ 126.757190924170757, 34.508282652582459 ], [ 126.757190924170757, 34.51951142002553 ], [ 126.763928222142013, 34.521757118665676 ], [ 126.76617398904753, 34.55544350742899 ], [ 126.763928222142013, 34.559934989767711 ], [ 126.759436730796693, 34.553197692941893 ], [ 126.752699435714376, 34.555443512096403 ], [ 126.750453671695325, 34.564426513477976 ], [ 126.768419687888013, 34.582392567978829 ], [ 126.76617398904753, 34.611587375442681 ], [ 126.777402788769535, 34.613833131944588 ], [ 126.781894259308288, 34.584638325444104 ], [ 126.79087728665256, 34.577901049087821 ], [ 126.786385786032085, 34.573409559405341 ], [ 126.793123057959107, 34.559934979234583 ], [ 126.79087728665256, 34.548706188414741 ], [ 126.802106036342067, 34.546460486603223 ], [ 126.788631529338915, 34.532985905057785 ], [ 126.795368761072893, 34.476842076206282 ], [ 126.784139974561981, 34.467859030823092 ], [ 126.788631529338915, 34.461121729726898 ], [ 126.799860291362933, 34.461121780549746 ], [ 126.804351795249261, 34.445401450435455 ], [ 126.829055155005079, 34.443155731488929 ], [ 126.833546608067635, 34.447647255768011 ], [ 126.840283931774223, 34.443155715404949 ], [ 126.847021214571996, 34.452138741282525 ], [ 126.853758456128759, 34.449892981844741 ], [ 126.847021214571996, 34.438664214012199 ], [ 126.862741443997308, 34.427435408142166 ], [ 126.871724484845529, 34.431926905460678 ], [ 126.885199000005102, 34.418452418066288 ], [ 126.889690558011893, 34.429681152029765 ], [ 126.876215963315175, 34.438664244565771 ], [ 126.869478724842807, 34.454384498620634 ], [ 126.932359902496216, 34.443155679283599 ], [ 126.943588650677043, 34.456630262820156 ], [ 126.934605625852555, 34.474596284567639 ], [ 126.939097194024228, 34.47908782206153 ], [ 126.948080159731944, 34.467859052915792 ], [ 126.97502924262335, 34.474596264667483 ], [ 126.963800483550699, 34.492562338985863 ], [ 126.97502924262335, 34.512774163674351 ], [ 126.968291981118909, 34.524002951189793 ], [ 126.961554754233134, 34.521757154217461 ], [ 126.961554754233134, 34.52849440364141 ], [ 126.97502924262335, 34.537477487133685 ], [ 126.988503786114464, 34.537477437139458 ], [ 126.990749506409188, 34.55319773766162 ], [ 126.977275049627977, 34.555443509406132 ], [ 126.98176653839198, 34.568918026843505 ], [ 126.970537749341588, 34.568918036699905 ], [ 126.990749506409188, 34.575655278380765 ], [ 127.001978299975463, 34.604850149544404 ], [ 126.992995321479526, 34.609341655897786 ], [ 126.990749506409188, 34.618324680199059 ], [ 126.959308955923248, 34.622816152704161 ], [ 126.990749506409188, 34.627307695345728 ], [ 127.017698572824145, 34.622816204841335 ], [ 127.055876495508343, 34.634044900172448 ], [ 127.064859492623683, 34.643027967822555 ], [ 127.06710523197026, 34.656502494166304 ], [ 127.109774569435515, 34.672222815060842 ], [ 127.116511903995416, 34.687943040043187 ], [ 127.132232173679, 34.699171873305026 ], [ 127.150198237683256, 34.68569728867471 ], [ 127.186130269738811, 34.692434623436007 ], [ 127.201850572464693, 34.705909102350219 ], [ 127.224308103832072, 34.759807285441134 ], [ 127.228799649876152, 34.757561514493474 ], [ 127.237782633877146, 34.77103605516524 ], [ 127.246765718110709, 34.77103605488238 ], [ 127.246765718110709, 34.748578464162158 ], [ 127.26248597904781, 34.72612090565967 ], [ 127.289435050148342, 34.748578486059095 ], [ 127.287189294272807, 34.732858186190988 ], [ 127.280452011544597, 34.730612412819184 ], [ 127.291680817087908, 34.72612095315931 ], [ 127.305155323899214, 34.744087006072952 ], [ 127.325367171036845, 34.744086933791756 ], [ 127.332104377306095, 34.714892167583116 ], [ 127.343333216115269, 34.705909155064333 ], [ 127.316384163812117, 34.681205789199737 ], [ 127.311892643994966, 34.663239729350764 ], [ 127.296172302495805, 34.66323974562993 ], [ 127.287189294272807, 34.654256714258821 ], [ 127.280452011544597, 34.663239808059622 ], [ 127.284943549475273, 34.683451541388081 ], [ 127.278206300062209, 34.705909104551452 ], [ 127.282697815769652, 34.710400613603653 ], [ 127.246765718110709, 34.69917185431455 ], [ 127.235536891208355, 34.687943079138343 ], [ 127.240028469587145, 34.676714265619047 ], [ 127.233291159923311, 34.674468536951359 ], [ 127.226553871136844, 34.652010977442792 ], [ 127.237782633877146, 34.649765268671523 ], [ 127.249011435827668, 34.618324658603868 ], [ 127.237782633877146, 34.607095867583006 ], [ 127.235536891208355, 34.593621351342328 ], [ 127.226553871136844, 34.582392543028156 ], [ 127.215325149237188, 34.586884097059929 ], [ 127.208587808915979, 34.577901098481838 ], [ 127.190621831709265, 34.577901021670165 ], [ 127.183884547123839, 34.602604391613923 ], [ 127.192867589306729, 34.627307634819743 ], [ 127.201850572464693, 34.631799159855788 ], [ 127.197359057668947, 34.643027937194177 ], [ 127.172655782680579, 34.620570396833465 ], [ 127.170409966901488, 34.589129854644199 ], [ 127.156935483274694, 34.586884081574283 ], [ 127.152443947088187, 34.595867113027417 ], [ 127.114266140980106, 34.548706226781668 ], [ 127.123249101876297, 34.526248712287362 ], [ 127.136723658888187, 34.519511405452938 ], [ 127.125494913145417, 34.512774129472092 ], [ 127.112020390061886, 34.517265612629195 ], [ 127.100791571927886, 34.506036894650293 ], [ 127.121003384454937, 34.499299599210325 ], [ 127.132232173679, 34.503791114950978 ], [ 127.141215191957599, 34.519511362846103 ], [ 127.156935483274694, 34.524002938646774 ], [ 127.172655782680579, 34.519511368404146 ], [ 127.177147285986749, 34.528494435147415 ], [ 127.188376085759558, 34.530740158019711 ], [ 127.213079357612273, 34.517265645328301 ], [ 127.213079357612273, 34.526248703133156 ], [ 127.228799649876152, 34.524002945286405 ], [ 127.228799649876152, 34.515019924451053 ], [ 127.244519930046479, 34.510528399186242 ], [ 127.246765718110709, 34.517265611729002 ], [ 127.278206300062209, 34.499299565773931 ], [ 127.282697815769652, 34.488070829639199 ], [ 127.269223239057922, 34.485825049752499 ], [ 127.269223239057922, 34.476842017709181 ], [ 127.300663832002542, 34.465613296270696 ], [ 127.305155323899214, 34.452138756997599 ], [ 127.309646859681578, 34.456630260528215 ], [ 127.316384163812117, 34.449892987038062 ], [ 127.307401086311671, 34.449893005950749 ], [ 127.307401086311671, 34.445401472521709 ], [ 127.329858658241562, 34.436418448453693 ], [ 127.338841680887342, 34.44090994015302 ], [ 127.338841680887342, 34.449893001175951 ], [ 127.3186298992931, 34.456630221378148 ], [ 127.316384163812117, 34.463367478776206 ], [ 127.323121402919398, 34.467858988380286 ], [ 127.334350188748488, 34.463367481699962 ], [ 127.325367171036845, 34.470104798304931 ], [ 127.327612868433732, 34.474596317844004 ], [ 127.359053519450185, 34.483579270455678 ], [ 127.368036528319308, 34.476842052033945 ], [ 127.38375683456367, 34.479087805347341 ], [ 127.390494056939417, 34.483579311526299 ], [ 127.379265323986957, 34.494808051812441 ], [ 127.406214363720295, 34.503791114223603 ], [ 127.403968620945875, 34.51501989755559 ], [ 127.43091764568878, 34.508282643476932 ], [ 127.430917645688808, 34.517265638532173 ], [ 127.424180433829136, 34.519511388530425 ], [ 127.433163430598995, 34.544214735184845 ], [ 127.424180433829136, 34.553197731034331 ], [ 127.415197356948568, 34.548706215945103 ], [ 127.410705880377563, 34.555443496372106 ], [ 127.390494056939417, 34.555443517388852 ], [ 127.401722807072986, 34.57565527400498 ], [ 127.412951654232472, 34.584638321439328 ], [ 127.448883721524837, 34.575655300718758 ], [ 127.455620943375976, 34.593621376729359 ], [ 127.462358255954527, 34.591375607812992 ], [ 127.464604019772509, 34.577901025991707 ], [ 127.487061556013344, 34.568918001608736 ], [ 127.489307347992778, 34.57790104800516 ], [ 127.511764913838562, 34.586884047006215 ], [ 127.496044620389753, 34.622816172504024 ], [ 127.478078568557322, 34.63404489894851 ], [ 127.45112950632425, 34.638536453385044 ], [ 127.442146427897882, 34.64751945460322 ], [ 127.469095496065734, 34.640782224513401 ], [ 127.484815773926272, 34.645273714869113 ], [ 127.471341289924595, 34.656502518251813 ], [ 127.44663794684466, 34.658748268137025 ], [ 127.44663794684466, 34.667731247984335 ], [ 127.430917645688808, 34.669977065735395 ], [ 127.42867187100434, 34.678960091875759 ], [ 127.401722807072986, 34.70366341698854 ], [ 127.392739818683253, 34.701417613911765 ], [ 127.377019543734988, 34.717137917194052 ], [ 127.38375683456367, 34.723875135036202 ], [ 127.377019543734988, 34.737349687267034 ], [ 127.401722807072986, 34.759807288066078 ], [ 127.394985590879784, 34.768790267126377 ], [ 127.361299214954386, 34.75756153856063 ], [ 127.343333216115269, 34.762052985019707 ], [ 127.350070436413517, 34.768790328903741 ], [ 127.345578918301896, 34.775527599615991 ], [ 127.350070436413517, 34.782264844934268 ], [ 127.379265323986957, 34.789002062930059 ], [ 127.38375683456367, 34.780019056280622 ], [ 127.394985590879784, 34.77777330540944 ], [ 127.392739818683253, 34.784510585006764 ], [ 127.426426188017672, 34.811459635970273 ], [ 127.419688874802972, 34.806968135757323 ], [ 127.390494056939417, 34.809213890197995 ], [ 127.386002564865677, 34.818196890543135 ], [ 127.347824712772336, 34.836162943296046 ], [ 127.399477085086033, 34.822688458874069 ], [ 127.426426188017672, 34.836162951052167 ], [ 127.430917645688808, 34.847391767728695 ], [ 127.437654949595569, 34.83391721271996 ], [ 127.466849793617243, 34.845145965726431 ], [ 127.478078568557322, 34.838408716775035 ], [ 127.4848157739263, 34.845146003443638 ], [ 127.482570083138953, 34.872095008234133 ], [ 127.500536130295757, 34.874340785605305 ], [ 127.511764913838562, 34.890061065574685 ], [ 127.509519105037043, 34.872095020938595 ], [ 127.529730920473682, 34.836162928582731 ], [ 127.540959683365315, 34.836162951623002 ], [ 127.538713911585148, 34.827179980727266 ], [ 127.522993615646854, 34.815951149077144 ], [ 127.525239401374606, 34.806968153575099 ], [ 127.558925713231801, 34.80023086131051 ], [ 127.570154525774086, 34.777773291383028 ], [ 127.558925713231801, 34.771036045217599 ], [ 127.572400267761338, 34.768790289223958 ], [ 127.576891779886097, 34.757561541505297 ], [ 127.581383329451597, 34.764298730591079 ], [ 127.588120561214296, 34.750824263595227 ], [ 127.579137549995735, 34.72836664965331 ], [ 127.563417274980381, 34.726120944455097 ], [ 127.547696974769863, 34.705909089997874 ], [ 127.558925713231801, 34.71040067163942 ], [ 127.554434270659996, 34.676714303104099 ], [ 127.56117148937976, 34.669977073645789 ], [ 127.552188441643253, 34.660994024434366 ], [ 127.581383329451597, 34.625061889483909 ], [ 127.576891779886125, 34.640782244857661 ], [ 127.588120561214296, 34.64527375004559 ], [ 127.639772931977703, 34.620570440617236 ], [ 127.646510226761961, 34.622816165149018 ], [ 127.630789889852068, 34.629553467521603 ], [ 127.63752715793359, 34.634044955350454 ], [ 127.63303571807603, 34.638536410387793 ], [ 127.642018715006998, 34.640782234236426 ], [ 127.630789889852068, 34.647519486127933 ], [ 127.630789889852068, 34.667731311037045 ], [ 127.619561128252656, 34.672222815152772 ], [ 127.63752715793359, 34.676714280566415 ], [ 127.621806911150358, 34.683451544196849 ], [ 127.626298422979517, 34.690188849345795 ], [ 127.615069671027953, 34.699171824688953 ], [ 127.626298422979517, 34.717137927936761 ], [ 127.62854415188832, 34.703663350006778 ], [ 127.644264425801452, 34.703663417201724 ], [ 127.63752715793359, 34.714892139759165 ], [ 127.657738959483794, 34.739595503356369 ], [ 127.657738959483794, 34.750824279642643 ], [ 127.704899849875758, 34.712646428298271 ], [ 127.738586199096204, 34.732858229082652 ], [ 127.758798010132224, 34.732858184370563 ], [ 127.752060718867156, 34.744086946466041 ], [ 127.756552265107885, 34.755315775948809 ], [ 127.747569205893285, 34.771036078790303 ], [ 127.774518294183949, 34.813705390608114 ], [ 127.767780991803278, 34.818196960749752 ], [ 127.772272572561306, 34.854128992245364 ], [ 127.756552265107885, 34.860866239361307 ], [ 127.736340448085045, 34.847391767287235 ], [ 127.722865875808253, 34.854129049388973 ], [ 127.700408368268441, 34.849637505629616 ], [ 127.653247520856553, 34.818196884520844 ], [ 127.646510226761961, 34.824934142832213 ], [ 127.62854415188832, 34.824934213924145 ], [ 127.624052621909982, 34.833917183528158 ], [ 127.63303571807603, 34.840654423022357 ], [ 127.606086622571112, 34.849637471861826 ], [ 127.590366296651993, 34.876586573097505 ], [ 127.570154525774086, 34.885569579647729 ], [ 127.567908793188892, 34.896798349262028 ], [ 127.574646019136665, 34.919255962861094 ], [ 127.588120561214296, 34.92150169826639 ], [ 127.592612041371353, 34.941713517691134 ], [ 127.585874835072218, 34.941713507437797 ], [ 127.588120561214268, 34.946205011495223 ], [ 127.59485779535845, 34.946205014639418 ], [ 127.603840822452028, 34.91701021405656 ], [ 127.624052621909982, 34.899044102904924 ], [ 127.659984732720503, 34.899044135552955 ], [ 127.664476224592079, 34.901289910275025 ], [ 127.659984732720503, 34.908027145161 ], [ 127.673459314299166, 34.923747436137198 ], [ 127.689179612581142, 34.919255927335954 ], [ 127.691425346386282, 34.925993175165161 ], [ 127.704899849875758, 34.92823892432591 ] ], [ [ 126.934605625852555, 35.146077246243159 ], [ 126.966046225850604, 35.148322994377459 ], [ 126.99973259763965, 35.168534774492528 ], [ 127.006469824848807, 35.193238123118412 ], [ 127.006469824848807, 35.217941412104373 ], [ 126.99973259763965, 35.231415926769657 ], [ 126.943588650677043, 35.253873547322897 ], [ 126.914393852510926, 35.253873511285185 ], [ 126.882953241156414, 35.242644774993195 ], [ 126.829055155005079, 35.251627766996734 ], [ 126.822317873388386, 35.233661719491039 ], [ 126.82680940805777, 35.204466915076011 ], [ 126.851512722669241, 35.182009298198096 ], [ 126.934605625852555, 35.146077246243159 ] ] ] } },
{ "type": "Feature", "properties": { }, "geometry": { "type": "Polygon", "coordinates": [ [ [ 127.848628215568894, 35.985989938151633 ], [ 127.889051822142747, 36.017430463965198 ], [ 127.920492398286044, 36.015184728207494 ], [ 127.938458498107451, 36.037642235212616 ], [ 127.940704222380404, 36.055608309091248 ], [ 127.95193303217367, 36.069082855090734 ], [ 127.949687272088781, 36.078065845775704 ], [ 127.967653308898434, 36.091540419875578 ], [ 127.972144787608443, 36.120735209728089 ], [ 127.960915981915477, 36.136455567209644 ], [ 127.960915981915477, 36.147684309970543 ], [ 127.972144787608443, 36.161158858845816 ], [ 127.99909384010742, 36.174633394857928 ], [ 128.030534419091452, 36.161158878223922 ], [ 128.037271735697288, 36.172387628515366 ], [ 128.021551423441991, 36.197090943191391 ], [ 128.023797162331334, 36.215056988677318 ], [ 128.008076889066501, 36.228531529457193 ], [ 127.994602356607302, 36.230777280996023 ], [ 127.940704222380404, 36.217302730890935 ], [ 127.918246658453356, 36.230777253753388 ], [ 127.916000925945468, 36.239760315993024 ], [ 127.891297627529013, 36.246497535845833 ], [ 127.886806105174102, 36.259972102860516 ], [ 127.850873964883732, 36.237514578444554 ], [ 127.835153720762094, 36.242006012435127 ], [ 127.826170664512333, 36.264463637757544 ], [ 127.828416416796998, 36.28916693595076 ], [ 127.850873964883732, 36.302641447306712 ], [ 127.866594263771617, 36.325099045055524 ], [ 127.848628215568894, 36.361031083189964 ], [ 127.862102746133147, 36.378997169785791 ], [ 127.855365486680498, 36.399208965030063 ], [ 127.862102746133147, 36.421666532036866 ], [ 127.859857039273876, 36.453107045345448 ], [ 127.864348541603704, 36.464335836616485 ], [ 127.884560314795166, 36.466581650881189 ], [ 127.889051822142747, 36.486793423817055 ], [ 127.886806105174102, 36.493530708343073 ], [ 127.862102746133147, 36.502513707541631 ], [ 127.855365486680498, 36.529462796814776 ], [ 127.790238573946809, 36.542937297581886 ], [ 127.783501343430558, 36.560903371009282 ], [ 127.792484360660509, 36.569886361825077 ], [ 127.817187653259651, 36.572132169059394 ], [ 127.826170664512333, 36.578869431922818 ], [ 127.862102746133147, 36.614801525754956 ], [ 127.857611259134572, 36.632767567751301 ], [ 127.864348541603704, 36.643996306320638 ], [ 127.875577309586873, 36.652979328790018 ], [ 127.902526361884682, 36.655225098453641 ], [ 127.929475430586251, 36.670945424518834 ], [ 127.945195692484759, 36.684419925554749 ], [ 127.947441519138948, 36.697894441790972 ], [ 127.985619310512135, 36.682174161874407 ], [ 127.99909384010742, 36.688911470311979 ], [ 128.046254755481101, 36.673191115103819 ], [ 128.059729239366277, 36.675436944269912 ], [ 128.023797162331334, 36.720352023666308 ], [ 128.052991968103527, 36.776495930915196 ], [ 128.059729239366277, 36.778741683142265 ], [ 128.075449522815859, 36.763021412262042 ], [ 128.091169876777116, 36.765267107891901 ], [ 128.102398670863835, 36.783233146153471 ], [ 128.124856159070418, 36.796707758660283 ], [ 128.140576497427219, 36.787724700349109 ], [ 128.201211847572182, 36.774250138646245 ], [ 128.207949187530886, 36.805690729723018 ], [ 128.223669412635303, 36.812428022269209 ], [ 128.239389745582827, 36.834885565335043 ], [ 128.250618521360138, 36.819165272476702 ], [ 128.286550620872362, 36.803444994727784 ], [ 128.311253946910568, 36.760775643600155 ], [ 128.360660531494943, 36.760775646334451 ], [ 128.376380838914656, 36.774250175995846 ], [ 128.407821397087019, 36.774250155140358 ], [ 128.44375350172146, 36.810182259124048 ], [ 128.430278995350903, 36.839377085926074 ], [ 128.419050222682728, 36.843868594572037 ], [ 128.445999294161226, 36.893275185618606 ], [ 128.459473814304999, 36.902258233976603 ], [ 128.463965300162727, 36.913487012415487 ], [ 128.495405906214387, 36.926961540705712 ], [ 128.508880386548526, 36.947173394203396 ], [ 128.538075220504282, 36.95391060501607 ], [ 128.562778590413274, 36.976368183838268 ], [ 128.589727604541849, 36.987596930922187 ], [ 128.607693636777782, 37.010054559014712 ], [ 128.627905474338888, 37.003317254667472 ], [ 128.650363030731086, 37.02128329135364 ], [ 128.625659711172233, 37.041495107273079 ], [ 128.587481895116554, 37.039249319414154 ], [ 128.529092239755812, 37.054969596139735 ], [ 128.508880386548526, 37.075181421033022 ], [ 128.490914389910529, 37.079672907614878 ], [ 128.477439854117421, 37.070689916226485 ], [ 128.434770453909721, 37.068444195813584 ], [ 128.421295968658086, 37.061706853103438 ], [ 128.407821397087019, 37.086410229200929 ], [ 128.394346902685641, 37.08865598231511 ], [ 128.396592600533836, 37.111113561660773 ], [ 128.385363834720039, 37.117850797789075 ], [ 128.33595722959771, 37.115605001199327 ], [ 128.322482660401505, 37.104376288230853 ], [ 128.306762431800507, 37.104376242123621 ], [ 128.295533651085691, 37.095393238042242 ], [ 128.270830314042399, 37.111113535989134 ], [ 128.264093082976729, 37.124588008003158 ], [ 128.297779381088986, 37.142554103882489 ], [ 128.322482660401505, 37.165011682677068 ], [ 128.324728449987589, 37.176240428162437 ], [ 128.317991176317491, 37.180731916843897 ], [ 128.273076068155547, 37.171748955608003 ], [ 128.205703428793925, 37.205435262474595 ], [ 128.178754361518941, 37.200943747164921 ], [ 128.160788319306619, 37.185223449152673 ], [ 128.160788319306619, 37.178486152196918 ], [ 128.120364676850016, 37.187469210995765 ], [ 128.082186825472832, 37.160520142149224 ], [ 128.037271735697288, 37.151537142274258 ], [ 128.028288660169977, 37.153782863654286 ], [ 128.028288660169977, 37.178486198819101 ], [ 128.014814166290108, 37.207680978944296 ], [ 127.985619310512135, 37.218909818173131 ], [ 127.960915981915477, 37.218909810888093 ], [ 127.920492398286044, 37.196452235578292 ], [ 127.918246658453356, 37.165011673282798 ], [ 127.927229661593657, 37.147045651603428 ], [ 127.922738145429605, 37.131325345920636 ], [ 127.895789098908608, 37.122342307831076 ], [ 127.889051822142747, 37.113359277301861 ], [ 127.864348541603704, 37.124588051757868 ], [ 127.810450376766312, 37.117850755596741 ], [ 127.819433373963037, 37.165011679108822 ], [ 127.606086622571112, 37.131325331410203 ], [ 127.581383329451597, 37.09539322560876 ], [ 127.579137549995735, 37.106622013852189 ], [ 127.552188441643253, 37.061706883857482 ], [ 127.525239401374606, 37.02802058194105 ], [ 127.520747920947912, 37.030266333864567 ], [ 127.496044620389753, 36.989842669252177 ], [ 127.498290370428862, 37.007808744006525 ], [ 127.4848157739263, 37.005563030345876 ], [ 127.475832744780561, 37.016791788443754 ], [ 127.453375219801842, 36.998825765862748 ], [ 127.442146427897882, 36.971876639769569 ], [ 127.390494056939417, 36.95166483271467 ], [ 127.390494056939417, 36.920224299899658 ], [ 127.370282266306475, 36.904503991930426 ], [ 127.347824712772336, 36.906749729409981 ], [ 127.314138357651061, 36.888783707508964 ], [ 127.260240193709734, 36.879800688800749 ], [ 127.269223239057922, 36.857343131852211 ], [ 127.300663832002542, 36.841622822167004 ], [ 127.302909572458191, 36.819165274192514 ], [ 127.323121402919398, 36.812428014199384 ], [ 127.320875645666845, 36.796707743431369 ], [ 127.336595929424789, 36.785478972497074 ], [ 127.341087443122149, 36.767512915363255 ], [ 127.316384163812117, 36.70912322187165 ], [ 127.311892643994966, 36.706877457028646 ], [ 127.314138357651061, 36.72035205437227 ], [ 127.298418102546222, 36.711369000552097 ], [ 127.217570870664332, 36.596835463044073 ], [ 127.228799649876152, 36.59458973465496 ], [ 127.210833577500551, 36.536200096315532 ], [ 127.246765718110709, 36.549674572046897 ], [ 127.361299214954386, 36.542937326666731 ], [ 127.352316252305457, 36.515988252614321 ], [ 127.363545002631881, 36.50700521052665 ], [ 127.343333216115269, 36.453107077627976 ], [ 127.354561997345314, 36.464335861448475 ], [ 127.377019543734988, 36.453107077185543 ], [ 127.372528014880814, 36.423912275838177 ], [ 127.42867187100434, 36.414929259784046 ], [ 127.44439218229769, 36.439632586726553 ], [ 127.460112502177211, 36.437386763099674 ], [ 127.455620943375976, 36.419420777689297 ], [ 127.480324320881039, 36.417174988162621 ], [ 127.469095496065734, 36.405946239407193 ], [ 127.478078568557322, 36.374505604109842 ], [ 127.514010651026965, 36.399208973590937 ], [ 127.540959683365315, 36.387980153597745 ], [ 127.536468149391936, 36.372259887552353 ], [ 127.509519105037043, 36.356539599810233 ], [ 127.507273387358438, 36.340819289188047 ], [ 127.473587012364547, 36.302641492555267 ], [ 127.466849793617243, 36.246497570011037 ], [ 127.457866758454557, 36.228531514130346 ], [ 127.466849793617243, 36.203828208882584 ], [ 127.500536130295757, 36.215057000400655 ], [ 127.56117148937976, 36.188107936004961 ], [ 127.570154525774086, 36.174633342079176 ], [ 127.567908793188892, 36.10276918374278 ], [ 127.619561128252656, 36.02865924706564 ], [ 127.644264425801452, 36.010693209736559 ], [ 127.653247520856553, 36.02416774538387 ], [ 127.659984732720503, 36.024167777864591 ], [ 127.671213569249147, 36.006201659209324 ], [ 127.727357447187572, 35.988235624155358 ], [ 127.740831958505112, 35.974761132340284 ], [ 127.76104376343406, 35.977006905514358 ], [ 127.763289524999493, 35.983744163925387 ], [ 127.803713090975307, 36.001710184710518 ], [ 127.828416416796998, 36.003955914362933 ], [ 127.848628215568894, 35.985989938151633 ] ] ] } },
{ "type": "Feature", "properties": { }, "geometry": { "type": "Polygon", "coordinates": [ [ [ 126.382149721377033, 36.363276861983913 ], [ 126.445030888566407, 36.349802322040205 ], [ 126.45401389363056, 36.354293842256354 ], [ 126.45401389363056, 36.358785384425083 ], [ 126.388887038288587, 36.367768374537221 ], [ 126.397869998080523, 36.372259911060894 ], [ 126.413590329012223, 36.367768357906016 ], [ 126.415836037441593, 36.378997169131864 ], [ 126.406853053135976, 36.383488662216472 ], [ 126.384395532410252, 36.37450565865452 ], [ 126.382149721377033, 36.363276861983913 ] ] ] } },
{ "type": "Feature", "properties": { }, "geometry": { "type": "Polygon", "coordinates": [ [ [ 126.31028553978976, 36.576623663148808 ], [ 126.323760120750222, 36.556411807248971 ], [ 126.326005832545391, 36.515988252543941 ], [ 126.334988846564883, 36.500267994736824 ], [ 126.33274315074118, 36.477810397735944 ], [ 126.323760120750222, 36.466581588740546 ], [ 126.330497388896788, 36.464335878011312 ], [ 126.341726116530495, 36.477810397334999 ], [ 126.352954928610146, 36.475564647664569 ], [ 126.334988846564883, 36.457598627401957 ], [ 126.334988846564883, 36.437386792021933 ], [ 126.34846337060182, 36.435141049886255 ], [ 126.370920994649111, 36.444124034598438 ], [ 126.370920994649111, 36.437386822798494 ], [ 126.34846337060182, 36.426158016869756 ], [ 126.37541246917452, 36.408191959978531 ], [ 126.393378526877711, 36.4149292645819 ], [ 126.411344554181071, 36.399208926607315 ], [ 126.424819115378639, 36.396963221116145 ], [ 126.415836037441593, 36.403700452948236 ], [ 126.418081844635424, 36.410437725236818 ], [ 126.431556366077515, 36.414929206790795 ], [ 126.420327585404394, 36.428403763609317 ], [ 126.415836037441593, 36.421666539402658 ], [ 126.411344554181071, 36.42391226789865 ], [ 126.415836037441593, 36.437386841428506 ], [ 126.411344554181071, 36.450861332911259 ], [ 126.418081844635424, 36.459844375448071 ], [ 126.411344554181071, 36.484547660004417 ], [ 126.40236153440344, 36.486793431531879 ], [ 126.404607326949971, 36.495776468912787 ], [ 126.393378526877711, 36.511496742489761 ], [ 126.355200691100165, 36.51598822543513 ], [ 126.379904009339839, 36.522725522773236 ], [ 126.366429420590265, 36.54293733912661 ], [ 126.370920994649111, 36.558657599271257 ], [ 126.34846337060182, 36.560903365415186 ], [ 126.352954928610117, 36.569886381598778 ], [ 126.337234641709642, 36.574377870507234 ], [ 126.341726116530523, 36.590098211349073 ], [ 126.350709182660054, 36.587852437162837 ], [ 126.361937912375339, 36.57213216214619 ], [ 126.37541246917452, 36.576623669312298 ], [ 126.377658231059186, 36.585606684979147 ], [ 126.366429420590265, 36.596835496868998 ], [ 126.366429420590265, 36.60581850092457 ], [ 126.33274315074118, 36.601326979040287 ], [ 126.31028553978976, 36.576623663148808 ] ] ] } },
{ "type": "Feature", "properties": { }, "geometry": { "type": "Polygon", "coordinates": [ [ [ 127.619561128252656, 36.02865924706564 ], [ 127.58362903696316, 36.082557382070682 ], [ 127.576891779886097, 36.084803135290166 ], [ 127.565662988722266, 36.109506451957401 ], [ 127.572400267761338, 36.140947017534607 ], [ 127.570154525774086, 36.174633342079176 ], [ 127.56117148937976, 36.188107936004961 ], [ 127.500536130295757, 36.215057000400655 ], [ 127.466849793617243, 36.203828208882584 ], [ 127.457866758454557, 36.228531514130346 ], [ 127.466849793617243, 36.246497570011037 ], [ 127.464604019772509, 36.262217812797097 ], [ 127.473587012364547, 36.302641492555267 ], [ 127.507273387358438, 36.340819289188047 ], [ 127.509519105037043, 36.356539599810233 ], [ 127.529730920473682, 36.365522596587738 ], [ 127.540959683365315, 36.387980153597745 ], [ 127.514010651026965, 36.399208973590937 ], [ 127.505027598089427, 36.396963219572818 ], [ 127.482570083138953, 36.37450562328889 ], [ 127.478078568557322, 36.352048036534256 ], [ 127.464604019772509, 36.334082050548069 ], [ 127.448883721524837, 36.291412708608021 ], [ 127.408460116868881, 36.26895512746519 ], [ 127.354561997345314, 36.293658456970348 ], [ 127.316384163812117, 36.372259884686144 ], [ 127.307401086311671, 36.399208993033561 ], [ 127.329858658241562, 36.480056171162452 ], [ 127.150198237683256, 36.441878281728847 ], [ 127.060367969236921, 36.455352831846383 ], [ 127.069350983692019, 36.475564629674928 ], [ 127.085071263687539, 36.489039166372336 ], [ 127.210833577500551, 36.536200096315532 ], [ 127.228799649876152, 36.59458973465496 ], [ 127.217570870664332, 36.596835463044073 ], [ 127.298418102546222, 36.711369000552097 ], [ 127.314138357651061, 36.72035205437227 ], [ 127.311892643994966, 36.706877457028646 ], [ 127.316384163812117, 36.70912322187165 ], [ 127.327612868433704, 36.727089292486895 ], [ 127.341087443122149, 36.767512915363255 ], [ 127.334350188748488, 36.787724654027507 ], [ 127.320875645666845, 36.796707743431369 ], [ 127.323121402919398, 36.812428014199384 ], [ 127.302909572458191, 36.819165274192514 ], [ 127.300663832002542, 36.841622822167004 ], [ 127.269223239057922, 36.857343131852211 ], [ 127.260240193709734, 36.879800688800749 ], [ 127.206342133582211, 36.884292192532506 ], [ 127.170409966901488, 36.913487062781698 ], [ 127.138969460340434, 36.924715764222938 ], [ 127.112020390061886, 36.92471578808486 ], [ 127.07384252420519, 36.904503953957899 ], [ 127.028927391649319, 36.893275223985299 ], [ 126.948080159731944, 36.906749753508969 ], [ 126.92337689480236, 36.891029434725674 ], [ 126.867232978373977, 36.88204643229718 ], [ 126.849266920738714, 36.843868606004769 ], [ 126.91888534716837, 36.816919544870089 ], [ 126.853758456128759, 36.832639827140305 ], [ 126.844775439957203, 36.821410994008161 ], [ 126.835792396286607, 36.821411046636079 ], [ 126.82680940805777, 36.84386860509661 ], [ 126.815580633917932, 36.841622787415254 ], [ 126.813334805575266, 36.846114327884301 ], [ 126.829055155005079, 36.857343106372412 ], [ 126.813334805575266, 36.897766761402842 ], [ 126.813334805575266, 36.920224321482259 ], [ 126.806597568070458, 36.931453058759224 ], [ 126.797614560325755, 36.926961519470794 ], [ 126.79087728665256, 36.944927591379354 ], [ 126.779648475914243, 36.947173357811579 ], [ 126.777402788769535, 36.976368190450856 ], [ 126.750453671695325, 36.978613945713867 ], [ 126.730241861816552, 36.965139435429229 ], [ 126.716767363844937, 36.965139376992859 ], [ 126.696555522135014, 36.989842692005531 ], [ 126.698801270031282, 37.001071525272913 ], [ 126.683081011503916, 36.99882572913733 ], [ 126.66960645120939, 36.989842742202143 ], [ 126.667360728821819, 36.978613949639559 ], [ 126.676343706531668, 36.960647912120002 ], [ 126.660623485372625, 36.958402116020558 ], [ 126.65613192628274, 36.947173353531383 ], [ 126.635920108289042, 36.951664892247585 ], [ 126.617954054093616, 36.908995492266705 ], [ 126.61570834410405, 36.915732755898404 ], [ 126.626937126311361, 36.940436073442754 ], [ 126.608971057166741, 36.951664866921966 ], [ 126.611216804442719, 36.956156396421179 ], [ 126.624691356391594, 36.953910652561774 ], [ 126.631428628628683, 36.96289366043959 ], [ 126.629182828823929, 36.97187668863014 ], [ 126.595496560586312, 36.985351187198241 ], [ 126.577530451785421, 37.007808777159873 ], [ 126.573039014894817, 37.023529052369973 ], [ 126.559564411605194, 37.034757812305969 ], [ 126.548335681313532, 37.034757804072854 ], [ 126.523632315705626, 37.054969652243045 ], [ 126.503420587838619, 37.059461126757199 ], [ 126.492191737968994, 37.05272386530681 ], [ 126.521386588265955, 37.041495061665159 ], [ 126.523632315705626, 37.034757812999857 ], [ 126.51689509761836, 37.005563027884286 ], [ 126.503420587838619, 37.003317222116955 ], [ 126.483208726667272, 37.010054491152623 ], [ 126.494437509531409, 36.992088471567861 ], [ 126.519140876391774, 36.980859699139799 ], [ 126.532615380839644, 36.985351180284773 ], [ 126.528123899691906, 36.998825733671616 ], [ 126.548335681313532, 36.987596933949604 ], [ 126.532615380839644, 36.978613927390981 ], [ 126.548335681313532, 36.969630908947657 ], [ 126.543844148557938, 36.962893644101676 ], [ 126.521386588265955, 36.969630899267017 ], [ 126.555072889858792, 36.933698807925921 ], [ 126.566301685604969, 36.902258265167021 ], [ 126.564055994712618, 36.886537940727905 ], [ 126.552827193250607, 36.90001244189218 ], [ 126.552827193250607, 36.915732778064815 ], [ 126.54608994844952, 36.91797852266594 ], [ 126.523632315705626, 36.958402154792367 ], [ 126.510157854885009, 36.962893637038391 ], [ 126.501174753481507, 36.951664857466774 ], [ 126.505666272876326, 36.920224316675409 ], [ 126.487700242055226, 36.920224265815264 ], [ 126.492191737968994, 36.911241274669891 ], [ 126.480962951386019, 36.913487056136454 ], [ 126.492191737968994, 36.897766722740471 ], [ 126.480962951386019, 36.897766745373872 ], [ 126.476471448229532, 36.888783679467217 ], [ 126.489945982138934, 36.868571914968527 ], [ 126.471980008374132, 36.870817627289959 ], [ 126.474225720382208, 36.855097356230907 ], [ 126.462996906325884, 36.841622828195838 ], [ 126.456259643540932, 36.897766727384884 ], [ 126.462996906325884, 36.904504028563935 ], [ 126.462996906325884, 36.917978553853004 ], [ 126.474225720382208, 36.92920727305733 ], [ 126.474225720382208, 36.940436051300374 ], [ 126.465242719919729, 36.951664847876003 ], [ 126.456259643540932, 36.951664877884255 ], [ 126.451768159675382, 36.97412240386037 ], [ 126.429310627267199, 36.956156386287667 ], [ 126.418081844635424, 36.960647879422446 ], [ 126.431556366077515, 36.971876665411379 ], [ 126.424819115378639, 36.983105437015546 ], [ 126.436047891939523, 36.983105468608734 ], [ 126.449522441689368, 36.99433417681665 ], [ 126.445030888566407, 37.003317261588528 ], [ 126.40236153440344, 37.010054528478115 ], [ 126.39562425433212, 36.998825709016451 ], [ 126.382149721377033, 37.010054541588119 ], [ 126.382149721377033, 36.998825716078883 ], [ 126.393378526877711, 36.980859684772355 ], [ 126.384395532410252, 36.992088453861086 ], [ 126.357446387463881, 36.994334219583962 ], [ 126.359692182994308, 37.003317246563235 ], [ 126.352954928610117, 37.007808775865783 ], [ 126.337234641709642, 36.983105467927466 ], [ 126.328251561038385, 36.985351240545519 ], [ 126.326005832545363, 36.996579980958316 ], [ 126.328251561038385, 36.980859704517883 ], [ 126.36418365824531, 36.97636821872689 ], [ 126.361937912375367, 36.987596962344384 ], [ 126.368675199396179, 36.987596940582542 ], [ 126.384395532410252, 36.967385126674607 ], [ 126.368675199396179, 36.960647873866584 ], [ 126.359692182994308, 36.967385175450232 ], [ 126.33274315074118, 36.969630910639872 ], [ 126.33274315074118, 36.958402141779928 ], [ 126.343971878855328, 36.958402107754054 ], [ 126.355200691100165, 36.947173346580442 ], [ 126.352954928610146, 36.938190287697054 ], [ 126.361937912375367, 36.938190337858451 ], [ 126.368675199396179, 36.947173327333829 ], [ 126.386641277176921, 36.940436095576054 ], [ 126.377658231059186, 36.938190320774289 ], [ 126.382149721377033, 36.929207318303071 ], [ 126.413590329012223, 36.931453075304006 ], [ 126.413590329012223, 36.92022430690691 ], [ 126.400115758108939, 36.920224259648066 ], [ 126.406853053135976, 36.906749768159997 ], [ 126.427064821979258, 36.900012471911595 ], [ 126.393378526877711, 36.891029475076699 ], [ 126.388887038288587, 36.884292146399133 ], [ 126.393378526877711, 36.879800677399928 ], [ 126.357446387463881, 36.870817674108004 ], [ 126.370920994649111, 36.864080368570292 ], [ 126.393378526877711, 36.866326131982213 ], [ 126.391132733115512, 36.85958886554527 ], [ 126.370920994649111, 36.857343087759517 ], [ 126.357446387463881, 36.837131329335193 ], [ 126.36418365824531, 36.83263982512004 ], [ 126.357446387463881, 36.825902519620463 ], [ 126.34846337060182, 36.837131355937395 ], [ 126.337234641709642, 36.834885579896174 ], [ 126.343971878855328, 36.859588884499637 ], [ 126.328251561038385, 36.857343143705592 ], [ 126.317022837603389, 36.839377034871823 ], [ 126.350709182660054, 36.796707712155026 ], [ 126.321514342975689, 36.816919520385177 ], [ 126.328251561038385, 36.801199274351809 ], [ 126.305794036689704, 36.814673790234451 ], [ 126.305794036689704, 36.803444996656062 ], [ 126.296810984214034, 36.805690755212616 ], [ 126.294565242545374, 36.794461974223857 ], [ 126.285582279339124, 36.812427988877239 ], [ 126.274353501331461, 36.805690724823002 ], [ 126.272107680822145, 36.796707752132313 ], [ 126.265370404126088, 36.801199223842431 ], [ 126.283336456734773, 36.821411042240456 ], [ 126.312531316525693, 36.832639800177816 ], [ 126.294565242545374, 36.841622869321156 ], [ 126.294565242545374, 36.855097398545823 ], [ 126.303548310353477, 36.857343124250313 ], [ 126.299056742747567, 36.864080409694587 ], [ 126.314777027335069, 36.884292237380144 ], [ 126.330497388896788, 36.884292147131013 ], [ 126.33274315074118, 36.89327519716992 ], [ 126.321514342975689, 36.891029460469952 ], [ 126.319268581922088, 36.902258217515964 ], [ 126.294565242545374, 36.92247006412682 ], [ 126.305794036689704, 36.929207332746969 ], [ 126.301302518132047, 36.942681839502121 ], [ 126.305794036689704, 36.951664885304545 ], [ 126.290073727133489, 36.960647890924015 ], [ 126.303548310353477, 36.969630903109746 ], [ 126.299056742747567, 36.976368202201087 ], [ 126.283336456734773, 36.965139409126664 ], [ 126.287828036140937, 36.926961569080596 ], [ 126.278844945094335, 36.906749768510736 ], [ 126.285582279339124, 36.902258210802181 ], [ 126.26087891637205, 36.891029441197283 ], [ 126.272107680822145, 36.8887836939343 ], [ 126.274353501331461, 36.882046423368969 ], [ 126.242912904443855, 36.868571928010418 ], [ 126.224946832911698, 36.875309190032247 ], [ 126.229438350861486, 36.902258243374696 ], [ 126.240667157685792, 36.913487029652046 ], [ 126.211472280190691, 36.89776673056263 ], [ 126.202489288390211, 36.900012510114465 ], [ 126.195752040953423, 36.886537903790959 ], [ 126.177785988151101, 36.882046413912605 ], [ 126.191260464225621, 36.879800726293816 ], [ 126.193506243859957, 36.85509740499041 ], [ 126.20024352181791, 36.864080397408628 ], [ 126.211472280190691, 36.861834631193908 ], [ 126.213718050863392, 36.843868590598916 ], [ 126.206980790930317, 36.843868600481343 ], [ 126.20024352181791, 36.855097344781633 ], [ 126.177785988151101, 36.830394048459809 ], [ 126.202489288390211, 36.823656799280165 ], [ 126.213718050863392, 36.82814833464505 ], [ 126.209226526875, 36.819165267648565 ], [ 126.222701058451577, 36.80569071899756 ], [ 126.186768957390143, 36.821411018975205 ], [ 126.180031745585865, 36.819165301167018 ], [ 126.182277437717531, 36.805690736802994 ], [ 126.168802968361021, 36.792216207700449 ], [ 126.164311398322383, 36.805690743841396 ], [ 126.175540248268391, 36.823656797083501 ], [ 126.164311398322383, 36.830394048870481 ], [ 126.166557215963394, 36.839377096424457 ], [ 126.159819898798332, 36.846114372683999 ], [ 126.148591169152269, 36.834885520350355 ], [ 126.157574134080349, 36.821411046287025 ], [ 126.153082657662793, 36.807936522451193 ], [ 126.146345410032595, 36.805690757439216 ], [ 126.144099668646064, 36.783233157370432 ], [ 126.114904826601276, 36.769758615790373 ], [ 126.132870813729255, 36.738318058921784 ], [ 126.119396278333014, 36.70463174571573 ], [ 126.128379313451006, 36.706877476473899 ], [ 126.128379313451006, 36.715860542944647 ], [ 126.150836863116268, 36.736072352167426 ], [ 126.144099668646064, 36.747301110186243 ], [ 126.166557215963394, 36.756284092442677 ], [ 126.206980790930317, 36.733826527110246 ], [ 126.209226526875, 36.706877479817173 ], [ 126.202489288390211, 36.702385938738864 ], [ 126.175540248268391, 36.713614725352706 ], [ 126.162065681170475, 36.709123229570238 ], [ 126.148591169152269, 36.695648704562366 ], [ 126.162065681170475, 36.675436877793487 ], [ 126.197997772667648, 36.677682644860148 ], [ 126.213718050863392, 36.691157166296698 ], [ 126.233929855035612, 36.693402988897894 ], [ 126.240667157685792, 36.713614770370171 ], [ 126.267616173579, 36.724843535098323 ], [ 126.269861960063878, 36.702386002861608 ], [ 126.258633198098863, 36.688911437979911 ], [ 126.26087891637205, 36.677682640090005 ], [ 126.283336456734773, 36.668699677954883 ], [ 126.299056742747567, 36.641750580188514 ], [ 126.294565242545374, 36.614801523382354 ], [ 126.278844945094335, 36.617047296829568 ], [ 126.290073727133489, 36.599081199459206 ], [ 126.278844945094335, 36.590098232123403 ], [ 126.285582279339124, 36.585606644822008 ], [ 126.305794036689704, 36.596835426256128 ], [ 126.312531316525693, 36.590098206132254 ], [ 126.330497388896788, 36.617047213657919 ], [ 126.34846337060182, 36.621538753023366 ], [ 126.33274315074118, 36.62378453613843 ], [ 126.31028553978976, 36.639504824885961 ], [ 126.33274315074118, 36.650733571492992 ], [ 126.328251561038385, 36.66196241126277 ], [ 126.31028553978976, 36.668699639534694 ], [ 126.312531316525693, 36.677682653127 ], [ 126.303548310353477, 36.68666569937821 ], [ 126.312531316525693, 36.702386001884811 ], [ 126.326005832545391, 36.706877508404254 ], [ 126.334988846564883, 36.73831806666854 ], [ 126.357446387463881, 36.745055344149549 ], [ 126.36418365824531, 36.702385983451194 ], [ 126.379904009339839, 36.71361477341393 ], [ 126.366429420590265, 36.67768266099916 ], [ 126.379904009339839, 36.673191150221378 ], [ 126.361937912375367, 36.652979343024015 ], [ 126.366429420590265, 36.643996365070194 ], [ 126.359692182994308, 36.628276000971965 ], [ 126.368675199396179, 36.621538744154286 ], [ 126.373166723699853, 36.630521797357986 ], [ 126.388887038288587, 36.637259046294666 ], [ 126.384395532410252, 36.643996293697917 ], [ 126.391132733115512, 36.64848786231336 ], [ 126.39562425433212, 36.641750574712674 ], [ 126.404607326949971, 36.652979333799905 ], [ 126.413590329012223, 36.65297936602532 ], [ 126.429310627267199, 36.67319113377259 ], [ 126.429310627267199, 36.686665696651893 ], [ 126.438293596398807, 36.700140218957195 ], [ 126.462996906325884, 36.720352017788322 ], [ 126.467488466866257, 36.747301108366415 ], [ 126.471980008374132, 36.724843551720483 ], [ 126.487700242055226, 36.727089303627807 ], [ 126.469734229689067, 36.720352005503798 ], [ 126.465242719919729, 36.697894470681639 ], [ 126.474225720382208, 36.693402949921399 ], [ 126.467488466866257, 36.68217415067474 ], [ 126.492191737968994, 36.691157202115548 ], [ 126.51689509761836, 36.670945386303949 ], [ 126.512403586850994, 36.664208101862677 ], [ 126.494437509531409, 36.668699676739266 ], [ 126.474225720382208, 36.650733609229292 ], [ 126.514649334433415, 36.623784525697971 ], [ 126.514649334433415, 36.601326948397954 ], [ 126.523632315705626, 36.587852473734337 ], [ 126.503420587838619, 36.596835451018386 ], [ 126.456259643540932, 36.592343980804763 ], [ 126.465242719919729, 36.554166104275126 ], [ 126.462996906325884, 36.538445816668471 ], [ 126.489945982138934, 36.520479761721035 ], [ 126.510157854885009, 36.527217021534675 ], [ 126.564055994712618, 36.502513736195354 ], [ 126.543844148557938, 36.498022189824624 ], [ 126.514649334433415, 36.518234034893226 ], [ 126.501174753481507, 36.515988250013137 ], [ 126.483208726667272, 36.500267966326476 ], [ 126.480962951386019, 36.47556462745046 ], [ 126.492191737968994, 36.44187832095168 ], [ 126.498929017299204, 36.43963255084703 ], [ 126.49668329681225, 36.432895262048007 ], [ 126.510157854885009, 36.430649520750016 ], [ 126.564055994712618, 36.482301881490031 ], [ 126.591005045332977, 36.473318904270442 ], [ 126.604479525411307, 36.475564636602179 ], [ 126.617954054093616, 36.486793460184863 ], [ 126.61570834410405, 36.477810395715473 ], [ 126.597742299722213, 36.466581590463804 ], [ 126.575284766921314, 36.468827375830116 ], [ 126.561810236710514, 36.450861298618662 ], [ 126.541598364097027, 36.448615556703359 ], [ 126.541598364097027, 36.439632536241554 ], [ 126.534861103438132, 36.435141050010998 ], [ 126.487700242055226, 36.419420774359772 ], [ 126.485454517731867, 36.403700471162914 ], [ 126.503420587838619, 36.408191968986785 ], [ 126.512403586850994, 36.401454684950494 ], [ 126.507912056060917, 36.394717416699258 ], [ 126.489945982138934, 36.399208970047333 ], [ 126.483208726667272, 36.390225952812528 ], [ 126.507912056060917, 36.38348863979887 ], [ 126.505666272876326, 36.374505670583993 ], [ 126.55731868427209, 36.343065045462197 ], [ 126.503420587838619, 36.322853215871739 ], [ 126.514649334433415, 36.298149917589583 ], [ 126.525878141165634, 36.293658425358998 ], [ 126.550581429585236, 36.304887228853609 ], [ 126.559564411605166, 36.293658425716437 ], [ 126.537106923979707, 36.246497520648553 ], [ 126.53036959127779, 36.212811240168499 ], [ 126.543844148557938, 36.208319716078371 ], [ 126.539352677534893, 36.201582468469077 ], [ 126.543844148557938, 36.194845149187302 ], [ 126.55731868427209, 36.192599411229409 ], [ 126.575284766921314, 36.203828187995704 ], [ 126.575284766921314, 36.190353629783068 ], [ 126.568547474225127, 36.18810788340852 ], [ 126.582022032036761, 36.17687910776521 ], [ 126.55731868427209, 36.185862185937225 ], [ 126.541598364097027, 36.165650346109913 ], [ 126.528123899691906, 36.167896084692664 ], [ 126.51689509761836, 36.156667306645538 ], [ 126.492191737968994, 36.154421563427988 ], [ 126.489945982138934, 36.129718292675285 ], [ 126.501174753481507, 36.12971827603959 ], [ 126.501174753481507, 36.136455553879195 ], [ 126.514649334433415, 36.147684299577044 ], [ 126.528123899691906, 36.147684315242849 ], [ 126.54608994844952, 36.140947020313654 ], [ 126.55731868427209, 36.127472482575428 ], [ 126.575284766921314, 36.134209795167578 ], [ 126.593250754189427, 36.122980979082669 ], [ 126.611216804442719, 36.098277710399593 ], [ 126.640411647538571, 36.089294627466515 ], [ 126.642657439474377, 36.084803122095884 ], [ 126.617954054093616, 36.075820174006139 ], [ 126.633674361003216, 36.073574381206015 ], [ 126.633674361003216, 36.055608329217428 ], [ 126.665114938834932, 36.037642293172354 ], [ 126.660623485372625, 36.006201711779923 ], [ 126.680835283406481, 36.008447450118133 ], [ 126.707784324516552, 36.001710160905738 ], [ 126.817826311811402, 36.039888069751342 ], [ 126.838038116109843, 36.089294650989167 ], [ 126.934605625852555, 36.100523472466968 ], [ 127.089562812713865, 36.136455490737561 ], [ 127.103037343985591, 36.134209762576738 ], [ 127.091808523755361, 36.073574358967505 ], [ 127.098545812045998, 36.057854050134225 ], [ 127.125494913145417, 36.055608305818041 ], [ 127.165918452402522, 36.064591392657974 ], [ 127.179393055236403, 36.073574365157043 ], [ 127.206342133582211, 36.071328577971556 ], [ 127.253502986819001, 36.080311659026691 ], [ 127.269223239057922, 36.093786147846487 ], [ 127.282697815769652, 36.091540434322376 ], [ 127.284943549475273, 36.107260682526281 ], [ 127.311892643994966, 36.120735202823617 ], [ 127.350070436413489, 36.082557402369467 ], [ 127.386002564865677, 36.026413489531038 ], [ 127.435409144273194, 36.015184749335738 ], [ 127.433163430598995, 35.997218642327468 ], [ 127.419688874802972, 35.994972896571895 ], [ 127.417443151456538, 35.988235670395596 ], [ 127.448883721524837, 35.992727135763971 ], [ 127.487061556013344, 35.977006844522876 ], [ 127.511764913838562, 35.985989908125461 ], [ 127.554434270659996, 35.985989911658926 ], [ 127.619561128252656, 36.02865924706564 ] ] ] } },
{ "type": "Feature", "properties": { }, "geometry": { "type": "Polygon", "coordinates": [ [ [ 126.440539399468193, 37.499629239478658 ], [ 126.45401389363056, 37.483908996148784 ], [ 126.45401389363056, 37.470434451829746 ], [ 126.469734229689067, 37.468188689167846 ], [ 126.471980008374132, 37.492892005737218 ], [ 126.440539399468193, 37.499629239478658 ] ] ] } },
{ "type": "Feature", "properties": { }, "geometry": { "type": "Polygon", "coordinates": [ [ [ 126.397869998080523, 37.387341500966208 ], [ 126.406853053135976, 37.378358427542395 ], [ 126.411344554181071, 37.360392424453728 ], [ 126.436047891939523, 37.367129655679186 ], [ 126.438293596398807, 37.378358475469192 ], [ 126.413590329012223, 37.405307551492449 ], [ 126.40236153440344, 37.400816034517092 ], [ 126.397869998080523, 37.387341500966208 ] ] ] } },
{ "type": "Feature", "properties": { }, "geometry": { "type": "Polygon", "coordinates": [ [ [ 126.312531316525693, 37.549035858232529 ], [ 126.326005832545363, 37.535561390095616 ], [ 126.323760120750222, 37.515349521245319 ], [ 126.337234641709642, 37.522086834018772 ], [ 126.382149721377033, 37.522086813722559 ], [ 126.384395532410252, 37.526578314982665 ], [ 126.346217657771106, 37.531069838559844 ], [ 126.337234641709642, 37.544544383328471 ], [ 126.317022837603389, 37.553527406044907 ], [ 126.312531316525693, 37.549035858232529 ] ] ] } },
{ "type": "Feature", "properties": { }, "geometry": { "type": "Polygon", "coordinates": [ [ [ 126.422573342323474, 37.540052897895535 ], [ 126.415836037441593, 37.515349591000046 ], [ 126.451768159675382, 37.517595320028867 ], [ 126.460751191171354, 37.510858044469614 ], [ 126.467488466866257, 37.513103792626659 ], [ 126.469734229689067, 37.537807107582616 ], [ 126.422573342323474, 37.540052897895535 ] ] ] } },
{ "type": "Feature", "properties": { }, "geometry": { "type": "Polygon", "coordinates": [ [ [ 126.355200691100165, 37.463697191949528 ], [ 126.377658231059186, 37.434502362519794 ], [ 126.384395532410252, 37.432256569453742 ], [ 126.391132733115512, 37.438993882723878 ], [ 126.420327585404394, 37.416536324075167 ], [ 126.431556366077515, 37.427765112561922 ], [ 126.431556366077515, 37.438993881466828 ], [ 126.409098795550989, 37.456959894000953 ], [ 126.391132733115512, 37.456959935013394 ], [ 126.391132733115512, 37.450222665349735 ], [ 126.382149721377033, 37.450222675090913 ], [ 126.366429420590265, 37.468188662676994 ], [ 126.355200691100165, 37.463697191949528 ] ] ] } },
{ "type": "Feature", "properties": { }, "geometry": { "type": "Polygon", "coordinates": [ [ [ 126.47871727442255, 37.481663168433549 ], [ 126.483208726667272, 37.461451396553812 ], [ 126.489945982138934, 37.459205696831958 ], [ 126.537106923979707, 37.479417474836502 ], [ 126.564055994712618, 37.48166318728061 ], [ 126.564055994712618, 37.490646251896642 ], [ 126.575284766921314, 37.488400450198114 ], [ 126.577530451785421, 37.492892000686595 ], [ 126.548335681313532, 37.519841030638553 ], [ 126.507912056060917, 37.533315628909961 ], [ 126.494437509531409, 37.526578336776865 ], [ 126.501174753481507, 37.519841052117791 ], [ 126.498929017299204, 37.506366554926501 ], [ 126.489945982138934, 37.50636653116824 ], [ 126.47871727442255, 37.481663168433549 ] ] ] } },
{ "type": "Feature", "properties": { }, "geometry": { "type": "Polygon", "coordinates": [ [ [ 126.591005045332977, 37.4502226021769 ], [ 126.597742299722213, 37.445731103134563 ], [ 126.611216804442719, 37.452468404508643 ], [ 126.61570834410405, 37.436748112973767 ], [ 126.631428628628683, 37.443485376056273 ], [ 126.63816587047215, 37.41429053738878 ], [ 126.658377657283538, 37.403061788577176 ], [ 126.665114938834918, 37.391833028113567 ], [ 126.683081011503916, 37.391832987986511 ], [ 126.683081011503916, 37.405307532826612 ], [ 126.698801270031282, 37.418782042750976 ], [ 126.689818283482566, 37.391833011520347 ], [ 126.71227581527674, 37.382849963439071 ], [ 126.721258887855541, 37.385095687507885 ], [ 126.721258887855541, 37.391832995469613 ], [ 126.741470675821475, 37.40755325286905 ], [ 126.748207921905689, 37.400816004581472 ], [ 126.772911210134453, 37.396324523939718 ], [ 126.77515703350744, 37.405307502175781 ], [ 126.79087728665256, 37.416536290795698 ], [ 126.788631529338915, 37.432256553702423 ], [ 126.795368761072893, 37.438993834666142 ], [ 126.79087728665256, 37.454714146340848 ], [ 126.761682469387083, 37.472680219731679 ], [ 126.757190924170757, 37.497383513632386 ], [ 126.761682469387083, 37.528824072886479 ], [ 126.745962186359421, 37.540052859306243 ], [ 126.678589487645752, 37.558018895638618 ], [ 126.642657439474377, 37.551281649010676 ], [ 126.667360728821819, 37.535561356349881 ], [ 126.665114938834932, 37.522086802084701 ], [ 126.653886210063405, 37.519841034059418 ], [ 126.651640426308759, 37.495137778649479 ], [ 126.674098022384243, 37.488400453465893 ], [ 126.676343706531668, 37.481663239123414 ], [ 126.667360728821819, 37.486154743089799 ], [ 126.671852188299525, 37.479417446689105 ], [ 126.692064069990977, 37.465942939481877 ], [ 126.667360728821819, 37.470434422340453 ], [ 126.629182828823929, 37.49513779522114 ], [ 126.597742299722213, 37.486154709650251 ], [ 126.593250754189427, 37.470434421796128 ], [ 126.613462566759821, 37.4726801669377 ], [ 126.620199861452662, 37.461451421823156 ], [ 126.611216804442719, 37.456959883906364 ], [ 126.591005045332977, 37.463697160722937 ], [ 126.595496560586312, 37.454714156874275 ], [ 126.591005045332977, 37.4502226021769 ] ] ] } },
{ "type": "Feature", "properties": { }, "geometry": { "type": "Polygon", "coordinates": [ [ [ 130.79505974670306, 37.515349546179351 ], [ 130.810780043552654, 37.468188658649453 ], [ 130.875906952928062, 37.445731144244377 ], [ 130.884889967927705, 37.463697148619481 ], [ 130.90959330932634, 37.468188673172513 ], [ 130.923067772374139, 37.481663211184291 ], [ 130.914084799683764, 37.488400494860834 ], [ 130.92082212619249, 37.510858042647563 ], [ 130.91183901530934, 37.522086820215009 ], [ 130.918576328831989, 37.533315579210047 ], [ 130.911839062902999, 37.537807123089017 ], [ 130.914084776978541, 37.542298626476978 ], [ 130.79505974670306, 37.515349546179351 ] ] ] } },
{ "type": "Feature", "properties": { }, "geometry": { "type": "Polygon", "coordinates": [ [ [ 126.986257996700132, 38.204796550034381 ], [ 127.004224097009484, 38.191322024426164 ], [ 127.031173176877942, 38.184584749121271 ], [ 127.035664621266008, 38.171110261652466 ], [ 127.062613765666242, 38.150898433488571 ], [ 127.078334032196736, 38.121703625680375 ], [ 127.098545812045998, 38.126195121335485 ], [ 127.107528842750838, 38.108229088784974 ], [ 127.168164244638675, 38.074542751524788 ], [ 127.183884547123839, 38.081279963350163 ], [ 127.192867589306729, 38.103737521359193 ], [ 127.188376085759558, 38.128440888268408 ], [ 127.201850572464693, 38.141915439726468 ], [ 127.208587808915979, 38.139669692596911 ], [ 127.206342133582211, 38.121703619455758 ], [ 127.219816603581833, 38.108229071992881 ], [ 127.249011435827668, 38.105983322162658 ], [ 127.287189294272807, 38.139669640700355 ], [ 127.314138357651061, 38.135178140270192 ], [ 127.302909572458191, 38.123949376438119 ], [ 127.296172302495805, 38.101491815413432 ], [ 127.302909572458191, 38.074542754162927 ], [ 127.325367171036845, 38.067805486614745 ], [ 127.352316252305457, 38.04759362166692 ], [ 127.363545002631881, 38.058822417896771 ], [ 127.38375683456367, 38.065559684678661 ], [ 127.403968620945875, 38.067805470281122 ], [ 127.424180433829136, 38.061068175913796 ], [ 127.426426188017672, 38.054330898634603 ], [ 127.439900683659189, 38.06555971261939 ], [ 127.448883721524837, 38.063313944862358 ], [ 127.462358255954527, 38.047593672176468 ], [ 127.464604019772509, 37.995941278249035 ], [ 127.471341289924595, 37.973483700814988 ], [ 127.482570083138953, 37.960009153415285 ], [ 127.505027598089427, 37.948780435973134 ], [ 127.543205464718483, 37.9510261293997 ], [ 127.558925713231801, 37.944288932043683 ], [ 127.56117148937976, 37.921831355335634 ], [ 127.606086622571112, 37.910602539446074 ], [ 127.619561128252656, 37.89712804576078 ], [ 127.62854415188832, 37.872424750542045 ], [ 127.621806911150358, 37.834246875873532 ], [ 127.610578087856794, 37.825263888732742 ], [ 127.58362903696316, 37.820772356841879 ], [ 127.563417274980381, 37.802806249718387 ], [ 127.540959683365315, 37.796068995302271 ], [ 127.534222396799677, 37.784840237725035 ], [ 127.543205464718483, 37.764628459962125 ], [ 127.534222396799677, 37.742170898706092 ], [ 127.547696974769863, 37.712976073501764 ], [ 127.543205464718511, 37.701747290045745 ], [ 127.520747920947912, 37.688272736426491 ], [ 127.516256397950613, 37.679289689678029 ], [ 127.525239401374606, 37.668060976844927 ], [ 127.531976653822255, 37.674798214489151 ], [ 127.556680027858235, 37.677043934714774 ], [ 127.545451174309932, 37.623145816864479 ], [ 127.534222396799677, 37.611917095263351 ], [ 127.563417274980381, 37.587213759941513 ], [ 127.601595112786612, 37.598442539832902 ], [ 127.626298422979517, 37.591705235298029 ], [ 127.644264425801452, 37.578230711612882 ], [ 127.673459314299166, 37.575984932467001 ], [ 127.718374419509189, 37.544544337899673 ], [ 127.756552265107885, 37.54454438110421 ], [ 127.790238573946809, 37.531069840190121 ], [ 127.808204606849998, 37.535561372598778 ], [ 127.830662176942809, 37.50412076815249 ], [ 127.817187653259651, 37.486154752191126 ], [ 127.801467345044784, 37.483909003876065 ], [ 127.767780991803278, 37.450222634078393 ], [ 127.776764023991802, 37.43001085536919 ], [ 127.763289524999493, 37.391833002178515 ], [ 127.606086622571112, 37.131325331410203 ], [ 127.819433373963037, 37.165011679108822 ], [ 127.810450376766312, 37.117850755596741 ], [ 127.864348541603704, 37.124588051757868 ], [ 127.889051822142747, 37.113359277301861 ], [ 127.895789098908608, 37.122342307831076 ], [ 127.922738145429605, 37.131325345920636 ], [ 127.927229661593657, 37.147045651603428 ], [ 127.916000925945468, 37.171748895929568 ], [ 127.920492398286044, 37.196452235578292 ], [ 127.960915981915477, 37.218909810888093 ], [ 127.985619310512135, 37.218909818173131 ], [ 128.014814166290108, 37.207680978944296 ], [ 128.028288660169977, 37.178486198819101 ], [ 128.028288660169977, 37.153782863654286 ], [ 128.037271735697288, 37.151537142274258 ], [ 128.082186825472832, 37.160520142149224 ], [ 128.120364676850016, 37.187469210995765 ], [ 128.160788319306619, 37.178486152196918 ], [ 128.160788319306619, 37.185223449152673 ], [ 128.178754361518941, 37.200943747164921 ], [ 128.205703428793925, 37.205435262474595 ], [ 128.225915215645301, 37.191960742475558 ], [ 128.257355738150522, 37.182977727035485 ], [ 128.264093082976729, 37.173994632200717 ], [ 128.282059055908206, 37.171748925717026 ], [ 128.317991176317491, 37.180731916843897 ], [ 128.324728449987589, 37.176240428162437 ], [ 128.322482660401505, 37.165011682677068 ], [ 128.297779381088986, 37.142554103882489 ], [ 128.264093082976729, 37.124588008003158 ], [ 128.270830314042399, 37.111113535989134 ], [ 128.295533651085691, 37.095393238042242 ], [ 128.306762431800507, 37.104376242123621 ], [ 128.322482660401505, 37.104376288230853 ], [ 128.33595722959771, 37.115605001199327 ], [ 128.385363834720039, 37.117850797789075 ], [ 128.396592600533836, 37.111113561660773 ], [ 128.394346902685641, 37.08865598231511 ], [ 128.407821397087019, 37.086410229200929 ], [ 128.421295968658086, 37.061706853103438 ], [ 128.434770453909721, 37.068444195813584 ], [ 128.477439854117421, 37.070689916226485 ], [ 128.490914389910529, 37.079672907614878 ], [ 128.508880386548526, 37.075181421033022 ], [ 128.529092239755812, 37.054969596139735 ], [ 128.587481895116554, 37.039249319414154 ], [ 128.625659711172233, 37.041495107273079 ], [ 128.650363030731086, 37.02128329135364 ], [ 128.661591798549608, 37.021283316786729 ], [ 128.695278120122595, 37.003317255855393 ], [ 128.733456013042286, 37.001071463265447 ], [ 128.74693053001161, 36.992088446445429 ], [ 128.760405050329183, 37.003317280494549 ], [ 128.758159291288678, 37.02352905053236 ], [ 128.767142340771272, 37.04823238195069 ], [ 128.755913534491384, 37.059461153021232 ], [ 128.758159291288678, 37.075181427705672 ], [ 128.816548916806994, 37.097638991470852 ], [ 128.830023500567961, 37.090901722483686 ], [ 128.845743744005262, 37.070689918369133 ], [ 128.88167587618878, 37.061706913075966 ], [ 128.87718439747897, 37.037003539305047 ], [ 128.88167587618878, 37.025774831327958 ], [ 128.897396137701975, 37.025774821674979 ], [ 128.935573973940365, 37.054969639668059 ], [ 128.955785773457109, 37.048232379536337 ], [ 128.962523085604147, 37.037003597167889 ], [ 128.996209374794375, 37.043740891546555 ], [ 129.074810845907137, 37.021283272219428 ], [ 129.101759961904321, 37.04149505872379 ], [ 129.130954720027802, 37.039249317020747 ], [ 129.162395329760074, 37.030266327247922 ], [ 129.189344422331345, 37.014546052018019 ], [ 129.193835893099873, 37.003317271264798 ], [ 129.191590197590699, 36.996579960467955 ], [ 129.166886887885767, 36.983105431981194 ], [ 129.137692063605556, 36.992088482991214 ], [ 129.09053113994662, 36.969630924790707 ], [ 129.101759961904321, 36.902258242410248 ], [ 129.151166589288721, 36.882046389087513 ], [ 129.157903850058375, 36.875309185145099 ], [ 129.160149550332875, 36.848360080950293 ], [ 129.171378365587287, 36.839377090178871 ], [ 129.202818908698958, 36.83488557510762 ], [ 129.218539226241177, 36.816919490588091 ], [ 129.243242568129773, 36.812427963231926 ], [ 129.265700067734429, 36.830394049540459 ], [ 129.285911893605515, 36.825902551230946 ], [ 129.281420400988168, 36.79670768341699 ], [ 129.299386426255836, 36.7832331981189 ], [ 129.294894945955178, 36.767512914772531 ], [ 129.274683154816614, 36.742809540443204 ], [ 129.272437404215879, 36.709123215391536 ], [ 129.279174653216586, 36.682174197978703 ], [ 129.294894945955178, 36.668699666735982 ], [ 129.294894945955178, 36.661962341451584 ], [ 129.27692890448813, 36.632767544679972 ], [ 129.351038823303043, 36.610309978382745 ], [ 129.386970873380079, 36.630521794958398 ], [ 129.413920016811687, 36.617047216888992 ], [ 129.436377532517582, 36.664208147543405 ], [ 129.452097805921142, 36.677682698380231 ], [ 129.470063913836469, 36.67543688036406 ], [ 129.465572359925744, 36.684419923656186 ], [ 129.474555380204833, 36.729335013127475 ], [ 129.465572359925744, 36.749546858721423 ], [ 129.474555380204833, 36.769758657908802 ], [ 129.422902982133991, 36.861834647500153 ], [ 129.41616576086281, 36.886537935730502 ], [ 129.418411503109411, 36.922470049265669 ], [ 129.409428444290825, 36.974122428816166 ], [ 129.418411503109411, 36.994334216768337 ], [ 129.411674191912397, 37.04598662750557 ], [ 129.427394532812599, 37.059461130788861 ], [ 129.377987877839018, 37.104376284104724 ], [ 129.371250634442447, 37.129079542239701 ], [ 129.342055811831671, 37.173994680556433 ], [ 129.342055811831671, 37.218909778679716 ], [ 129.353284612267316, 37.230138578548839 ], [ 129.294894945955178, 37.304248539934335 ], [ 129.274683154816614, 37.308739983687325 ], [ 129.249979850138743, 37.362638112666268 ], [ 129.254471288358616, 37.373866936127143 ], [ 129.240996805970013, 37.376112721100114 ], [ 129.205064681248501, 37.400815999725587 ], [ 129.189344422331345, 37.421027821453947 ], [ 129.184852870613867, 37.445731164067283 ], [ 129.130954720027802, 37.495137786738688 ], [ 129.11523448905146, 37.531069853138568 ], [ 129.12197175354018, 37.551281650026112 ], [ 129.11298870783358, 37.571493477064557 ], [ 129.04786177346827, 37.623145867980369 ], [ 129.043370307068926, 37.636620383865925 ], [ 129.054599095816599, 37.650094906057042 ], [ 129.056844791298914, 37.668060987228309 ], [ 128.88167587618878, 37.818526585875361 ], [ 128.847989500010726, 37.856704471911243 ], [ 128.836760737202297, 37.852212907676389 ], [ 128.843497989707856, 37.863441728174699 ], [ 128.827777758614786, 37.876916195978815 ], [ 128.825532018480544, 37.883653476964668 ], [ 128.83226924432617, 37.890390748833227 ], [ 128.825532018480544, 37.901619552564924 ], [ 128.787354169062581, 37.928568580385374 ], [ 128.762650851454538, 37.960009184208559 ], [ 128.758159304933855, 37.975729448495692 ], [ 128.74693057059801, 37.980220994757765 ], [ 128.731210218283792, 38.002678537226167 ], [ 128.731210193781919, 38.020644586516944 ], [ 128.717735716232738, 38.025136092713971 ], [ 128.675066325270251, 38.063313951375669 ], [ 128.67506640283645, 38.079034243059667 ], [ 128.621168209400849, 38.128440884697497 ], [ 128.609939436358871, 38.144161126398707 ], [ 128.612185198074542, 38.177847466638703 ], [ 128.594219148161642, 38.198059304300131 ], [ 128.587481868714491, 38.186830536370579 ], [ 128.57849878443426, 38.191322025349031 ], [ 128.594219154771281, 38.213779557568479 ], [ 128.5627785962877, 38.249711680332609 ], [ 128.547058233652194, 38.283398002982665 ], [ 128.549304028906448, 38.299118312783392 ], [ 128.533583727040423, 38.308101360017993 ], [ 128.529092215497968, 38.326067397864101 ], [ 128.517863477527413, 38.332804638379756 ], [ 128.506634677613619, 38.370982475926766 ], [ 128.484177124030651, 38.384456996096056 ], [ 128.454982277089613, 38.422634899532802 ], [ 128.463965331242036, 38.445092437593715 ], [ 128.439261956924582, 38.472041496336054 ], [ 128.419050193435965, 38.507973583260068 ], [ 128.421295958608226, 38.516956625885854 ], [ 128.410067199622148, 38.528185403604262 ], [ 128.401084203486903, 38.559625973404621 ], [ 128.360660548628033, 38.6000495361193 ], [ 128.360660553988112, 38.615769892367901 ], [ 128.311253921386196, 38.593312325544836 ], [ 128.315745438014687, 38.519202391312042 ], [ 128.306762360463694, 38.50123632848517 ], [ 128.304516669013196, 38.474287276901769 ], [ 128.284304835817636, 38.433863673651764 ], [ 128.248372773108372, 38.413651844848594 ], [ 128.246126990992309, 38.400177334287157 ], [ 128.232652464337377, 38.395685831000193 ], [ 128.212440665383582, 38.368736758714796 ], [ 128.192228891942591, 38.370982491032606 ], [ 128.187737325780262, 38.359753730906107 ], [ 128.176508545752739, 38.361999456102588 ], [ 128.158542514307243, 38.339541888921417 ], [ 128.154051019802836, 38.341787676401609 ], [ 128.140576430876052, 38.330558870707556 ], [ 128.118118964971586, 38.335050394332498 ], [ 128.088924083578263, 38.312592860641644 ], [ 128.050746236691452, 38.303609787768245 ], [ 128.032780144589566, 38.308101329849677 ], [ 128.03502601324729, 38.312592847244076 ], [ 127.994602378562419, 38.312592823939738 ], [ 127.981127761556834, 38.319330106208895 ], [ 127.960916020778726, 38.312592804341307 ], [ 127.891297594749929, 38.328313138656114 ], [ 127.880068768611395, 38.326067376012801 ], [ 127.8823145662152, 38.319330103296409 ], [ 127.873331599519545, 38.312592845791343 ], [ 127.823924920102726, 38.301364086601694 ], [ 127.796975807967257, 38.323821616821718 ], [ 127.78125556494831, 38.34627917413102 ], [ 127.770026830041644, 38.332804632345777 ], [ 127.754306528375011, 38.330558892021237 ], [ 127.738586199096204, 38.337296130124351 ], [ 127.716128663572405, 38.328313121614954 ], [ 127.716128663572405, 38.332804604270528 ], [ 127.702654145334662, 38.335050391203744 ], [ 127.693671088871497, 38.321575849098963 ], [ 127.671213569249147, 38.319330109205204 ], [ 127.619561128252656, 38.321575845217531 ], [ 127.610578087856794, 38.332804632216884 ], [ 127.581383329451597, 38.332804657266173 ], [ 127.498290370428862, 38.296872549515534 ], [ 127.478078568557322, 38.314838574606583 ], [ 127.448883721524837, 38.312592830217021 ], [ 127.408460116868881, 38.330558877054379 ], [ 127.350070436413517, 38.326067378089867 ], [ 127.300663832002542, 38.31034711284417 ], [ 127.291680817087908, 38.32157583844986 ], [ 127.244519930046479, 38.330558889486873 ], [ 127.154689750136413, 38.301364036533137 ], [ 127.134477869398467, 38.310347108066139 ], [ 127.127740654642878, 38.296872558170051 ], [ 127.112020390061886, 38.292380999434599 ], [ 127.096300064353898, 38.276660721970273 ], [ 127.078334032196736, 38.27441497984541 ], [ 127.06710523197026, 38.260940488853784 ], [ 127.04464766065756, 38.25644893489973 ], [ 127.013207084703382, 38.23174566428461 ], [ 127.004224097009484, 38.21377960869674 ], [ 126.990749506409188, 38.213779586449 ], [ 126.986257996700132, 38.204796550034381 ] ], [ [ 128.836760737202297, 37.852212907676389 ], [ 128.805320201964633, 37.840984152376905 ], [ 128.830023500567961, 37.845475633496342 ], [ 128.836760737202297, 37.852212907676389 ] ] ] } },
{ "type": "Feature", "properties": { }, "geometry": { "type": "Polygon", "coordinates": [ [ [ 126.822317873388386, 35.233661719491039 ], [ 126.82680940805777, 35.204466915076011 ], [ 126.851512722669241, 35.182009298198096 ], [ 126.934605625852555, 35.146077246243159 ], [ 126.966046225850604, 35.148322994377459 ], [ 126.99973259763965, 35.168534774492528 ], [ 127.006469824848807, 35.217941412104373 ], [ 126.99973259763965, 35.231415926769657 ], [ 126.970537749341588, 35.244890528310911 ], [ 126.943588650677043, 35.253873547322897 ], [ 126.914393852510926, 35.253873511285185 ], [ 126.882953241156414, 35.242644774993195 ], [ 126.829055155005079, 35.251627766996734 ], [ 126.822317873388386, 35.233661719491039 ] ] ] } },
{ "type": "Feature", "properties": { }, "geometry": { "type": "Polygon", "coordinates": [ [ [ 125.676982432964579, 37.668060947526044 ], [ 125.683719700069844, 37.659077932792357 ], [ 125.679228196050829, 37.645603391835458 ], [ 125.690456983901598, 37.645603393820267 ], [ 125.715160254900553, 37.665815170806965 ], [ 125.710668765728826, 37.67704395571922 ], [ 125.688211202261286, 37.672552434887777 ], [ 125.681473979546638, 37.677043949965693 ], [ 125.676982432964579, 37.668060947526044 ] ] ] } },
{ "type": "Feature", "properties": { }, "geometry": { "type": "Polygon", "coordinates": [ [ [ 126.162065681170475, 37.668060942717176 ], [ 126.164311398322383, 37.661323704192689 ], [ 126.191260464225621, 37.659077901439133 ], [ 126.193506243859957, 37.650094892616295 ], [ 126.213718050863392, 37.659077922586462 ], [ 126.197997772667648, 37.679289690291547 ], [ 126.189014784898333, 37.681535452145745 ], [ 126.182277437717531, 37.670306679582488 ], [ 126.162065681170475, 37.668060942717176 ] ] ] } },
{ "type": "Feature", "properties": { }, "geometry": { "type": "Polygon", "coordinates": [ [ [ 126.283336456734773, 37.254841932004069 ], [ 126.319268581922088, 37.239121596994472 ], [ 126.334988846564883, 37.241367387969348 ], [ 126.34846337060182, 37.252596163523933 ], [ 126.290073727133489, 37.263824890234496 ], [ 126.283336456734773, 37.254841932004069 ] ] ] } },
{ "type": "Feature", "properties": { }, "geometry": { "type": "Polygon", "coordinates": [ [ [ 124.664146577570023, 37.818526612724185 ], [ 124.682112636954869, 37.80954352938376 ], [ 124.679866872653079, 37.793823286758752 ], [ 124.691095701281881, 37.802806252575586 ], [ 124.711307491019582, 37.802806266271446 ], [ 124.720290469658067, 37.816280844866462 ], [ 124.713553196896754, 37.827509623620664 ], [ 124.731519267877388, 37.83424683298756 ], [ 124.704570191285868, 37.845475667724216 ], [ 124.684358427293461, 37.829755335949606 ], [ 124.679866872653079, 37.818526579550671 ], [ 124.664146577570023, 37.818526612724185 ] ] ] } },
{ "type": "Feature", "properties": { }, "geometry": { "type": "Polygon", "coordinates": [ [ [ 126.274353501331461, 37.703992999108884 ], [ 126.290073727133489, 37.688272745228957 ], [ 126.314777027335069, 37.681535468294449 ], [ 126.341726116530523, 37.663569409961525 ], [ 126.33948037081062, 37.654586444684256 ], [ 126.352954928610117, 37.643357658779053 ], [ 126.382149721377033, 37.668060976039826 ], [ 126.370920994649111, 37.688272710040302 ], [ 126.326005832545391, 37.703993041895401 ], [ 126.326005832545391, 37.737679399912025 ], [ 126.317022837603389, 37.748908136502408 ], [ 126.287828036140937, 37.733187877833174 ], [ 126.292319517755615, 37.703993034960412 ], [ 126.281090733804291, 37.708484530317506 ], [ 126.274353501331461, 37.703992999108884 ] ] ] } },
{ "type": "Feature", "properties": { }, "geometry": { "type": "Polygon", "coordinates": [ [ [ 126.427064821979258, 37.257087684926979 ], [ 126.433802120972956, 37.227892808386372 ], [ 126.447276657131795, 37.239121581064396 ], [ 126.449522441689368, 37.227892806239957 ], [ 126.462996906325884, 37.225647050577614 ], [ 126.476471448229532, 37.241367380050811 ], [ 126.474225720382208, 37.254841883370517 ], [ 126.498929017299204, 37.254841894997959 ], [ 126.494437509531409, 37.272807967707806 ], [ 126.467488466866257, 37.281790973167084 ], [ 126.451768159675382, 37.279545219268932 ], [ 126.427064821979258, 37.257087684926979 ] ] ] } },
{ "type": "Feature", "properties": { }, "geometry": { "type": "Polygon", "coordinates": [ [ [ 126.092447235244308, 37.218909825185158 ], [ 126.108167576112436, 37.232384312319596 ], [ 126.105921806558101, 37.218909814538989 ], [ 126.114904826601276, 37.216664058244511 ], [ 126.117150584971256, 37.207680994850094 ], [ 126.130625096126536, 37.207680983913399 ], [ 126.148591169152269, 37.212172492265076 ], [ 126.148591169152269, 37.218909804576718 ], [ 126.155328387030522, 37.216664080083675 ], [ 126.155328387030522, 37.223401342021162 ], [ 126.166557215963394, 37.227892773659512 ], [ 126.157574134080349, 37.234630105742703 ], [ 126.144099668646064, 37.230138568217384 ], [ 126.144099668646064, 37.239121597542486 ], [ 126.128379313451006, 37.248104610703464 ], [ 126.121642072492094, 37.245858894707048 ], [ 126.105921806558101, 37.270562177320258 ], [ 126.092447235244308, 37.218909825185158 ] ] ] } },
{ "type": "Feature", "properties": { }, "geometry": { "type": "Polygon", "coordinates": [ [ [ 126.197997772667648, 37.764628416748977 ], [ 126.240667157685792, 37.748908127208253 ], [ 126.242912904443855, 37.757891150891524 ], [ 126.299056742747567, 37.762382720933189 ], [ 126.314777027335069, 37.769119936110698 ], [ 126.337234641709642, 37.791577503552361 ], [ 126.330497388896788, 37.800560507331831 ], [ 126.296810984214034, 37.796069026324474 ], [ 126.274353501331461, 37.814035057395877 ], [ 126.265370404126102, 37.809543577920351 ], [ 126.240667157685792, 37.814035058164208 ], [ 126.222701058451577, 37.793823283049498 ], [ 126.227192624649817, 37.784840237996598 ], [ 126.215963838879134, 37.771365680946907 ], [ 126.197997772667648, 37.764628416748977 ] ] ] } },
{ "type": "Feature", "properties": { }, "geometry": { "type": "Polygon", "coordinates": [ [ [ 126.534861103438132, 37.203189481547874 ], [ 126.543844148557938, 37.205435267109237 ], [ 126.566301685604969, 37.194206502763436 ], [ 126.577530451785421, 37.214418296896334 ], [ 126.591005045332977, 37.212172527364558 ], [ 126.602233823339972, 37.218909768375028 ], [ 126.613462566759821, 37.20768102737312 ], [ 126.604479525411307, 37.221155592135126 ], [ 126.579776234300141, 37.232384316995642 ], [ 126.613462566759821, 37.225647079983361 ], [ 126.622445601434023, 37.241367320403604 ], [ 126.613462566759821, 37.257087622074124 ], [ 126.570793195712483, 37.270562165296411 ], [ 126.579776234300141, 37.28852826097404 ], [ 126.559564411605194, 37.277299427341582 ], [ 126.539352677534893, 37.286282441779832 ], [ 126.559564411605194, 37.263824954348003 ], [ 126.559564411605194, 37.250350361969659 ], [ 126.55731868427209, 37.239121602089874 ], [ 126.541598364097027, 37.225647045034151 ], [ 126.550581429585236, 37.218909825609678 ], [ 126.534861103438132, 37.203189481547874 ] ] ] } },
{ "type": "Feature", "properties": { }, "geometry": { "type": "Polygon", "coordinates": [ [ [ 124.610248502070405, 37.973483735219737 ], [ 124.610248502070405, 37.955517662477426 ], [ 124.625968777582543, 37.946534647800959 ], [ 124.632706035982011, 37.921831324828304 ], [ 124.684358427293461, 37.917339811980511 ], [ 124.688849917281601, 37.910602541347075 ], [ 124.704570191285868, 37.928568621242682 ], [ 124.700078675195357, 37.937551622269481 ], [ 124.682112636954869, 37.937551634731392 ], [ 124.659655070680472, 37.951026167043246 ], [ 124.677621134402017, 37.953271954646596 ], [ 124.695587178494677, 37.942043153047862 ], [ 124.693341426900247, 37.953271889518042 ], [ 124.706815988204625, 37.957763420669494 ], [ 124.70906172666831, 37.93979737019923 ], [ 124.731519267877388, 37.948780413253203 ], [ 124.731519267877388, 37.955517699383527 ], [ 124.744993849305018, 37.953271883505941 ], [ 124.718044770573343, 37.982466702464393 ], [ 124.630460256851848, 37.968992211681375 ], [ 124.610248502070405, 37.973483735219737 ] ] ] } },
{ "type": "Feature", "properties": { }, "geometry": { "type": "Polygon", "coordinates": [ [ [ 126.34846337060182, 37.710730286451529 ], [ 126.355200691100165, 37.701747292708887 ], [ 126.384395532410252, 37.697255734283225 ], [ 126.411344554181071, 37.65234066410099 ], [ 126.40236153440344, 37.636620368469487 ], [ 126.366429420590251, 37.629883135656733 ], [ 126.373166723699853, 37.611917068374716 ], [ 126.368675199396179, 37.607425539467449 ], [ 126.409098795550989, 37.589459515950857 ], [ 126.433802120972956, 37.593951003799482 ], [ 126.436047891939523, 37.587213709667587 ], [ 126.460751191171354, 37.584967955108901 ], [ 126.460751191171326, 37.596196728454444 ], [ 126.474225720382208, 37.61416284069653 ], [ 126.492191737968994, 37.593951029204753 ], [ 126.512403586850994, 37.596196742879464 ], [ 126.525878141165634, 37.611917004781709 ], [ 126.534861103438132, 37.632128824705084 ], [ 126.525878141165634, 37.636620370255095 ], [ 126.53036959127779, 37.659077944984702 ], [ 126.519140876391774, 37.677043927501543 ], [ 126.523632315705626, 37.699501508952579 ], [ 126.514649334433415, 37.70848455290102 ], [ 126.523632315705626, 37.746662435249341 ], [ 126.501174753481507, 37.784840265759968 ], [ 126.47871727442255, 37.787085994681803 ], [ 126.438293596398807, 37.811789305546505 ], [ 126.436047891939523, 37.8230181011293 ], [ 126.39562425433212, 37.816280839021942 ], [ 126.391132733115512, 37.802806282716865 ], [ 126.368675199396179, 37.796068986758989 ], [ 126.355200691100165, 37.780348698574151 ], [ 126.366429420590265, 37.755645456742442 ], [ 126.357446387463881, 37.751153930874523 ], [ 126.355200691100165, 37.719713329212212 ], [ 126.34846337060182, 37.710730286451529 ] ] ] } },
{ "type": "Feature", "properties": { }, "geometry": { "type": "Polygon", "coordinates": [ [ [ 126.665114938834932, 37.832001102484988 ], [ 126.676343706531668, 37.820772345179108 ], [ 126.683081011503916, 37.80056054369151 ], [ 126.674098022384243, 37.769119970062363 ], [ 126.689818283482566, 37.753399634525657 ], [ 126.676343706531668, 37.683781256284767 ], [ 126.701047032458405, 37.661323693293959 ], [ 126.772911210134453, 37.62763734999551 ], [ 126.76617398904753, 37.618654320519994 ], [ 126.759436730796693, 37.616408578530475 ], [ 126.667360728821819, 37.672552440057537 ], [ 126.66286924589194, 37.708484564889687 ], [ 126.671852188299525, 37.730942105820105 ], [ 126.665114938834918, 37.764628448035118 ], [ 126.651640426308759, 37.780348696671787 ], [ 126.608971057166741, 37.751153908852189 ], [ 126.570793195712483, 37.75115388756587 ], [ 126.559564411605194, 37.762382669373913 ], [ 126.521386588265955, 37.764628408280288 ], [ 126.53036959127779, 37.739925168241626 ], [ 126.523632315705626, 37.712976083677944 ], [ 126.534861103438132, 37.692764273673895 ], [ 126.528123899691906, 37.670306716653862 ], [ 126.54608994844952, 37.659077883136625 ], [ 126.537106923979707, 37.647849095561547 ], [ 126.552827193250607, 37.623145850059949 ], [ 126.575284766921314, 37.62314583142593 ], [ 126.577530451785421, 37.614162800635576 ], [ 126.561810236710514, 37.609671267941053 ], [ 126.575284766921314, 37.591705212324001 ], [ 126.579776234300141, 37.58945952232969 ], [ 126.588759269238494, 37.600688293939434 ], [ 126.597742299722213, 37.580476475353876 ], [ 126.604479525411307, 37.578230691022789 ], [ 126.640411647538571, 37.587213733372586 ], [ 126.64939465735857, 37.578230747699394 ], [ 126.665114938834918, 37.57598499193287 ], [ 126.66286924589194, 37.567001950723878 ], [ 126.644903163927395, 37.56475616224624 ], [ 126.642657439474377, 37.551281649010676 ], [ 126.678589487645752, 37.558018895638618 ], [ 126.689818283482566, 37.551281630034211 ], [ 126.703292809402441, 37.553527409144856 ], [ 126.745962186359421, 37.540052859306243 ], [ 126.761682469387083, 37.528824072886479 ], [ 126.757190924170757, 37.497383513632386 ], [ 126.761682469387083, 37.472680219731679 ], [ 126.795368761072893, 37.447976892992237 ], [ 126.788631529338915, 37.432256553702423 ], [ 126.79087728665256, 37.416536290795698 ], [ 126.77515703350744, 37.405307502175781 ], [ 126.777402788769535, 37.391832942482495 ], [ 126.745962186359421, 37.396324518467445 ], [ 126.734733393812121, 37.389587247997923 ], [ 126.736979140178306, 37.369375395721462 ], [ 126.723504630340059, 37.367129699673903 ], [ 126.689818283482566, 37.335689115064433 ], [ 126.701047032458405, 37.331197603719524 ], [ 126.752699435714376, 37.335689074479092 ], [ 126.752699435714376, 37.342426367174411 ], [ 126.76617398904753, 37.340180630647197 ], [ 126.745962186359421, 37.317723032566434 ], [ 126.761682469387083, 37.319968801935367 ], [ 126.748207921905674, 37.304248493786631 ], [ 126.779648475914243, 37.297511249534523 ], [ 126.822317873388386, 37.299756977565913 ], [ 126.82680940805777, 37.284036690555624 ], [ 126.842529679019918, 37.275053662922936 ], [ 126.853758456128759, 37.277299448325998 ], [ 126.869478724842807, 37.26157914378927 ], [ 126.853758456128759, 37.254841848445196 ], [ 126.811089073244943, 37.281790936230415 ], [ 126.79087728665256, 37.266070693895649 ], [ 126.788631529338915, 37.248104608535982 ], [ 126.779648475914243, 37.241367328801026 ], [ 126.786385786032085, 37.236875853837823 ], [ 126.770665483055197, 37.218909819401752 ], [ 126.777402788769535, 37.230138549903472 ], [ 126.772911210134453, 37.236875876053084 ], [ 126.761682469387083, 37.234630084695738 ], [ 126.759436730796693, 37.254841893809065 ], [ 126.714521582341817, 37.25484192306417 ], [ 126.694309788783585, 37.261579129781147 ], [ 126.676343706531668, 37.25708767277456 ], [ 126.692064069990977, 37.24810459607977 ], [ 126.66286924589194, 37.236875810293739 ], [ 126.683081011503916, 37.22340132066158 ], [ 126.66960645120939, 37.212172558336874 ], [ 126.671852188299525, 37.198698038621664 ], [ 126.676343706531668, 37.196452261911887 ], [ 126.703292809402441, 37.218909824891526 ], [ 126.71227581527674, 37.209926746531437 ], [ 126.701047032458405, 37.19869796757834 ], [ 126.671852188299525, 37.189714957974793 ], [ 126.66286924589194, 37.173994691885774 ], [ 126.65613192628274, 37.173994713840308 ], [ 126.665114938834932, 37.167257417533257 ], [ 126.65613192628274, 37.151537095739535 ], [ 126.701047032458405, 37.167257394392699 ], [ 126.694309788783585, 37.156028645821237 ], [ 126.698801270031282, 37.15378292165564 ], [ 126.680835283406481, 37.144799820419209 ], [ 126.674098022384243, 37.133571096388167 ], [ 126.683081011503916, 37.108867752388754 ], [ 126.721258887855541, 37.13132534074564 ], [ 126.743716382841555, 37.165011668914815 ], [ 126.793123057959107, 37.173994696189595 ], [ 126.795368761072893, 37.160520186780843 ], [ 126.777402788769535, 37.156028635097428 ], [ 126.781894259308288, 37.153782862028926 ], [ 126.813334805575266, 37.158274427853456 ], [ 126.82007208568929, 37.167257409508828 ], [ 126.829055155005079, 37.160520132539155 ], [ 126.847021214571996, 37.162765854575753 ], [ 126.840283931774223, 37.153782901183725 ], [ 126.808843354791719, 37.14030831887947 ], [ 126.806597568070458, 37.131325322774877 ], [ 126.772911210134453, 37.129079542907256 ], [ 126.759436730796693, 37.111113477271637 ], [ 126.768419687888013, 37.099884780363404 ], [ 126.76617398904753, 37.068444185329888 ], [ 126.784139974561981, 37.079672924481876 ], [ 126.786385786032085, 37.075181430706486 ], [ 126.750453671695325, 37.05047809112623 ], [ 126.743716382841555, 37.039249371795641 ], [ 126.784139974561981, 37.032512086995283 ], [ 126.806597568070458, 37.014545998357981 ], [ 126.849266920738714, 37.021283290645201 ], [ 126.869478724842807, 37.034757801474044 ], [ 126.882953241156414, 37.077427185800069 ], [ 126.887444772294927, 37.061706868002389 ], [ 126.876215963315175, 37.034757865623511 ], [ 126.909902328897743, 37.034757809471628 ], [ 126.871724484845529, 37.028020563750147 ], [ 126.849266920738714, 37.01230025764378 ], [ 126.795368761072893, 37.005562993746921 ], [ 126.788631529338915, 36.998825700294994 ], [ 126.802106036342067, 36.989842684809361 ], [ 126.817826311811402, 36.989842698200164 ], [ 126.851512722669241, 36.951664838365936 ], [ 126.891936275077995, 36.933698800118293 ], [ 126.905410858474539, 36.913487020470612 ], [ 126.972783530504742, 36.931453033286353 ], [ 126.97502924262335, 36.951664878650931 ], [ 126.963800483550699, 36.96064789032102 ], [ 126.972783530504714, 36.96289362243607 ], [ 126.972783530504742, 36.983105440848725 ], [ 126.988503786114464, 36.994334198599319 ], [ 127.033418892784695, 36.978613916300098 ], [ 127.035664621266008, 36.994334228048352 ], [ 127.026681619018149, 37.003317240201987 ], [ 127.015452863387182, 37.00331727310887 ], [ 127.01545286338721, 37.012300279789436 ], [ 127.04240196391288, 36.994334195896371 ], [ 127.060367969236921, 36.992088467551064 ], [ 127.026681619018149, 36.974122459863402 ], [ 126.995241067407377, 36.987596941940978 ], [ 126.984012302094428, 36.985351207813999 ], [ 126.979520787565164, 36.97187669001012 ], [ 126.990749506409188, 36.94717337871456 ], [ 126.990749506409188, 36.924715801878953 ], [ 126.984012302094428, 36.915732735590311 ], [ 126.972783530504742, 36.917978488043317 ], [ 126.948080159731944, 36.906749753508969 ], [ 127.028927391649319, 36.893275223985299 ], [ 127.080579763735201, 36.906749775094227 ], [ 127.112020390061886, 36.92471578808486 ], [ 127.138969460340434, 36.924715764222938 ], [ 127.170409966901488, 36.913487062781698 ], [ 127.206342133582211, 36.884292192532506 ], [ 127.260240193709734, 36.879800688800749 ], [ 127.320875645666845, 36.891029456062633 ], [ 127.347824712772336, 36.906749729409981 ], [ 127.370282266306475, 36.904503991930426 ], [ 127.390494056939417, 36.920224299899658 ], [ 127.390494056939417, 36.95166483271467 ], [ 127.442146427897882, 36.971876639769569 ], [ 127.453375219801842, 36.998825765862748 ], [ 127.475832744780561, 37.016791788443754 ], [ 127.4848157739263, 37.005563030345876 ], [ 127.498290370428862, 37.007808744006525 ], [ 127.496044620389753, 36.989842669252177 ], [ 127.579137549995735, 37.106622013852189 ], [ 127.581383329451597, 37.09539322560876 ], [ 127.62854415188832, 37.162765922105045 ], [ 127.713882916167606, 37.315477263716062 ], [ 127.749814998756406, 37.367129632645351 ], [ 127.776764023991802, 37.43001085536919 ], [ 127.767780991803278, 37.450222634078393 ], [ 127.801467345044784, 37.483909003876065 ], [ 127.817187653259651, 37.486154752191126 ], [ 127.830662176942809, 37.50412076815249 ], [ 127.808204606849998, 37.535561372598778 ], [ 127.790238573946809, 37.531069840190121 ], [ 127.756552265107885, 37.54454438110421 ], [ 127.718374419509189, 37.544544337899673 ], [ 127.673459314299166, 37.575984932467001 ], [ 127.644264425801452, 37.578230711612882 ], [ 127.626298422979517, 37.591705235298029 ], [ 127.601595112786612, 37.598442539832902 ], [ 127.563417274980381, 37.587213759941513 ], [ 127.534222396799677, 37.611917095263351 ], [ 127.545451174309932, 37.623145816864479 ], [ 127.556680027858235, 37.659077880104562 ], [ 127.556680027858235, 37.677043934714774 ], [ 127.531976653822255, 37.674798214489151 ], [ 127.522993615646854, 37.668060974119342 ], [ 127.516256397950613, 37.679289689678029 ], [ 127.520747920947912, 37.688272736426491 ], [ 127.543205464718511, 37.701747290045745 ], [ 127.547696974769863, 37.712976073501764 ], [ 127.534222396799677, 37.742170898706092 ], [ 127.534222396799677, 37.751153928956462 ], [ 127.543205464718483, 37.760136915622063 ], [ 127.534222396799677, 37.784840237725035 ], [ 127.540959683365315, 37.796068995302271 ], [ 127.563417274980381, 37.802806249718387 ], [ 127.58362903696316, 37.820772356841879 ], [ 127.610578087856794, 37.825263888732742 ], [ 127.621806911150358, 37.834246875873532 ], [ 127.62854415188832, 37.872424750542045 ], [ 127.619561128252656, 37.89712804576078 ], [ 127.606086622571112, 37.910602539446074 ], [ 127.56117148937976, 37.921831355335634 ], [ 127.558925713231801, 37.944288932043683 ], [ 127.543205464718483, 37.9510261293997 ], [ 127.505027598089427, 37.948780435973134 ], [ 127.482570083138953, 37.960009153415285 ], [ 127.471341289924595, 37.973483700814988 ], [ 127.464604019772509, 37.995941278249035 ], [ 127.462358255954527, 38.047593672176468 ], [ 127.448883721524837, 38.063313944862358 ], [ 127.439900683659189, 38.06555971261939 ], [ 127.426426188017672, 38.054330898634603 ], [ 127.424180433829136, 38.061068175913796 ], [ 127.401722807072986, 38.06780549813292 ], [ 127.363545002631881, 38.058822417896771 ], [ 127.352316252305457, 38.04759362166692 ], [ 127.325367171036845, 38.067805486614745 ], [ 127.302909572458191, 38.074542754162927 ], [ 127.296172302495805, 38.101491815413432 ], [ 127.302909572458191, 38.123949376438119 ], [ 127.314138357651061, 38.135178140270192 ], [ 127.287189294272807, 38.139669640700355 ], [ 127.255748738406808, 38.108229068734445 ], [ 127.242274153310177, 38.105983298527555 ], [ 127.219816603581833, 38.108229071992881 ], [ 127.206342133582211, 38.121703619455758 ], [ 127.208587808915979, 38.139669692596911 ], [ 127.201850572464693, 38.141915439726468 ], [ 127.188376085759558, 38.128440888268408 ], [ 127.192867589306729, 38.112720585999448 ], [ 127.183884547123839, 38.081279963350163 ], [ 127.168164244638675, 38.074542751524788 ], [ 127.107528842750838, 38.108229088784974 ], [ 127.098545812045998, 38.126195121335485 ], [ 127.078334032196736, 38.121703625680375 ], [ 127.062613765666242, 38.150898433488571 ], [ 127.035664621266008, 38.171110261652466 ], [ 127.035664621266008, 38.180093263066119 ], [ 127.004224097009484, 38.191322024426164 ], [ 126.986257996700132, 38.204796550034381 ], [ 126.966046225850604, 38.186830521673201 ], [ 126.972783530504742, 38.18233898456532 ], [ 126.968291981118909, 38.168864488712622 ], [ 126.952571721077149, 38.157635702344621 ], [ 126.970537749341588, 38.14416113333877 ], [ 126.968291981118909, 38.1329323573704 ], [ 126.950325974874588, 38.132932377950155 ], [ 126.909902328897743, 38.11272058597784 ], [ 126.900919277245052, 38.097000287441446 ], [ 126.885199000005102, 38.101491803731385 ], [ 126.869478724842807, 38.083525734886486 ], [ 126.860495738211526, 38.040856354614071 ], [ 126.838038116109843, 38.027381876029089 ], [ 126.82680940805777, 38.004924298353934 ], [ 126.811089073244943, 37.995941264731101 ], [ 126.793123057959107, 37.995941243143363 ], [ 126.786385786032085, 37.982466766302046 ], [ 126.761682469387083, 37.97797522301336 ], [ 126.757190924170757, 37.971237947592485 ], [ 126.734733393812121, 37.96450069043884 ], [ 126.730241861816552, 37.955517694018376 ], [ 126.705538600849394, 37.948780384865252 ], [ 126.692064069990977, 37.955517650627733 ], [ 126.671852188299525, 37.953271960944882 ], [ 126.676343706531668, 37.924077098743815 ], [ 126.692064069990977, 37.915094065046567 ], [ 126.683081011503916, 37.899373784033791 ], [ 126.683081011503916, 37.872424726139236 ], [ 126.692064069990977, 37.843229872145123 ], [ 126.665114938834932, 37.832001102484988 ] ], [ [ 126.838038116109843, 37.513103835626978 ], [ 126.835792396286607, 37.497383533401845 ], [ 126.842529679019918, 37.492892003567114 ], [ 126.844775439957175, 37.46594289963847 ], [ 126.851512722669241, 37.461451428462915 ], [ 126.882953241156414, 37.474925970162829 ], [ 126.909902328897743, 37.425519291289291 ], [ 126.972783530504742, 37.427765077149694 ], [ 127.017698572824145, 37.447976907205152 ], [ 127.049139173549889, 37.45022267487365 ], [ 127.049139173549889, 37.434502364229736 ], [ 127.055876495508343, 37.42551928435887 ], [ 127.094054328865525, 37.441239573290083 ], [ 127.127740654642878, 37.443485333359718 ], [ 127.145706690996946, 37.456959872650451 ], [ 127.138969460340434, 37.46145140799247 ], [ 127.143460935514426, 37.46818869771807 ], [ 127.150198237683256, 37.465942887899914 ], [ 127.170409966901488, 37.483908998382176 ], [ 127.159181228259982, 37.492892026374015 ], [ 127.161426985078279, 37.510858060875499 ], [ 127.168164244638689, 37.519841034240699 ], [ 127.197359057668947, 37.533315584318913 ], [ 127.181638754460721, 37.562510452952502 ], [ 127.118757597284784, 37.542298615488235 ], [ 127.114266140980106, 37.558018897137146 ], [ 127.129986408158757, 37.593950972129463 ], [ 127.107528842750838, 37.632128835263536 ], [ 127.103037343985591, 37.674798205608859 ], [ 127.085071263687539, 37.681535489675333 ], [ 127.031173176877942, 37.683781207619205 ], [ 127.001978299975463, 37.665815188564316 ], [ 127.001978299975463, 37.656832181318563 ], [ 126.988503786114464, 37.641111889681227 ], [ 126.990749506409188, 37.62090007671506 ], [ 126.984012302094428, 37.616408578081426 ], [ 126.92337689480236, 37.611917018759321 ], [ 126.914393852510926, 37.602934055101571 ], [ 126.914393852510926, 37.575984955985334 ], [ 126.869478724842807, 37.560264640535124 ], [ 126.842529679019918, 37.569247650627268 ], [ 126.829055155005079, 37.584967978860497 ], [ 126.815580633917932, 37.587213736070744 ], [ 126.808843354791748, 37.571493448087779 ], [ 126.788631529338915, 37.553527366210801 ], [ 126.838038116109843, 37.513103835626978 ] ] ] } },
{ "type": "Feature", "properties": { }, "geometry": { "type": "Polygon", "coordinates": [ [ [ 127.913755119885835, 35.887176636209389 ], [ 127.920492398286044, 35.862473346124958 ], [ 127.956424492852761, 35.851244558439774 ], [ 127.960915981915477, 35.828787011472414 ], [ 127.969899044745958, 35.824295467718692 ], [ 128.012568373529007, 35.819804001554324 ], [ 128.030534419091452, 35.804083687997441 ], [ 128.077695337804386, 35.797346403924671 ], [ 128.097907150615953, 35.801837937723505 ], [ 128.13608493052385, 35.788363385995467 ], [ 128.149559541732572, 35.756922770183529 ], [ 128.178754361518941, 35.743448246550756 ], [ 128.185491611936158, 35.73446526365133 ], [ 128.18324582920431, 35.727727974139356 ], [ 128.210194871311501, 35.716499234340482 ], [ 128.219177903609904, 35.70077889877517 ], [ 128.216932197627699, 35.6805670915628 ], [ 128.194474638766479, 35.6334062108685 ], [ 128.205703428793925, 35.61768595708768 ], [ 128.255110020745263, 35.606457149126513 ], [ 128.313499631495432, 35.619931729792249 ], [ 128.360660531494943, 35.608702926358184 ], [ 128.383118078968891, 35.588491118929419 ], [ 128.407821397087019, 35.577262323006693 ], [ 128.428033232286822, 35.579508104861148 ], [ 128.463965300162727, 35.601965632452554 ], [ 128.511126213328453, 35.597474148495088 ], [ 128.520109237078458, 35.604211441200611 ], [ 128.53133793944275, 35.640143513756918 ], [ 128.542566732439013, 35.644635026202074 ], [ 128.556041273031212, 35.631160529663781 ], [ 128.549303986914794, 35.606457213773666 ], [ 128.558287015330478, 35.583999662858751 ], [ 128.614430941379283, 35.543576013890089 ], [ 128.657100266829417, 35.552559077120165 ], [ 128.693032351783046, 35.552559066618123 ], [ 128.776125345406371, 35.525609977480848 ], [ 128.834514989875572, 35.557050589501358 ], [ 128.856972540835528, 35.559296333781766 ], [ 128.897396137701975, 35.590736869653938 ], [ 128.933328241746011, 35.59073687290644 ], [ 128.975997577081614, 35.572770887978791 ], [ 129.00070089439285, 35.572770821616267 ], [ 129.050107547135724, 35.606457178059806 ], [ 129.074810845907137, 35.606457184510546 ], [ 129.081548101888529, 35.613194479264635 ], [ 129.068073592652297, 35.635651994551907 ], [ 129.07031936990677, 35.649126549786878 ], [ 129.11523448905146, 35.671584055682203 ], [ 129.182607173529647, 35.682812891794491 ], [ 129.254471288358616, 35.658109560837772 ], [ 129.252225530013419, 35.626669019857793 ], [ 129.256717045898881, 35.619931692092635 ], [ 129.299386426255836, 35.613194420325847 ], [ 129.328581254511619, 35.631160509042779 ], [ 129.357776106801822, 35.633406258933753 ], [ 129.427394532812599, 35.613194418505856 ], [ 129.458835092239923, 35.610948707083338 ], [ 129.447606297878139, 35.624423258251987 ], [ 129.447606297878167, 35.633406219781392 ], [ 129.481292681932445, 35.687304366341216 ], [ 129.479046916881629, 35.696287367257291 ], [ 129.501504466281546, 35.777134610655921 ], [ 129.494767225342997, 35.783871853068938 ], [ 129.514978963690737, 35.801837961025242 ], [ 129.526207737232795, 35.84899881081607 ], [ 129.539682309458641, 35.864719096912289 ], [ 129.528453531877744, 35.875947862667758 ], [ 129.537436527471954, 35.898405413022452 ], [ 129.526207737232795, 35.920862980331016 ], [ 129.55315686796223, 35.947812027165796 ], [ 129.559894072111689, 35.979252656825516 ], [ 129.571122901865721, 35.983744111612772 ], [ 129.584597390303344, 36.017430496478255 ], [ 129.580105931693936, 36.053362548991316 ], [ 129.55764831378238, 36.080311662374584 ], [ 129.544173786806766, 36.075820159281193 ], [ 129.488029884808697, 36.012938984976479 ], [ 129.470063913836469, 36.008447450326855 ], [ 129.449852092411305, 35.988235637512254 ], [ 129.420657243537732, 35.994972931442973 ], [ 129.398199680012169, 36.015184724325024 ], [ 129.377987877839018, 36.019676209314625 ], [ 129.384725186214638, 36.024167736243172 ], [ 129.377987877839018, 36.039888041518275 ], [ 129.380233648885934, 36.051116798181134 ], [ 129.400445436311372, 36.066837076766944 ], [ 129.418411503109411, 36.066837120543973 ], [ 129.41616576086281, 36.080311656284678 ], [ 129.429640265826947, 36.098277714114438 ], [ 129.395953922018833, 36.136455502197087 ], [ 129.398199680012141, 36.165650380354315 ], [ 129.375742105222173, 36.190353675926005 ], [ 129.375742105222173, 36.203828182940988 ], [ 129.384725186214638, 36.215056951251583 ], [ 129.384725186214638, 36.235268745803182 ], [ 129.373496410154985, 36.250989075866521 ], [ 129.380233648885905, 36.268955116835535 ], [ 129.375742105222173, 36.277938156352356 ], [ 129.389216638011987, 36.352048096233794 ], [ 129.429640265826976, 36.414929220973882 ], [ 129.434131805209176, 36.482301884886603 ], [ 129.452097805921142, 36.502513753598471 ], [ 129.440869060355169, 36.518234010762541 ], [ 129.438623257897348, 36.545183065219554 ], [ 129.411674191912397, 36.585606663670859 ], [ 129.418411503109411, 36.601326964874055 ], [ 129.40718269490614, 36.623784540288192 ], [ 129.386970873380079, 36.630521794958398 ], [ 129.351038823303043, 36.610309978382745 ], [ 129.27692890448813, 36.632767544679972 ], [ 129.294894945955178, 36.661962341451584 ], [ 129.294894945955178, 36.668699666735982 ], [ 129.279174653216586, 36.682174197978703 ], [ 129.272437404215879, 36.709123215391536 ], [ 129.274683154816614, 36.742809540443204 ], [ 129.294894945955178, 36.767512914772531 ], [ 129.299386426255836, 36.7832331981189 ], [ 129.281420400988168, 36.79670768341699 ], [ 129.285911893605515, 36.825902551230946 ], [ 129.265700067734429, 36.830394049540459 ], [ 129.243242568129773, 36.812427963231926 ], [ 129.218539226241177, 36.816919490588091 ], [ 129.202818908698958, 36.83488557510762 ], [ 129.171378365587287, 36.839377090178871 ], [ 129.160149550332875, 36.848360080950293 ], [ 129.157903850058375, 36.875309185145099 ], [ 129.151166589288721, 36.882046389087513 ], [ 129.101759961904321, 36.902258242410248 ], [ 129.09053113994662, 36.969630924790707 ], [ 129.137692063605556, 36.992088482991214 ], [ 129.166886887885767, 36.983105431981194 ], [ 129.191590197590699, 36.996579960467955 ], [ 129.189344422331345, 37.014546052018019 ], [ 129.162395329760074, 37.030266327247922 ], [ 129.117480190893644, 37.041495085230935 ], [ 129.101759961904321, 37.04149505872379 ], [ 129.074810845907137, 37.021283272219428 ], [ 128.996209374794375, 37.043740891546555 ], [ 128.962523085604147, 37.037003597167889 ], [ 128.955785773457109, 37.048232379536337 ], [ 128.935573973940365, 37.054969639668059 ], [ 128.897396137701975, 37.025774821674979 ], [ 128.88167587618878, 37.025774831327958 ], [ 128.87718439747897, 37.037003539305047 ], [ 128.88167587618878, 37.061706913075966 ], [ 128.845743744005262, 37.070689918369133 ], [ 128.816548916806994, 37.097638991470852 ], [ 128.758159291288678, 37.075181427705672 ], [ 128.755913534491384, 37.059461153021232 ], [ 128.767142340771272, 37.04823238195069 ], [ 128.755913534491384, 36.996579975791555 ], [ 128.74693053001161, 36.992088446445429 ], [ 128.71548991191122, 37.005563002296945 ], [ 128.695278120122595, 37.003317255855393 ], [ 128.661591798549608, 37.021283316786729 ], [ 128.650363030731086, 37.02128329135364 ], [ 128.627905474338888, 37.003317254667472 ], [ 128.607693636777782, 37.010054559014712 ], [ 128.589727604541849, 36.987596930922187 ], [ 128.562778590413274, 36.976368183838268 ], [ 128.533583722906172, 36.951664837388158 ], [ 128.513371963678509, 36.949419079233792 ], [ 128.495405906214387, 36.926961540705712 ], [ 128.463965300162727, 36.913487012415487 ], [ 128.459473814304999, 36.902258233976603 ], [ 128.445999294161226, 36.893275185618606 ], [ 128.419050222682728, 36.843868594572037 ], [ 128.430278995350903, 36.839377085926074 ], [ 128.44375350172146, 36.810182259124048 ], [ 128.407821397087019, 36.774250155140358 ], [ 128.376380838914656, 36.774250175995846 ], [ 128.360660531494943, 36.760775646334451 ], [ 128.311253946910568, 36.760775643600155 ], [ 128.286550620872362, 36.803444994727784 ], [ 128.250618521360138, 36.819165272476702 ], [ 128.239389745582827, 36.834885565335043 ], [ 128.221423695634456, 36.810182260801739 ], [ 128.207949187530886, 36.805690729723018 ], [ 128.201211847572182, 36.774250138646245 ], [ 128.145068007658324, 36.785478918010526 ], [ 128.124856159070418, 36.796707758660283 ], [ 128.102398670863835, 36.783233146153471 ], [ 128.091169876777116, 36.765267107891901 ], [ 128.075449522815859, 36.763021412262042 ], [ 128.059729239366277, 36.778741683142265 ], [ 128.052991968103527, 36.776495930915196 ], [ 128.023797162331334, 36.720352023666308 ], [ 128.059729239366277, 36.675436944269912 ], [ 128.046254755481101, 36.673191115103819 ], [ 127.99909384010742, 36.688911470311979 ], [ 127.985619310512135, 36.682174161874407 ], [ 127.947441519138948, 36.697894441790972 ], [ 127.945195692484759, 36.684419925554749 ], [ 127.920492398286044, 36.664208131697976 ], [ 127.902526361884682, 36.655225098453641 ], [ 127.875577309586873, 36.652979328790018 ], [ 127.864348541603704, 36.643996306320638 ], [ 127.857611259134572, 36.632767567751301 ], [ 127.862102746133147, 36.614801525754956 ], [ 127.857611259134572, 36.608064217544943 ], [ 127.817187653259651, 36.572132169059394 ], [ 127.792484360660509, 36.569886361825077 ], [ 127.783501343430558, 36.560903371009282 ], [ 127.790238573946809, 36.542937297581886 ], [ 127.855365486680498, 36.529462796814776 ], [ 127.862102746133147, 36.502513707541631 ], [ 127.886806105174102, 36.493530708343073 ], [ 127.889051822142747, 36.486793423817055 ], [ 127.884560314795166, 36.466581650881189 ], [ 127.864348541603704, 36.464335836616485 ], [ 127.859857039273876, 36.453107045345448 ], [ 127.862102746133147, 36.421666532036866 ], [ 127.855365486680498, 36.399208965030063 ], [ 127.862102746133147, 36.378997169785791 ], [ 127.848628215568894, 36.361031083189964 ], [ 127.866594263771617, 36.325099045055524 ], [ 127.850873964883732, 36.302641447306712 ], [ 127.828416416796998, 36.28916693595076 ], [ 127.828416416796998, 36.253234818705103 ], [ 127.835153720762094, 36.242006012435127 ], [ 127.850873964883732, 36.237514578444554 ], [ 127.886806105174102, 36.259972102860516 ], [ 127.891297627529013, 36.246497535845833 ], [ 127.916000925945468, 36.239760315993024 ], [ 127.918246658453356, 36.230777253753388 ], [ 127.940704222380404, 36.217302730890935 ], [ 127.994602356607302, 36.230777280996023 ], [ 128.008076889066501, 36.228531529457193 ], [ 128.021551423441991, 36.219548472007027 ], [ 128.023797162331334, 36.188107945589323 ], [ 128.037271735697288, 36.172387628515366 ], [ 128.030534419091452, 36.161158878223922 ], [ 127.99909384010742, 36.174633394857928 ], [ 127.972144787608443, 36.161158858845816 ], [ 127.960915981915477, 36.147684309970543 ], [ 127.960915981915477, 36.136455567209644 ], [ 127.972144787608443, 36.120735209728089 ], [ 127.967653308898434, 36.091540419875578 ], [ 127.949687272088781, 36.078065845775704 ], [ 127.95193303217367, 36.069082855090734 ], [ 127.945195692484759, 36.064591368620476 ], [ 127.938458498107451, 36.037642235212616 ], [ 127.920492398286044, 36.015184728207494 ], [ 127.911509402066741, 36.012938980509396 ], [ 127.902526361884682, 36.019676235495339 ], [ 127.877823069786515, 36.008447473084907 ], [ 127.924983899870128, 35.941074792425724 ], [ 127.927229661593657, 35.918617218602016 ], [ 127.913755119885835, 35.887176636209389 ] ], [ [ 128.477439854117421, 35.828787009583529 ], [ 128.497651630041418, 35.828786995212013 ], [ 128.520109237078458, 35.795100632699807 ], [ 128.562778590413274, 35.768151565883414 ], [ 128.574007307580899, 35.774888844192368 ], [ 128.576253077186493, 35.792854926747481 ], [ 128.589727604541849, 35.792854942278062 ], [ 128.591973397316963, 35.804083641398393 ], [ 128.657100266829417, 35.797346427132474 ], [ 128.688540902996579, 35.786117607260138 ], [ 128.69976966466615, 35.790609162169432 ], [ 128.717735705895763, 35.804083650833391 ], [ 128.71099841139096, 35.819804001816706 ], [ 128.726718746745007, 35.840015796711221 ], [ 128.724472942888724, 35.848998783950094 ], [ 128.728964473123966, 35.853490337071719 ], [ 128.742439041591552, 35.848998796801702 ], [ 128.76489657508435, 35.871456376360335 ], [ 128.758159291288678, 35.889422409102359 ], [ 128.76265081159903, 35.90514272643032 ], [ 128.740193220989653, 35.92535452029486 ], [ 128.744684784638366, 35.941074798037732 ], [ 128.740193220989653, 35.954549313817154 ], [ 128.74693053001161, 35.965778064694618 ], [ 128.733456013042286, 35.981498396856047 ], [ 128.733456013042286, 35.994972923480347 ], [ 128.693032351783046, 36.015184749894885 ], [ 128.61892244003289, 35.999464449360687 ], [ 128.553795534207694, 35.994972886169613 ], [ 128.529092239755812, 35.968023850332756 ], [ 128.535829509978811, 35.952303551789221 ], [ 128.535829509978811, 35.920862960687046 ], [ 128.511126213328453, 35.902896914342428 ], [ 128.508880386548526, 35.887176665356698 ], [ 128.526846463555188, 35.88268516831512 ], [ 128.520109237078458, 35.878193577675759 ], [ 128.524600691005446, 35.869210592263826 ], [ 128.477439854117421, 35.855736091809248 ], [ 128.477439854117421, 35.828787009583529 ] ] ] } },
{ "type": "Feature", "properties": { }, "geometry": { "type": "Polygon", "coordinates": [ [ [ 128.926590972592322, 35.085441869335469 ], [ 128.944556993815922, 35.060738571809438 ], [ 128.946802811306156, 35.114636627042962 ], [ 128.935573973940365, 35.105653684655607 ], [ 128.926590972592322, 35.085441869335469 ] ] ] } },
{ "type": "Feature", "properties": { }, "geometry": { "type": "Polygon", "coordinates": [ [ [ 128.511126213328453, 34.937221921462573 ], [ 128.517863475567424, 34.92823895387388 ], [ 128.529092239755812, 34.928238934109459 ], [ 128.53133793944275, 34.937221990194601 ], [ 128.524600691005446, 34.94845078402868 ], [ 128.538075220504282, 34.964171081170925 ], [ 128.522354922120456, 34.968662535158209 ], [ 128.511126213328453, 34.959679506399809 ], [ 128.517863475567424, 34.948450725938621 ], [ 128.511126213328453, 34.937221921462573 ] ] ] } },
{ "type": "Feature", "properties": { }, "geometry": { "type": "Polygon", "coordinates": [ [ [ 128.167525511287721, 34.840654506576819 ], [ 128.192228833250311, 34.822688406442872 ], [ 128.212440641200857, 34.838408745111863 ], [ 128.232652496420087, 34.842900227262042 ], [ 128.192228833250311, 34.854129002324399 ], [ 128.169771334207127, 34.847391699797491 ], [ 128.167525511287721, 34.840654506576819 ] ] ] } },
{ "type": "Feature", "properties": { }, "geometry": { "type": "Polygon", "coordinates": [ [ [ 128.609939455206671, 34.977645593266807 ], [ 128.612185196725903, 34.968662522389337 ], [ 128.621168194005378, 34.97539979674405 ], [ 128.630151240542489, 34.968662562628943 ], [ 128.64587152781445, 34.975399810465142 ], [ 128.652608826549027, 35.006840389189918 ], [ 128.648117275559684, 35.015823419054321 ], [ 128.632397009769136, 34.995611589034198 ], [ 128.61892244003289, 34.993365866806428 ], [ 128.616676689152882, 34.988874369047821 ], [ 128.623413951056449, 34.986628629748729 ], [ 128.609939455206671, 34.977645593266807 ] ] ] } },
{ "type": "Feature", "properties": { }, "geometry": { "type": "Polygon", "coordinates": [ [ [ 128.201211847572182, 34.820442700508117 ], [ 128.212440641200885, 34.806968170197678 ], [ 128.243881272009844, 34.791247823227614 ], [ 128.241635506107087, 34.809213857657305 ], [ 128.255110020745263, 34.802476617321972 ], [ 128.268584565132272, 34.811459666359276 ], [ 128.23714399045096, 34.833917164272471 ], [ 128.223669412635303, 34.83391721560681 ], [ 128.210194871311501, 34.824934181433584 ], [ 128.21468641664427, 34.818196924398947 ], [ 128.201211847572182, 34.820442700508117 ] ] ] } },
{ "type": "Feature", "properties": { }, "geometry": { "type": "Polygon", "coordinates": [ [ [ 128.461719555209697, 34.782264821518552 ], [ 128.47294832018008, 34.771036078376582 ], [ 128.470702559172736, 34.755315732298953 ], [ 128.499897357699894, 34.755315777279698 ], [ 128.513371963678509, 34.771036047121825 ], [ 128.508880386548526, 34.78001907792634 ], [ 128.493160106035674, 34.780019065194978 ], [ 128.484177104413646, 34.811459683221045 ], [ 128.470702559172736, 34.813705438769738 ], [ 128.470702559172736, 34.802476629466959 ], [ 128.484177104413646, 34.793493623078078 ], [ 128.477439854117421, 34.795739372985864 ], [ 128.466211049150161, 34.786756317040307 ], [ 128.463965300162727, 34.79798513933634 ], [ 128.461719555209697, 34.782264821518552 ] ] ] } },
{ "type": "Feature", "properties": { }, "geometry": { "type": "Polygon", "coordinates": [ [ [ 128.223669412635303, 34.634044979962454 ], [ 128.239389745582827, 34.618324644907993 ], [ 128.232652496420087, 34.611587390208463 ], [ 128.239389745582827, 34.604850120647242 ], [ 128.246126962782029, 34.613833159238098 ], [ 128.268584565132272, 34.620570409416572 ], [ 128.291042125817967, 34.616078882959094 ], [ 128.297779381089015, 34.627307702656076 ], [ 128.291042125817967, 34.634044917913606 ], [ 128.273076068155547, 34.622816177808843 ], [ 128.266338821439064, 34.627307686583563 ], [ 128.275321827457816, 34.634044947009329 ], [ 128.250618521360138, 34.647519494133206 ], [ 128.23714399045096, 34.647519473495933 ], [ 128.223669412635303, 34.634044979962454 ] ] ] } },
{ "type": "Feature", "properties": { }, "geometry": { "type": "Polygon", "coordinates": [ [ [ 128.796337169431752, 35.045018270479332 ], [ 128.812057457034456, 35.031543723974302 ], [ 128.814303185969663, 35.020314964569152 ], [ 128.805320201964633, 35.015823424893078 ], [ 128.823286200385922, 35.01133189004635 ], [ 128.818794729331188, 34.995611638506631 ], [ 128.823286200385922, 34.984382853695031 ], [ 128.836760737202297, 34.988874325748171 ], [ 128.850235257710324, 35.047264016631253 ], [ 128.834514989875572, 35.049509774350994 ], [ 128.830023500567961, 35.060738497196091 ], [ 128.796337169431752, 35.045018270479332 ] ] ] } },
{ "type": "Feature", "properties": { }, "geometry": { "type": "Polygon", "coordinates": [ [ [ 127.963161777471925, 34.863112037607614 ], [ 127.969899044745958, 34.838408750385298 ], [ 127.976636294322631, 34.833917198601931 ], [ 127.992356625150904, 34.829425712798169 ], [ 128.019305691257898, 34.836162940257815 ], [ 128.021551423441991, 34.8451459490866 ], [ 128.06871227757793, 34.827179915998428 ], [ 128.075449522815859, 34.831671439256894 ], [ 128.079941078461673, 34.824934195140386 ], [ 128.088924104489905, 34.827179952067979 ], [ 128.077695337804386, 34.840654472395244 ], [ 128.066466568893276, 34.840654440057541 ], [ 128.064220785933685, 34.849637491067028 ], [ 128.057483556506639, 34.849637467135089 ], [ 128.06871227757793, 34.858620510426213 ], [ 128.070958073390358, 34.872095013759093 ], [ 128.048500486483078, 34.878832299686401 ], [ 128.04400895030011, 34.885569630467188 ], [ 128.048500486483107, 34.890061087960099 ], [ 128.035025956869021, 34.8900610825999 ], [ 128.023797162331306, 34.874340789177076 ], [ 128.023797162331306, 34.860866287504294 ], [ 128.014814166290108, 34.860866266063638 ], [ 128.010322668299779, 34.867603540041713 ], [ 128.030534419091452, 34.901289870925794 ], [ 128.028288660169977, 34.917010168714114 ], [ 128.008076889066501, 34.91251863631571 ], [ 127.978882058146453, 34.874340782356846 ], [ 127.963161777471925, 34.863112037607614 ] ] ] } },
{ "type": "Feature", "properties": { }, "geometry": { "type": "Polygon", "coordinates": [ [ [ 128.331465687152871, 34.818196903319837 ], [ 128.342694458720018, 34.813705408258222 ], [ 128.356169045345951, 34.820442685050018 ], [ 128.380872327741713, 34.809213867964225 ], [ 128.380872327741713, 34.797985119733497 ], [ 128.365152036284854, 34.791247828427771 ], [ 128.378626581052288, 34.786756337399325 ], [ 128.380872327741713, 34.791247840312785 ], [ 128.389855359738419, 34.784510601450236 ], [ 128.387609594981171, 34.77328180829069 ], [ 128.396592600533836, 34.775527565629382 ], [ 128.398838383139235, 34.762053014451048 ], [ 128.407821397087019, 34.759807283729231 ], [ 128.423541718926515, 34.759807278674266 ], [ 128.437016229647185, 34.791247838667964 ], [ 128.432524762652463, 34.80023082888745 ], [ 128.441507713435755, 34.800230858520116 ], [ 128.439262009580375, 34.818196933469594 ], [ 128.428033232286822, 34.824934190424756 ], [ 128.385363834720039, 34.822688438832316 ], [ 128.385363834720039, 34.811459672886841 ], [ 128.349431730761268, 34.838408714283219 ], [ 128.349431730761268, 34.827179952056319 ], [ 128.340448710891962, 34.838408726330762 ], [ 128.331465687152871, 34.818196903319837 ] ] ] } },
{ "type": "Feature", "properties": { }, "geometry": { "type": "Polygon", "coordinates": [ [ [ 127.808204606849998, 34.851883281451251 ], [ 127.812696154649984, 34.82493417048925 ], [ 127.828416416796998, 34.802476639217339 ], [ 127.837399423427328, 34.802476606822275 ], [ 127.83964521488096, 34.782264790460957 ], [ 127.848628215568894, 34.775527595040543 ], [ 127.855365486680498, 34.777773338962902 ], [ 127.850873964883732, 34.773281781296149 ], [ 127.857611259134572, 34.768790281812194 ], [ 127.841890933150907, 34.762053003735168 ], [ 127.837399423427328, 34.746332708055625 ], [ 127.853119721925566, 34.739595440650426 ], [ 127.850873964883732, 34.732858209908962 ], [ 127.859857039273876, 34.721629439601585 ], [ 127.902526361884682, 34.717137939931547 ], [ 127.916000925945468, 34.728366688401323 ], [ 127.916000925945468, 34.744087002915592 ], [ 127.90701790764389, 34.748578445743789 ], [ 127.909263610718497, 34.762053060176648 ], [ 127.95193303217367, 34.768790277993325 ], [ 127.945195692484759, 34.744086952962775 ], [ 127.956424492852761, 34.710400677247385 ], [ 127.965407499250361, 34.703663382356204 ], [ 127.985619310512135, 34.703663351463931 ], [ 127.990110819775225, 34.712646436304965 ], [ 128.012568373529007, 34.70815487745309 ], [ 128.014814166290108, 34.714892143514071 ], [ 128.023797162331334, 34.714892160971544 ], [ 128.023797162331306, 34.696926136414433 ], [ 128.061975009420024, 34.703663374997682 ], [ 128.046254755481101, 34.708154908363852 ], [ 128.03727173569726, 34.719383683518679 ], [ 128.061975009420024, 34.746332770978725 ], [ 128.052991968103527, 34.775527597090282 ], [ 128.055237799417057, 34.791247864424932 ], [ 128.06871227757793, 34.795739350151273 ], [ 128.066466568893304, 34.813705417588103 ], [ 128.055237799417057, 34.820442648204491 ], [ 128.04400895030011, 34.818196958336024 ], [ 128.035025956869021, 34.827179928000447 ], [ 127.990110819775225, 34.824934226520305 ], [ 127.958670274261834, 34.79798513547248 ], [ 127.942949953844163, 34.809213917337551 ], [ 127.945195692484759, 34.822688441345889 ], [ 127.909263610718497, 34.833917190322026 ], [ 127.913755119885835, 34.845145966542979 ], [ 127.895789098908608, 34.874340782620401 ], [ 127.924983899870128, 34.887815365004833 ], [ 127.927229661593657, 34.919255911696183 ], [ 127.931721206834013, 34.919255901024997 ], [ 127.918246658453356, 34.932730482830401 ], [ 127.871085811938514, 34.934976190777327 ], [ 127.853119721925566, 34.910272919796071 ], [ 127.853119721925566, 34.901289895898323 ], [ 127.862102746133147, 34.896798390715318 ], [ 127.846382473995035, 34.894552615461926 ], [ 127.841890933150907, 34.901289917775479 ], [ 127.835153720762094, 34.892306879078369 ], [ 127.828416416796998, 34.896798360003949 ], [ 127.826170664512333, 34.872095086431266 ], [ 127.808204606849998, 34.851883281451251 ] ] ] } },
{ "type": "Feature", "properties": { }, "geometry": { "type": "Polygon", "coordinates": [ [ [ 128.47294832018008, 34.86535778274866 ], [ 128.481931323648269, 34.838408730596257 ], [ 128.506634643705866, 34.827179973325734 ], [ 128.502143169362057, 34.820442675699695 ], [ 128.511126213328453, 34.806968086952693 ], [ 128.522354922120485, 34.811459662532847 ], [ 128.533583722906172, 34.82717993418742 ], [ 128.565024343053864, 34.833917208799221 ], [ 128.576253077186493, 34.851883268196545 ], [ 128.589727604541849, 34.842900201027923 ], [ 128.589727604541878, 34.838408741378295 ], [ 128.576253077186493, 34.840654459536232 ], [ 128.598710634971127, 34.824934155974688 ], [ 128.589727604541849, 34.818196930477733 ], [ 128.578498850142921, 34.789002086717446 ], [ 128.558287015330478, 34.786756329855656 ], [ 128.556041273031212, 34.791247844657107 ], [ 128.540321014756358, 34.782264799006093 ], [ 128.544812533815019, 34.771036015534236 ], [ 128.560532841206822, 34.782264806033005 ], [ 128.569515858581809, 34.780019077085804 ], [ 128.553795534207694, 34.768790300410224 ], [ 128.562778590413274, 34.762052988173785 ], [ 128.578498850142921, 34.77103605982002 ], [ 128.596464912542757, 34.771036070902248 ], [ 128.598710634971127, 34.762053044096561 ], [ 128.582990325964829, 34.759807255511234 ], [ 128.576253077186493, 34.73734970138802 ], [ 128.605447901565725, 34.730612428000335 ], [ 128.582990325964829, 34.712646408253953 ], [ 128.578498850142921, 34.699171848240027 ], [ 128.591973397316963, 34.705909123981201 ], [ 128.607693636777782, 34.696926096645264 ], [ 128.625659711172233, 34.70815485700016 ], [ 128.634642701980312, 34.705909107047106 ], [ 128.641380036612475, 34.712646408945503 ], [ 128.630151240542489, 34.717137920598404 ], [ 128.625659711172233, 34.728366695421009 ], [ 128.657100266829417, 34.735103985122628 ], [ 128.679557877640889, 34.728366697301794 ], [ 128.681803629929647, 34.735103947803701 ], [ 128.668329077339735, 34.741841206473019 ], [ 128.654854545251283, 34.739595490786805 ], [ 128.641380036612475, 34.766544507595306 ], [ 128.648117237811249, 34.773281837366504 ], [ 128.666083341595851, 34.773281823057452 ], [ 128.675066381247007, 34.782264838416907 ], [ 128.670574815876279, 34.809213906611987 ], [ 128.690786666039514, 34.804722390831273 ], [ 128.690786666039514, 34.793493568793068 ], [ 128.699769664666121, 34.804722400942303 ], [ 128.708752704888497, 34.80472240522738 ], [ 128.715489911911249, 34.791247830566071 ], [ 128.742439041591552, 34.782264835902858 ], [ 128.724472942888724, 34.806968125159351 ], [ 128.726718746745007, 34.827179911579009 ], [ 128.717735705895763, 34.833917186350156 ], [ 128.708752704888497, 34.824934148547889 ], [ 128.702015440842359, 34.827179931301309 ], [ 128.7042611396636, 34.836162990610454 ], [ 128.733456013042286, 34.842900206586123 ], [ 128.724472942888724, 34.858620497686552 ], [ 128.740193220989653, 34.865357777084583 ], [ 128.751422027681883, 34.89006112788077 ], [ 128.735701746647493, 34.883323855422027 ], [ 128.733456013042314, 34.887815312195997 ], [ 128.71099841139096, 34.865357807186598 ], [ 128.697523891088252, 34.874340789038555 ], [ 128.697523891088252, 34.887815346090051 ], [ 128.708752704888497, 34.890061100845308 ], [ 128.71548991191122, 34.899044135107921 ], [ 128.71099841139096, 34.905781410569354 ], [ 128.719981422447461, 34.908027166920682 ], [ 128.715489911911249, 34.919255929722361 ], [ 128.726718746745007, 34.943959258554244 ], [ 128.7042611396636, 34.96641676871446 ], [ 128.697523891088252, 34.966416777417152 ], [ 128.699769664666121, 34.98662861511216 ], [ 128.695278120122623, 34.986628569917279 ], [ 128.7042611396636, 34.993365865049633 ], [ 128.69976966466615, 34.997857340233388 ], [ 128.717735705895763, 35.004594646517106 ], [ 128.719981422447461, 35.018069199520234 ], [ 128.708752704888497, 35.02929796751382 ], [ 128.693032351783046, 35.02480645439443 ], [ 128.677312128075386, 35.036035227269501 ], [ 128.681803629929647, 35.027052165176265 ], [ 128.666083341595851, 35.002348862116158 ], [ 128.677312128075386, 34.997857326997497 ], [ 128.672820557191557, 34.993365893222851 ], [ 128.677312128075386, 34.984382811027459 ], [ 128.659346071264082, 34.991120088442699 ], [ 128.650363030731086, 34.957433791607912 ], [ 128.639134255429553, 34.955188013181171 ], [ 128.632397009769136, 34.961925252815092 ], [ 128.605447901565725, 34.955188032892359 ], [ 128.607693636777782, 34.966416812201317 ], [ 128.589727604541849, 34.946204982597237 ], [ 128.585236108893071, 34.939467714551881 ], [ 128.594219113271578, 34.937221986522751 ], [ 128.607693636777782, 34.919255941869793 ], [ 128.607693636777782, 34.910272882573459 ], [ 128.616676689152882, 34.91251864543964 ], [ 128.61892244003289, 34.901289873067704 ], [ 128.634642701980312, 34.892306891846765 ], [ 128.621168194005378, 34.885569590361342 ], [ 128.612185196725903, 34.896798347096521 ], [ 128.600956440682808, 34.894552594280526 ], [ 128.587481895116554, 34.901289880559204 ], [ 128.587481895116554, 34.90802714574864 ], [ 128.571761541339953, 34.903535623839403 ], [ 128.574007307580899, 34.89679836737519 ], [ 128.565024343053864, 34.896798324945458 ], [ 128.526846463555188, 34.917010135175389 ], [ 128.515617717762808, 34.905781387541026 ], [ 128.495405906214387, 34.899044100638264 ], [ 128.475194085166265, 34.876586597915598 ], [ 128.47294832018008, 34.86535778274866 ] ] ] } },
{ "type": "Feature", "properties": { }, "geometry": { "type": "Polygon", "coordinates": [ [ [ 127.644264425801452, 35.298788683635181 ], [ 127.608332350626299, 35.269593842135393 ], [ 127.608332350626299, 35.256119314522103 ], [ 127.63752715793359, 35.231415958410679 ], [ 127.646510226761961, 35.150568762745088 ], [ 127.698162599826532, 35.114636644652478 ], [ 127.716128663572405, 35.094424894357793 ], [ 127.718374419509189, 35.069721555700781 ], [ 127.785747105837046, 35.015823426043319 ], [ 127.803713090975307, 34.979891340601867 ], [ 127.799221607137426, 34.959679509715393 ], [ 127.810450376766312, 34.952942250512642 ], [ 127.810450376766312, 34.93946769990071 ], [ 127.832907944935826, 34.961925297433289 ], [ 127.837399423427328, 34.961925297710437 ], [ 127.837399423427328, 34.950696491862686 ], [ 127.844136740176097, 34.952942219142727 ], [ 127.844136740176097, 34.943959201681615 ], [ 127.868840074517678, 34.939467715825614 ], [ 127.904772131062714, 34.955187987572536 ], [ 127.900280600123665, 34.961925300452336 ], [ 127.920492398286044, 34.984382813961538 ], [ 127.922738145429634, 35.004594639297963 ], [ 127.913755119885835, 35.009086181708639 ], [ 127.916000925945468, 35.015823399742494 ], [ 127.909263610718497, 35.018069155717804 ], [ 127.913755119885863, 35.020314908763559 ], [ 127.927229661593657, 35.018069201019223 ], [ 127.933966990322958, 35.002348895403593 ], [ 127.942949953844163, 35.002348923895696 ], [ 127.942949953844163, 34.991120106142439 ], [ 127.933966990322958, 34.988874354471747 ], [ 127.95193303217367, 34.968662508427464 ], [ 127.95193303217367, 34.977645548616273 ], [ 127.969899044745958, 34.991120078618444 ], [ 127.969899044745958, 34.997857388168363 ], [ 127.98112782892953, 34.973154055506647 ], [ 127.985619310512135, 34.970908340274356 ], [ 127.994602356607302, 34.97989133577039 ], [ 127.990110819775225, 34.991120107379693 ], [ 128.008076889066473, 34.977645566393321 ], [ 128.008076889066473, 35.006840409722429 ], [ 127.990110819775225, 35.022560707209301 ], [ 127.992356625150904, 35.033789486394646 ], [ 127.98112782892953, 35.024806467100824 ], [ 127.972144787608443, 35.038280989236569 ], [ 127.98112782892953, 35.031543733722742 ], [ 127.990110819775225, 35.040526728549686 ], [ 128.001339592123202, 35.040526719433444 ], [ 127.992356625150904, 35.04950971324336 ], [ 127.99909384010742, 35.054001249649183 ], [ 128.010322668299779, 35.033789441082547 ], [ 128.014814166290108, 35.036035244606843 ], [ 128.008076889066501, 35.042772455798705 ], [ 128.012568373529007, 35.054001243214003 ], [ 128.017059885024622, 35.036035246898976 ], [ 128.010322668299779, 35.027052174484162 ], [ 128.019305691257898, 35.02256069408746 ], [ 128.028288660169977, 35.038280989269253 ], [ 128.026042907911943, 35.049509777956764 ], [ 128.055237799417057, 35.080950302999568 ], [ 128.061975009420024, 35.078704591981499 ], [ 128.061975009420024, 35.07196733880383 ], [ 128.046254755481101, 35.054001235090098 ], [ 128.03951744039162, 35.031543686828968 ], [ 128.04400895030011, 35.024806474318716 ], [ 128.03727173569726, 35.015823409446561 ], [ 128.048500486483107, 35.011331892661495 ], [ 128.03727173569726, 34.99785736230227 ], [ 128.050746224028558, 34.968662563456228 ], [ 128.035025956869021, 34.952942238375989 ], [ 128.04400895030011, 34.932730437455838 ], [ 128.055237799417057, 34.923747429653851 ], [ 128.088924104489905, 34.921501667309798 ], [ 128.091169876777116, 34.914764403281346 ], [ 128.097907150615953, 34.921501652183373 ], [ 128.109135876841975, 34.917010175460376 ], [ 128.113627378408125, 34.921501695605002 ], [ 128.122610455232945, 34.914764413074899 ], [ 128.109135876842004, 34.912518658988738 ], [ 128.109135876842004, 34.905781370160817 ], [ 128.122610455232945, 34.903535644778238 ], [ 128.133839196400601, 34.885569622438886 ], [ 128.160788319306619, 34.903535638501161 ], [ 128.172017082350322, 34.892306847346887 ], [ 128.176508596020142, 34.892306873994357 ], [ 128.174262836292627, 34.899044120300495 ], [ 128.178754361518941, 34.901289865845655 ], [ 128.18324582920431, 34.894552641962939 ], [ 128.187737319818552, 34.901289854039518 ], [ 128.192228833250311, 34.890061108377459 ], [ 128.201211847572182, 34.890061114149781 ], [ 128.198966105661498, 34.905781427963767 ], [ 128.205703428793925, 34.919255924718819 ], [ 128.201211847572182, 34.930484698301065 ], [ 128.221423695634456, 34.939467731737643 ], [ 128.239389745582827, 34.932730461270971 ], [ 128.239389745582827, 34.941713465835015 ], [ 128.248372739402726, 34.930484672819155 ], [ 128.252864228153356, 34.937221991852169 ], [ 128.266338821439064, 34.932730474242739 ], [ 128.270830314042399, 34.925993187101824 ], [ 128.259601541321246, 34.923747403248939 ], [ 128.268584565132272, 34.917010128263975 ], [ 128.268584565132272, 34.908027155952595 ], [ 128.275321827457816, 34.908027177012194 ], [ 128.273076068155547, 34.896798399800637 ], [ 128.284304835830511, 34.901289884970531 ], [ 128.282059055908206, 34.908027179333388 ], [ 128.293287845699268, 34.905781411903092 ], [ 128.304516681717359, 34.91251860789373 ], [ 128.302270856206235, 34.9304847417948 ], [ 128.322482660401505, 34.939467709603306 ], [ 128.31799117631752, 34.941713508591192 ], [ 128.320236956109966, 34.955187994582502 ], [ 128.344940211316867, 34.932730492767384 ], [ 128.33595722959771, 34.919255913282939 ], [ 128.356169045345951, 34.917010171896614 ], [ 128.356169045345951, 34.908027128732371 ], [ 128.351677497580994, 34.901289908242525 ], [ 128.313499631495432, 34.903535660726561 ], [ 128.30002511613381, 34.896798371343884 ], [ 128.315745401441347, 34.878832336354385 ], [ 128.326974244448337, 34.881078042373495 ], [ 128.329219963374499, 34.872095035327213 ], [ 128.342694458720018, 34.878832336929889 ], [ 128.349431730761268, 34.869849316847905 ], [ 128.351677497580994, 34.878832316890211 ], [ 128.358414745903332, 34.867603543725004 ], [ 128.374135101342631, 34.865357789775459 ], [ 128.371889288006258, 34.878832305407819 ], [ 128.376380838914656, 34.881078101374484 ], [ 128.36739783581001, 34.892306813997067 ], [ 128.371889288006258, 34.896798412132988 ], [ 128.385363834720039, 34.883323837544715 ], [ 128.380872327741713, 34.874340784993521 ], [ 128.387609594981171, 34.872095047697925 ], [ 128.385363834720039, 34.867603528865274 ], [ 128.432524762652463, 34.854128989416864 ], [ 128.394346902685641, 34.858620536177284 ], [ 128.369643559604469, 34.845145978041749 ], [ 128.374135101342631, 34.838408703964582 ], [ 128.385363834720039, 34.840654449862285 ], [ 128.385363834720039, 34.831671482820973 ], [ 128.403329881310071, 34.83391720925966 ], [ 128.405575677156321, 34.829425672802195 ], [ 128.450490730949724, 34.840654521431375 ], [ 128.45273653577371, 34.854129035518859 ], [ 128.44375350172146, 34.863112019489307 ], [ 128.454982264452809, 34.863112069723698 ], [ 128.457228077462503, 34.876586555719271 ], [ 128.466211049150161, 34.867603533639425 ], [ 128.475194085166265, 34.887815344274593 ], [ 128.459473814304999, 34.894552623260147 ], [ 128.45273653577371, 34.908027108135578 ], [ 128.441507713435755, 34.905781382539828 ], [ 128.448245010489643, 34.901289877002519 ], [ 128.44375350172146, 34.885569599802956 ], [ 128.430278995350903, 34.881078066618421 ], [ 128.434770453909721, 34.87658660864755 ], [ 128.430278995350903, 34.872095018800472 ], [ 128.416804400724743, 34.869849286221353 ], [ 128.423541718926515, 34.899044144647682 ], [ 128.419050222682728, 34.903535595615615 ], [ 128.430278995350903, 34.910272876152113 ], [ 128.434770453909721, 34.925993234322334 ], [ 128.421295968658086, 34.948450746766255 ], [ 128.437016229647185, 34.957433788496566 ], [ 128.44375350172146, 34.970908302549596 ], [ 128.421295968658086, 34.979891346665987 ], [ 128.410067201691874, 34.977645524768803 ], [ 128.410067201691874, 34.991120095362589 ], [ 128.463965300162727, 34.982137099637185 ], [ 128.463965300162727, 34.993365870978892 ], [ 128.477439854117421, 34.99112007878464 ], [ 128.484177104413646, 35.002348875592944 ], [ 128.493160106035674, 35.00010317010512 ], [ 128.497651630041418, 35.013577699860967 ], [ 128.486422889088345, 35.015823394826299 ], [ 128.481931323648269, 35.031543695313381 ], [ 128.459473814304999, 35.038280987620212 ], [ 128.47294832018008, 35.040526756374504 ], [ 128.481931323648269, 35.056247044776711 ], [ 128.46845680215813, 35.065230042416808 ], [ 128.461719555209726, 35.056247042312066 ], [ 128.445999294161226, 35.058492731800143 ], [ 128.44375350172146, 35.045018247099279 ], [ 128.394346902685641, 35.033789428629007 ], [ 128.385363834720039, 35.011331938363533 ], [ 128.365152036284854, 35.009086158010646 ], [ 128.351677497580994, 34.99112012192375 ], [ 128.351677497580994, 35.006840384168932 ], [ 128.378626581052288, 35.031543732119943 ], [ 128.362906321744049, 35.040526703159848 ], [ 128.398838383139235, 35.047264032502476 ], [ 128.410067201691874, 35.056247038904985 ], [ 128.414558663374407, 35.056246999911863 ], [ 128.412312930358837, 35.049509752571758 ], [ 128.428033232286822, 35.051755537818224 ], [ 128.434770453909721, 35.062984308358054 ], [ 128.457228077462503, 35.065230038674393 ], [ 128.46845680215813, 35.074213068309149 ], [ 128.477439854117421, 35.071967326685943 ], [ 128.450490730949724, 35.087687601767236 ], [ 128.45273653577371, 35.096670598759921 ], [ 128.47968562701962, 35.09217911100162 ], [ 128.486422889088345, 35.101162157114601 ], [ 128.513371963678509, 35.092179135561956 ], [ 128.53133793944275, 35.098916373454898 ], [ 128.538075220504282, 35.114636667464055 ], [ 128.535829509978811, 35.098916338161793 ], [ 128.544812533815019, 35.103407857552206 ], [ 128.547058258599236, 35.087687601172789 ], [ 128.580744626436228, 35.083196046890102 ], [ 128.565024343053864, 35.071967327647172 ], [ 128.562778590413274, 35.062984252216992 ], [ 128.596464912542757, 35.062984260348649 ], [ 128.578498850142921, 35.049509787248198 ], [ 128.605447901565725, 35.051755502134178 ], [ 128.632397009769136, 35.062984294883158 ], [ 128.627905474338888, 35.069721532564571 ], [ 128.612185196725903, 35.065230014293071 ], [ 128.605447901565725, 35.069721570970231 ], [ 128.625659711172233, 35.078704566763527 ], [ 128.603202169529453, 35.103407887409439 ], [ 128.598710634971127, 35.128111206180989 ], [ 128.587481895116554, 35.121373909073483 ], [ 128.574007307580899, 35.125865471787343 ], [ 128.578498850142921, 35.13260271762973 ], [ 128.596464912542757, 35.134848448856218 ], [ 128.587481895116554, 35.157306029253157 ], [ 128.574007307580899, 35.159551787287107 ], [ 128.578498850142921, 35.168534810788792 ], [ 128.565024343053864, 35.170780533199419 ], [ 128.571761541339953, 35.190992401282656 ], [ 128.589727604541849, 35.208958397793118 ], [ 128.605447901565725, 35.202221183897301 ], [ 128.598710634971127, 35.197729646301283 ], [ 128.594219113271578, 35.170780609738244 ], [ 128.612185196725903, 35.143831509509653 ], [ 128.621168194005378, 35.139339990271097 ], [ 128.648117237811249, 35.143831490823601 ], [ 128.64587152781445, 35.132602734299297 ], [ 128.668329077339763, 35.112390934813604 ], [ 128.677312128075386, 35.116882382455046 ], [ 128.675066381247007, 35.139339986004558 ], [ 128.690786666039514, 35.143831451053018 ], [ 128.702015440842359, 35.112390926072365 ], [ 128.688540902996579, 35.09442488761853 ], [ 128.695278120122623, 35.089933378854298 ], [ 128.706506920997697, 35.098916383501816 ], [ 128.71548991191122, 35.096670632393504 ], [ 128.717735705895763, 35.087687618746116 ], [ 128.735701746647493, 35.085441874606325 ], [ 128.742439041591552, 35.096670624746274 ], [ 128.751422027681883, 35.087687593863983 ], [ 128.76489657508435, 35.087687583967877 ], [ 128.767142340771272, 35.092179133629919 ], [ 128.758159291288678, 35.098916377803512 ], [ 128.776125345406371, 35.0944248718613 ], [ 128.7806169005041, 35.112390910043757 ], [ 128.791845665171252, 35.110145144428941 ], [ 128.787354169062581, 35.103407879803584 ], [ 128.791845665171252, 35.092179093664974 ], [ 128.800828681733179, 35.089933350543539 ], [ 128.791845665171252, 35.083196096283558 ], [ 128.787354169062581, 35.074213027927954 ], [ 128.791845665171252, 35.071967301417715 ], [ 128.823286200385922, 35.089933393583564 ], [ 128.84574374400529, 35.094424916460909 ], [ 128.859218305173187, 35.092179138107191 ], [ 128.865955607879926, 35.074213071549742 ], [ 128.879430096220517, 35.074213065643718 ], [ 128.883921657643299, 35.10340786666297 ], [ 128.906379152433999, 35.119128216819966 ], [ 128.90413343655797, 35.085441849430602 ], [ 128.924345245171168, 35.092179118574229 ], [ 128.928836780890862, 35.112390878615713 ], [ 128.924345245171168, 35.121373925485507 ], [ 128.931082510724934, 35.119128150107784 ], [ 128.931082510724934, 35.125865423442605 ], [ 128.940065521441966, 35.119128209095429 ], [ 128.953540031332665, 35.141585732070673 ], [ 128.960277340419907, 35.184255088063523 ], [ 128.969260327060539, 35.188746604443963 ], [ 128.967014578938318, 35.184255075728665 ], [ 128.973751826146042, 35.184255143352459 ], [ 128.971506076134403, 35.146077246813462 ], [ 128.993963695748221, 35.166289057945896 ], [ 129.005192417022528, 35.190992363843506 ], [ 129.014175470932429, 35.229170243202219 ], [ 129.011929706408239, 35.244890524679363 ], [ 129.063582118680017, 35.274085310970683 ], [ 129.097268400834594, 35.271839616258944 ], [ 129.110742926681581, 35.265102326909172 ], [ 129.12197175354018, 35.226924458879942 ], [ 129.202818908698958, 35.164043285129331 ], [ 129.225276530700995, 35.179763556745783 ], [ 129.232013750248711, 35.217941447574731 ], [ 129.236505279498175, 35.213449939552397 ], [ 129.254471288358616, 35.233661728114463 ], [ 129.247734090227965, 35.238153223841394 ], [ 129.254471288358616, 35.249382055714968 ], [ 129.2387510430882, 35.256119272155182 ], [ 129.258962802620431, 35.269593820124911 ], [ 129.267945821042872, 35.307771643625301 ], [ 129.281420400988168, 35.316754649926402 ], [ 129.301632164791357, 35.316754711788484 ], [ 129.339810015989372, 35.348195282846135 ], [ 129.362267595564703, 35.354932555856365 ], [ 129.348793032934452, 35.38412733725152 ], [ 129.364513377305855, 35.404339142427951 ], [ 129.357776106801822, 35.420059454756981 ], [ 129.366759078445483, 35.42904245846227 ], [ 129.353284612267288, 35.4335340019407 ], [ 129.357776106801822, 35.438025520550148 ], [ 129.328581254511619, 35.473957583589332 ], [ 129.326335530038307, 35.487432101377514 ], [ 129.362267595564703, 35.453745822036772 ], [ 129.384725186214638, 35.471711811897201 ], [ 129.389216638011987, 35.482940614489685 ], [ 129.38247941834905, 35.494169370885842 ], [ 129.360021812350197, 35.496415125553781 ], [ 129.351038823303043, 35.503152437698546 ], [ 129.371250634442447, 35.498660927339046 ], [ 129.386970873380079, 35.505398201450895 ], [ 129.366759078445483, 35.516626992084696 ], [ 129.362267595564703, 35.523364242046675 ], [ 129.369004857201332, 35.527855759021705 ], [ 129.355530320684835, 35.541330236537895 ], [ 129.364513377305855, 35.543576037215935 ], [ 129.391462401004929, 35.521118488684586 ], [ 129.402691190902601, 35.505398195381169 ], [ 129.411674191912397, 35.471711872569024 ], [ 129.436377532517582, 35.47620334410464 ], [ 129.445360580356521, 35.491923599582201 ], [ 129.438623257897348, 35.48967788828606 ], [ 129.434131805209176, 35.500906661338782 ], [ 129.447606297878139, 35.512135413432773 ], [ 129.445360580356521, 35.521118425954747 ], [ 129.461080876555513, 35.55480478918048 ], [ 129.458835092239923, 35.575016632381256 ], [ 129.465572359925744, 35.599719917818675 ], [ 129.458835092239923, 35.610948707083338 ], [ 129.427394532812599, 35.613194418505856 ], [ 129.357776106801822, 35.633406258933753 ], [ 129.328581254511619, 35.631160509042779 ], [ 129.299386426255836, 35.613194420325847 ], [ 129.256717045898881, 35.619931692092635 ], [ 129.252225530013419, 35.626669019857793 ], [ 129.254471288358616, 35.658109560837772 ], [ 129.191590197590699, 35.682812823978814 ], [ 129.11523448905146, 35.671584055682203 ], [ 129.07031936990677, 35.649126549786878 ], [ 129.065827815740363, 35.644635035536595 ], [ 129.081548101888529, 35.613194479264635 ], [ 129.074810845907137, 35.606457184510546 ], [ 129.059090566699268, 35.608702919663237 ], [ 129.041124534847199, 35.601965681966718 ], [ 129.00070089439285, 35.572770821616267 ], [ 128.975997577081614, 35.572770887978791 ], [ 128.933328241746011, 35.59073687290644 ], [ 128.897396137701975, 35.590736869653938 ], [ 128.856972540835528, 35.559296333781766 ], [ 128.834514989875572, 35.557050589501358 ], [ 128.776125345406371, 35.525609977480848 ], [ 128.693032351783046, 35.552559066618123 ], [ 128.657100266829417, 35.552559077120165 ], [ 128.625659711172233, 35.543576029153748 ], [ 128.600956440682808, 35.550313252224875 ], [ 128.567270099114637, 35.572770852134035 ], [ 128.551549798873879, 35.597474179035977 ], [ 128.549303986914794, 35.610948737177019 ], [ 128.556041273031212, 35.631160529663781 ], [ 128.542566732439013, 35.644635026202074 ], [ 128.53133793944275, 35.640143513756918 ], [ 128.520109237078458, 35.604211441200611 ], [ 128.511126213328453, 35.597474148495088 ], [ 128.463965300162727, 35.601965632452554 ], [ 128.428033232286822, 35.579508104861148 ], [ 128.407821397087019, 35.577262323006693 ], [ 128.383118078968891, 35.588491118929419 ], [ 128.360660531494943, 35.608702926358184 ], [ 128.313499631495432, 35.619931729792249 ], [ 128.243881272009844, 35.606457200675194 ], [ 128.205703428793925, 35.61768595708768 ], [ 128.196720369388288, 35.626668947750261 ], [ 128.201211847572182, 35.655863792741599 ], [ 128.216932197627699, 35.6805670915628 ], [ 128.219177903609904, 35.70077889877517 ], [ 128.210194871311501, 35.716499234340482 ], [ 128.18324582920431, 35.727727974139356 ], [ 128.185491611936158, 35.73446526365133 ], [ 128.178754361518941, 35.743448246550756 ], [ 128.149559541732572, 35.756922770183529 ], [ 128.13608493052385, 35.788363385995467 ], [ 128.097907150615953, 35.801837937723505 ], [ 128.077695337804386, 35.797346403924671 ], [ 128.030534419091452, 35.804083687997441 ], [ 128.012568373529007, 35.819804001554324 ], [ 127.969899044745958, 35.824295467718692 ], [ 127.960915981915477, 35.828787011472414 ], [ 127.956424492852761, 35.851244558439774 ], [ 127.920492398286044, 35.862473346124958 ], [ 127.913755119885835, 35.887176636209389 ], [ 127.889051822142747, 35.873702086263769 ], [ 127.866594263771617, 35.833278517185839 ], [ 127.853119721925566, 35.833278510822048 ], [ 127.835153720762094, 35.817558188173194 ], [ 127.819433373963037, 35.817558193993463 ], [ 127.792484360660509, 35.806329413809721 ], [ 127.774518294183977, 35.813066731632375 ], [ 127.754306528375011, 35.772643123837547 ], [ 127.702654145334662, 35.732219463427704 ], [ 127.691425346386282, 35.673829851960328 ], [ 127.673459314299166, 35.653618047057421 ], [ 127.653247520856553, 35.610948670508925 ], [ 127.644264425801452, 35.57052509236587 ], [ 127.626298422979517, 35.541330272924107 ], [ 127.62854415188832, 35.521118483748779 ], [ 127.657738959483794, 35.509889662403637 ], [ 127.657738959483794, 35.494169374289442 ], [ 127.675705068135628, 35.464974527521179 ], [ 127.668967751822166, 35.435779754234169 ], [ 127.675705068135628, 35.420059429250948 ], [ 127.693671088871497, 35.415567956097256 ], [ 127.689179612581142, 35.381881591371801 ], [ 127.648755955464921, 35.35044106507668 ], [ 127.63752715793359, 35.323491939197332 ], [ 127.644264425801452, 35.298788683635181 ] ] ] } },
{ "type": "Feature", "properties": { }, "geometry": { "type": "Polygon", "coordinates": [ [ [ 129.03663299194352, 35.085441848284368 ], [ 129.038878763134107, 35.07645881116418 ], [ 129.074810845907137, 35.049509729766392 ], [ 129.086039660184497, 35.05175548024026 ], [ 129.092776919874495, 35.042772489528346 ], [ 129.097268400834622, 35.04501828212382 ], [ 129.081548101888529, 35.07870460369454 ], [ 129.061336342497583, 35.094424849503469 ], [ 129.03663299194352, 35.085441848284368 ] ] ] } },
{ "type": "Feature", "properties": { }, "geometry": { "type": "Polygon", "coordinates": [ [ [ 128.971506076134403, 35.146077246813462 ], [ 128.951294290256811, 35.092179126286261 ], [ 128.958031596242648, 35.045018233607728 ], [ 128.969260327060539, 35.036035224832922 ], [ 128.967014578938318, 35.027052196135173 ], [ 128.978243328927277, 35.03378947049459 ], [ 128.975997577081614, 35.042772484116369 ], [ 128.982734914889249, 35.042772470617926 ], [ 128.971506076134403, 35.049509735503435 ], [ 128.982734914889249, 35.056247002309455 ], [ 128.996209374794375, 35.040526771440994 ], [ 129.002946655335734, 35.040526742395116 ], [ 128.993963695748221, 35.056247021680086 ], [ 128.993963695748221, 35.076458839367561 ], [ 129.007438179439447, 35.078704603967417 ], [ 129.014175470932429, 35.051755515086569 ], [ 129.018667001991162, 35.047264022879212 ], [ 129.025404223854878, 35.054001275870796 ], [ 129.023158456092631, 35.067475844440089 ], [ 129.029895761182104, 35.083196093328795 ], [ 129.056844791298914, 35.105653638391345 ], [ 129.054599095816599, 35.11463666122399 ], [ 129.061336342497583, 35.123619656743053 ], [ 129.065827815740363, 35.12586544985507 ], [ 129.074810845907137, 35.116882423237264 ], [ 129.072565147490053, 35.103407898568541 ], [ 129.099514181295035, 35.103407883964074 ], [ 129.106251444072512, 35.092179083959095 ], [ 129.11523448905146, 35.096670643207368 ], [ 129.126463236812526, 35.089933376993073 ], [ 129.12870901814108, 35.114636651245824 ], [ 129.106251444072512, 35.128111212806161 ], [ 129.130954720027802, 35.15056874294396 ], [ 129.184852870613867, 35.146077276365411 ], [ 129.202818908698958, 35.164043285129331 ], [ 129.12197175354018, 35.226924458879942 ], [ 129.110742926681581, 35.265102326909172 ], [ 129.097268400834594, 35.271839616258944 ], [ 129.063582118680017, 35.274085310970683 ], [ 129.011929706408239, 35.244890524679363 ], [ 129.014175470932429, 35.229170243202219 ], [ 129.005192417022528, 35.190992363843506 ], [ 128.993963695748221, 35.166289057945896 ], [ 128.971506076134403, 35.146077246813462 ] ] ] } },
{ "type": "Feature", "properties": { }, "geometry": { "type": "Polygon", "coordinates": [ [ [ 126.788631529338915, 37.553527366210801 ], [ 126.838038116109843, 37.513103835626978 ], [ 126.835792396286607, 37.497383533401845 ], [ 126.842529679019918, 37.492892003567114 ], [ 126.844775439957175, 37.46594289963847 ], [ 126.851512722669241, 37.461451428462915 ], [ 126.882953241156414, 37.474925970162829 ], [ 126.909902328897743, 37.425519291289291 ], [ 126.972783530504742, 37.427765077149694 ], [ 127.017698572824145, 37.447976907205152 ], [ 127.04240196391288, 37.450222640191022 ], [ 127.049139173549889, 37.45022267487365 ], [ 127.049139173549889, 37.434502364229736 ], [ 127.055876495508343, 37.42551928435887 ], [ 127.094054328865525, 37.441239573290083 ], [ 127.127740654642878, 37.443485333359718 ], [ 127.145706690996946, 37.456959872650451 ], [ 127.138969460340434, 37.46145140799247 ], [ 127.143460935514426, 37.46818869771807 ], [ 127.150198237683256, 37.465942887899914 ], [ 127.170409966901488, 37.483908998382176 ], [ 127.159181228259982, 37.492892026374015 ], [ 127.163672753715659, 37.515349531884432 ], [ 127.197359057668947, 37.533315584318913 ], [ 127.181638754460721, 37.562510452952502 ], [ 127.118757597284784, 37.542298615488235 ], [ 127.114266140980106, 37.558018897137146 ], [ 127.129986408158757, 37.593950972129463 ], [ 127.107528842750838, 37.632128835263536 ], [ 127.103037343985591, 37.674798205608859 ], [ 127.037910444208222, 37.683781249068801 ], [ 127.001978299975463, 37.665815188564316 ], [ 127.001978299975463, 37.656832181318563 ], [ 126.990749506409188, 37.647849174387808 ], [ 126.990749506409188, 37.62090007671506 ], [ 126.984012302094428, 37.616408578081426 ], [ 126.92337689480236, 37.611917018759321 ], [ 126.914393852510926, 37.602934055101571 ], [ 126.914393852510926, 37.575984955985334 ], [ 126.869478724842807, 37.560264640535124 ], [ 126.842529679019918, 37.569247650627268 ], [ 126.829055155005079, 37.584967978860497 ], [ 126.815580633917932, 37.587213736070744 ], [ 126.808843354791748, 37.571493448087779 ], [ 126.788631529338915, 37.553527366210801 ] ] ] } },
{ "type": "Feature", "properties": { }, "geometry": { "type": "Polygon", "coordinates": [ [ [ 128.475194085166265, 35.835524264347271 ], [ 128.484177104413646, 35.826541219480703 ], [ 128.497651630041418, 35.828786995212013 ], [ 128.520109237078458, 35.795100632699807 ], [ 128.562778590413274, 35.768151565883414 ], [ 128.574007307580899, 35.774888844192368 ], [ 128.576253077186493, 35.792854926747481 ], [ 128.589727604541849, 35.792854942278062 ], [ 128.591973397316963, 35.804083641398393 ], [ 128.6368884772142, 35.801837956151488 ], [ 128.688540902996579, 35.786117607260138 ], [ 128.69976966466615, 35.790609162169432 ], [ 128.717735705895763, 35.804083650833391 ], [ 128.71099841139096, 35.819804001816706 ], [ 128.726718746745007, 35.840015796711221 ], [ 128.724472942888724, 35.848998783950094 ], [ 128.728964473123966, 35.853490337071719 ], [ 128.742439041591552, 35.848998796801702 ], [ 128.76489657508435, 35.871456376360335 ], [ 128.758159291288678, 35.889422409102359 ], [ 128.76265081159903, 35.90514272643032 ], [ 128.740193220989653, 35.92535452029486 ], [ 128.744684784638366, 35.941074798037732 ], [ 128.740193220989653, 35.954549313817154 ], [ 128.74693053001161, 35.961286605113067 ], [ 128.733456013042286, 35.981498396856047 ], [ 128.733456013042286, 35.994972923480347 ], [ 128.693032351783046, 36.015184749894885 ], [ 128.61892244003289, 35.999464449360687 ], [ 128.553795534207694, 35.994972886169613 ], [ 128.529092239755812, 35.968023850332756 ], [ 128.535829509978811, 35.952303551789221 ], [ 128.535829509978811, 35.920862960687046 ], [ 128.511126213328453, 35.902896914342428 ], [ 128.508880386548526, 35.887176665356698 ], [ 128.526846463555188, 35.88268516831512 ], [ 128.520109237078458, 35.878193577675759 ], [ 128.524600691005446, 35.869210592263826 ], [ 128.502143169362057, 35.860227582720725 ], [ 128.481931323648269, 35.860227556518836 ], [ 128.475194085166265, 35.835524264347271 ] ] ] } },
{ "type": "Feature", "properties": { }, "geometry": { "type": "Polygon", "coordinates": [ [ [ 127.246765718110709, 36.549674572046897 ], [ 127.085071263687539, 36.489039166372336 ], [ 127.069350983692019, 36.475564629674928 ], [ 127.060367969236921, 36.455352831846383 ], [ 127.150198237683256, 36.441878281728847 ], [ 127.329858658241562, 36.480056171162452 ], [ 127.307401086311671, 36.399208993033561 ], [ 127.332104377306095, 36.347556581177912 ], [ 127.341087443122149, 36.313870246549307 ], [ 127.354561997345314, 36.293658456970348 ], [ 127.408460116868881, 36.26895512746519 ], [ 127.424180433829136, 36.273446641674276 ], [ 127.448883721524837, 36.291412708608021 ], [ 127.464604019772509, 36.334082050548069 ], [ 127.478078568557322, 36.352048036534256 ], [ 127.482570083138953, 36.37450562328889 ], [ 127.469095496065734, 36.394717436421182 ], [ 127.469095496065734, 36.405946239407193 ], [ 127.480324320881039, 36.417174988162621 ], [ 127.455620943375976, 36.419420777689297 ], [ 127.460112502177211, 36.437386763099674 ], [ 127.44439218229769, 36.439632586726553 ], [ 127.42867187100434, 36.414929259784046 ], [ 127.372528014880814, 36.423912275838177 ], [ 127.377019543734988, 36.453107077185543 ], [ 127.354561997345314, 36.464335861448475 ], [ 127.343333216115269, 36.453107077627976 ], [ 127.363545002631881, 36.50700521052665 ], [ 127.352316252305457, 36.515988252614321 ], [ 127.361299214954386, 36.542937326666731 ], [ 127.246765718110709, 36.549674572046897 ] ] ] } }
]
}
