{
"type": "FeatureCollection",
"name": "wetland_shapes",
"crs": { "type": "name", "properties": { "name": "urn:ogc:def:crs:OGC:1.3:CRS84" } },
"features": [
{ "type": "Feature", "properties": { "wid": "99-358164-9-001", "name": "낙동강하구", "area_ha": 3770.3965933153377, "bbox5186": "371753.7,272895.2,379586.6,281077.2" }, "geometry": { "type": "Polygon", "coordinates": [ [ [ 128.888173502147424, 35.093812264512188 ], [ 128.897069862730831, 35.091046352438042 ], [ 128.895367707311976, 35.086383126986128 ], [ 128.895378628923908, 35.079037255216214 ], [ 128.911112760659648, 35.079050688138047 ], [ 128.9122193480259, 35.079727162504511 ], [ 128.912211721960801, 35.086397960563545 ], [ 128.913154235682981, 35.087602410822832 ], [ 128.916892102349266, 35.089721554449838 ], [ 128.926143449167142, 35.092461430466649 ], [ 128.924844607384983, 35.092620847488121 ], [ 128.92729288210424, 35.097506974612116 ], [ 128.928297041934798, 35.097728918230956 ], [ 128.928554394544562, 35.099437092856761 ], [ 128.929658086278863, 35.099833173693725 ], [ 128.930755827787436, 35.104857868658435 ], [ 128.929450376268647, 35.105163436512036 ], [ 128.930358672610396, 35.107082031441031 ], [ 128.931109462319966, 35.105623655458757 ], [ 128.931543525614984, 35.10626559693781 ], [ 128.932596172001581, 35.109975245531146 ], [ 128.932140088254357, 35.110631376530179 ], [ 128.939329687965454, 35.108858340372976 ], [ 128.938444391614865, 35.107226028036564 ], [ 128.93653710128234, 35.106660833188528 ], [ 128.937984762908854, 35.104997522583368 ], [ 128.937380708822673, 35.104217736454686 ], [ 128.936396056088512, 35.10450022606652 ], [ 128.935894387176631, 35.102623847397957 ], [ 128.936759211267059, 35.102468542862695 ], [ 128.936630420889315, 35.101289137597568 ], [ 128.934215040549361, 35.094110952285469 ], [ 128.939985986185832, 35.093517659311182 ], [ 128.944558832226221, 35.090264074736545 ], [ 128.947348453031651, 35.098898665277098 ], [ 128.947094016404549, 35.101985726733929 ], [ 128.948661088211281, 35.107146888387355 ], [ 128.956055876729209, 35.106554632087096 ], [ 128.954980311169692, 35.093662450061416 ], [ 128.950824182511155, 35.084481386163141 ], [ 128.950014553125385, 35.080406603276067 ], [ 128.958222294731513, 35.050349272306775 ], [ 128.968165664774205, 35.043790730218731 ], [ 128.967427731123848, 35.041532593919605 ], [ 128.96648013904894, 35.041085648539195 ], [ 128.96628984673103, 35.040369580025065 ], [ 128.967251610331601, 35.040082724548967 ], [ 128.965920459393999, 35.037666574592066 ], [ 128.961812136879246, 35.03682108300805 ], [ 128.941834437676761, 35.036740624966427 ], [ 128.933065700497508, 35.037493506689472 ], [ 128.906836463347759, 35.04145944059821 ], [ 128.89607057104476, 35.043740649368672 ], [ 128.884436900324204, 35.047533107503234 ], [ 128.885765718714367, 35.067431842276534 ], [ 128.884278853146441, 35.079708650649344 ], [ 128.88321740983622, 35.082321514891454 ], [ 128.885799241796462, 35.087511065609704 ], [ 128.887585535155296, 35.08894952068227 ], [ 128.888173502147424, 35.093812264512188 ] ] ] } },
{ "type": "Feature", "properties": { "wid": "20-346024-5-302", "name": "영산강하구습지", "area_ha": 1672.3749545378785, "bbox5186": "148846.8,240725.4,158701.0,246863.5" }, "geometry": { "type": "Polygon", "coordinates": [ [ [ 126.454872255628075, 34.783327963739076 ], [ 126.449774990357909, 34.782753372909376 ], [ 126.44902213763784, 34.785232425681599 ], [ 126.44948126126107, 34.785688808937145 ], [ 126.441007185346351, 34.800596287439994 ], [ 126.441924406933822, 34.801187307027384 ], [ 126.452746124005671, 34.801692558059273 ], [ 126.467532404376215, 34.798834010098432 ], [ 126.471960081996215, 34.796799010294869 ], [ 126.484186138432932, 34.788792911463709 ], [ 126.495313767162955, 34.778140802195857 ], [ 126.501391803860287, 34.774955946228324 ], [ 126.50578075110883, 34.774849448562954 ], [ 126.509583269018236, 34.77692183213955 ], [ 126.512827866357298, 34.781012814903363 ], [ 126.515925446244935, 34.783019078710865 ], [ 126.5163359950932, 34.788302036690688 ], [ 126.517792916774823, 34.789723020701352 ], [ 126.516636992708854, 34.790458488041921 ], [ 126.514453018147705, 34.79433664495901 ], [ 126.515434692634543, 34.798370727276051 ], [ 126.530308484936896, 34.806384813191883 ], [ 126.530208466196186, 34.807448080901523 ], [ 126.534129155925683, 34.809675192707637 ], [ 126.53741631429007, 34.813048156430739 ], [ 126.53900115911614, 34.816761632160066 ], [ 126.548546659148272, 34.812876327678566 ], [ 126.548630567531333, 34.811719239379769 ], [ 126.540146346523954, 34.803628039038585 ], [ 126.52961319045194, 34.799309726863093 ], [ 126.529080632780833, 34.798032182581601 ], [ 126.523583820251304, 34.796379250858479 ], [ 126.522731682027157, 34.793503141122912 ], [ 126.52390440731952, 34.79174368768814 ], [ 126.524055311584078, 34.786207855251256 ], [ 126.523350394289963, 34.784153500565679 ], [ 126.521343187142477, 34.783238811474433 ], [ 126.52059737891021, 34.781847713394498 ], [ 126.522677963310642, 34.777603059718608 ], [ 126.522306002614926, 34.775797888124771 ], [ 126.519921812430113, 34.773992909324313 ], [ 126.51844922140458, 34.771172903869761 ], [ 126.519493184760535, 34.771423112477777 ], [ 126.519941328949443, 34.77043423478095 ], [ 126.516753722207341, 34.768381741615983 ], [ 126.517000103724001, 34.767153200569631 ], [ 126.515752264911868, 34.76591151389534 ], [ 126.508001802218715, 34.763046419547941 ], [ 126.499360556639346, 34.762903929057359 ], [ 126.497810683493483, 34.761269606361509 ], [ 126.487024208948839, 34.763110383572361 ], [ 126.480628303244558, 34.76791750611482 ], [ 126.478591251533786, 34.7710177437936 ], [ 126.474240683899012, 34.773712259770562 ], [ 126.465095234855809, 34.783488694591249 ], [ 126.465508328514019, 34.784826386480155 ], [ 126.464313117145281, 34.786677118079666 ], [ 126.46121292665967, 34.785917074958107 ], [ 126.458720901626847, 34.786229622060738 ], [ 126.454872255628075, 34.783327963739076 ] ] ] } },
{ "type": "Feature", "properties": { "wid": "20-376152-5-302", "name": "화성호하구습지", "area_ha": 1428.4116756396011, "bbox5186": "171912.2,497323.1,180481.9,506870.3" }, "geometry": { "type": "Polygon", "coordinates": [ [ [ 126.744243258784039, 37.13648829955693 ], [ 126.73045010134436, 37.12556572762972 ], [ 126.725865411078232, 37.11907568560099 ], [ 126.73076431395728, 37.086080935713078 ], [ 126.735476507064533, 37.07679702976715 ], [ 126.733538741792344, 37.074581470961448 ], [ 126.698290194732152, 37.101752477719117 ], [ 126.697796930448717, 37.103020819927806 ], [ 126.690444411562581, 37.108766852571812 ], [ 126.686014964399362, 37.11152416908461 ], [ 126.686049031954326, 37.113083095836743 ], [ 126.683978116773517, 37.11352452063538 ], [ 126.684046662571191, 37.114628503368621 ], [ 126.690054000243393, 37.115949096315717 ], [ 126.695750774668056, 37.115357437632532 ], [ 126.707057263342932, 37.120057013839073 ], [ 126.725000204379782, 37.132430100288722 ], [ 126.741967999667878, 37.148293538737995 ], [ 126.751609010202415, 37.154848600527579 ], [ 126.759047684773577, 37.156674179542954 ], [ 126.77424150081859, 37.157998913901444 ], [ 126.778654560408413, 37.160700495399077 ], [ 126.780264658926612, 37.159472648867002 ], [ 126.774357243923461, 37.156176296888262 ], [ 126.758198582914176, 37.154287353588856 ], [ 126.754089124957545, 37.153071482272971 ], [ 126.748963222090367, 37.150177353802178 ], [ 126.739559685752511, 37.141569083477357 ], [ 126.744243258784039, 37.13648829955693 ] ] ] } },
{ "type": "Feature", "properties": { "wid": "20-366111-5-301", "name": "광천천하구습지", "area_ha": 1169.7482384090204, "bbox5186": "157354.9,427000.1,165557.1,432116.0" }, "geometry": { "type": "Polygon", "coordinates": [ [ [ 126.615622497273876, 36.486402647851563 ], [ 126.612223368615872, 36.482342762358691 ], [ 126.613143923195537, 36.480787653293241 ], [ 126.602409925434216, 36.472519416232835 ], [ 126.595505716777083, 36.471829359417406 ], [ 126.595217030353595, 36.470913707293249 ], [ 126.593181964027806, 36.470686004241983 ], [ 126.591993047876642, 36.469317595238074 ], [ 126.588369379338545, 36.468640098675699 ], [ 126.583315703373216, 36.471246726836121 ], [ 126.580185195392986, 36.47160162468159 ], [ 126.576759272078107, 36.473134103940119 ], [ 126.575379382891398, 36.47511714982285 ], [ 126.572444322708321, 36.474592110991487 ], [ 126.569725668962064, 36.471864456858675 ], [ 126.568753875770184, 36.472461118378625 ], [ 126.567780786768765, 36.47127888739054 ], [ 126.566897045846133, 36.4648711713631 ], [ 126.569279248603536, 36.464221047126223 ], [ 126.56924057813346, 36.463547743874635 ], [ 126.568609463173303, 36.461471903545188 ], [ 126.567334016811373, 36.460922087082949 ], [ 126.565373073867022, 36.45786905267078 ], [ 126.566235015889532, 36.455335430672321 ], [ 126.565457015929553, 36.452020846636195 ], [ 126.55925053333381, 36.450627430149353 ], [ 126.558094411314457, 36.451895590421373 ], [ 126.555157943756114, 36.45159541164432 ], [ 126.553278291645185, 36.452385916295235 ], [ 126.552156593600017, 36.454047952778659 ], [ 126.551941486361756, 36.453239708727544 ], [ 126.549623112560525, 36.453302175145254 ], [ 126.548845323332415, 36.450076699365383 ], [ 126.545224293754103, 36.44878331503913 ], [ 126.543386608058668, 36.449069175881711 ], [ 126.54219084725554, 36.450399209914835 ], [ 126.54050397482014, 36.450260258265949 ], [ 126.537881386144136, 36.448780346613809 ], [ 126.537194327695033, 36.447081706509607 ], [ 126.537660248283359, 36.444880181264999 ], [ 126.539475046544922, 36.443735516173753 ], [ 126.533130396841116, 36.440273854159805 ], [ 126.525628421932495, 36.446929968647602 ], [ 126.526796736393848, 36.447952913224206 ], [ 126.524397174281702, 36.449643859830388 ], [ 126.524298971134215, 36.451843191601746 ], [ 126.526301896811205, 36.452472053673532 ], [ 126.527167526837829, 36.456145894573076 ], [ 126.529223540302851, 36.457426453517037 ], [ 126.533821740839414, 36.456518112878229 ], [ 126.534857127517327, 36.457052031981036 ], [ 126.535932211830016, 36.458976579912893 ], [ 126.534865857320952, 36.460260180446554 ], [ 126.536980698997283, 36.462756493396917 ], [ 126.538255665870693, 36.462979512303924 ], [ 126.539060186411177, 36.467478483949407 ], [ 126.541931318392628, 36.469113418822658 ], [ 126.543491389244167, 36.469065327238098 ], [ 126.543820140774969, 36.47160693834013 ], [ 126.553352343708283, 36.47312359097279 ], [ 126.555113567196642, 36.475376746940611 ], [ 126.561144990576736, 36.478072803547462 ], [ 126.561522053327352, 36.480466752489377 ], [ 126.560787081117269, 36.482768298417049 ], [ 126.561432443407725, 36.48409086121903 ], [ 126.564970532083748, 36.48419302675353 ], [ 126.566708198885195, 36.480961505344894 ], [ 126.568253919913587, 36.480120924630583 ], [ 126.56910131683388, 36.481049472399789 ], [ 126.568743295249774, 36.482426042757652 ], [ 126.571436056169432, 36.484241655482649 ], [ 126.577437172105903, 36.4808305635189 ], [ 126.584558771295036, 36.479170410971939 ], [ 126.586050287881037, 36.476309922250302 ], [ 126.588368643528753, 36.474898622323465 ], [ 126.599365813410159, 36.47668969667383 ], [ 126.601507950643509, 36.479140801920671 ], [ 126.608717778776651, 36.48177260291137 ], [ 126.609534667189664, 36.480875024935465 ], [ 126.610295338967418, 36.481172189222676 ], [ 126.61038770485851, 36.482560269339729 ], [ 126.614550963905359, 36.486666834122659 ], [ 126.615622497273876, 36.486402647851563 ] ] ] } },
{ "type": "Feature", "properties": { "wid": "21-376034-5-001", "name": "임진강하구", "area_ha": 1114.6593390770197, "bbox5186": "171056.3,580560.8,180302.8,587972.8" }, "geometry": { "type": "Polygon", "coordinates": [ [ [ 126.677626159503532, 37.824422741602923 ], [ 126.676511212483248, 37.826405384522644 ], [ 126.67122770221502, 37.829368402103448 ], [ 126.67160360579004, 37.833486799918589 ], [ 126.680279980500089, 37.837197365217484 ], [ 126.6805628125894, 37.838786509059545 ], [ 126.683586711276362, 37.839909148166896 ], [ 126.683213128973946, 37.841194701225724 ], [ 126.684170427857083, 37.842091916111144 ], [ 126.693947021154599, 37.844171895992361 ], [ 126.695400514084312, 37.845182926680323 ], [ 126.700746849732667, 37.846394897304172 ], [ 126.704044826095441, 37.848460100393318 ], [ 126.714193812467599, 37.850095166617201 ], [ 126.71628955557928, 37.851432738926732 ], [ 126.716693592171126, 37.852741890269655 ], [ 126.719059811153144, 37.853800769032098 ], [ 126.729359882413618, 37.852941961798727 ], [ 126.73509614717544, 37.851239597302204 ], [ 126.741169145026007, 37.850968401991118 ], [ 126.744966819672598, 37.851186609314126 ], [ 126.746615655736534, 37.853796616877965 ], [ 126.748981948612339, 37.855305369821615 ], [ 126.749157602268596, 37.858127517461774 ], [ 126.743427129414854, 37.865309244153451 ], [ 126.737231226044941, 37.879058442563078 ], [ 126.730002979540728, 37.885963147370354 ], [ 126.730481308251782, 37.891333870387029 ], [ 126.735041153695491, 37.890084702479463 ], [ 126.734789370514889, 37.888334502038546 ], [ 126.735611812101567, 37.886278594985029 ], [ 126.748044576852251, 37.873307915873184 ], [ 126.75190922188014, 37.866782452660516 ], [ 126.759093321979762, 37.863157539915242 ], [ 126.765861273641235, 37.862259432402084 ], [ 126.776169207799171, 37.859013537589355 ], [ 126.775083973081337, 37.857522200120137 ], [ 126.770534229780168, 37.85821075679155 ], [ 126.767492678530417, 37.857346185503701 ], [ 126.763495877406442, 37.849978364893055 ], [ 126.758619311187843, 37.848210715295927 ], [ 126.755998792927954, 37.848006204651533 ], [ 126.75435995931457, 37.848827167500573 ], [ 126.749440486048755, 37.846395948505148 ], [ 126.742995645095178, 37.846874879889036 ], [ 126.732313358128948, 37.844365359465314 ], [ 126.717506841026406, 37.843293778504993 ], [ 126.706802296228545, 37.841017039410957 ], [ 126.689145575358665, 37.832301903694223 ], [ 126.688013400442458, 37.829787956606033 ], [ 126.685026533098167, 37.830189039170165 ], [ 126.679162716894666, 37.827357736128889 ], [ 126.678278001361392, 37.825758834929374 ], [ 126.678556738735168, 37.824606376399188 ], [ 126.677626159503532, 37.824422741602923 ] ] ] } },
{ "type": "Feature", "properties": { "wid": "99-358064-9-003", "name": "우포늪", "area_ha": 857.68849718518743, "bbox5186": "325986.2,326431.9,331609.1,331564.9" }, "geometry": { "type": "Polygon", "coordinates": [ [ [ 128.3890347758404, 35.528237919359327 ], [ 128.3893973498744, 35.52944497915172 ], [ 128.394726831775188, 35.528050556443247 ], [ 128.396432721566413, 35.530872351027128 ], [ 128.402112865927876, 35.53651654083361 ], [ 128.402203015947009, 35.538148494016312 ], [ 128.400845323661684, 35.539583688670064 ], [ 128.399994497240925, 35.542207093363345 ], [ 128.395552139140449, 35.54279211279016 ], [ 128.39565606656663, 35.543635348232058 ], [ 128.393789773820203, 35.544876281169358 ], [ 128.393652742851259, 35.545751142448417 ], [ 128.396608908709624, 35.547776209856671 ], [ 128.396563334380545, 35.549344850285578 ], [ 128.398305407295197, 35.549139007655441 ], [ 128.39869730831208, 35.553162885738828 ], [ 128.399764800249329, 35.551068693379591 ], [ 128.400587843362956, 35.551153761845697 ], [ 128.40104615868708, 35.554107118576404 ], [ 128.399449362887083, 35.556331834457708 ], [ 128.401077264621335, 35.556781555902042 ], [ 128.400027328203237, 35.557858085950862 ], [ 128.401705173730306, 35.558893907396367 ], [ 128.398993749892611, 35.559052475954331 ], [ 128.397795595398549, 35.560615559074584 ], [ 128.3993946916016, 35.561497316620951 ], [ 128.399509350722354, 35.562382777919147 ], [ 128.404589693886408, 35.564483890068146 ], [ 128.403656143596322, 35.565532959660345 ], [ 128.401172893428765, 35.565949372261933 ], [ 128.401192724531484, 35.5670882724026 ], [ 128.398690992207889, 35.568158227319024 ], [ 128.399601156519026, 35.570515142911859 ], [ 128.401031556389029, 35.5708815390146 ], [ 128.40039272436718, 35.571695546374208 ], [ 128.401806300589072, 35.572677654881581 ], [ 128.405912394866334, 35.572894784102566 ], [ 128.408729562406108, 35.571757007185084 ], [ 128.407881089870756, 35.570231260120217 ], [ 128.410646700784866, 35.568802049594886 ], [ 128.40999495707149, 35.568054461848782 ], [ 128.411024931018233, 35.566154374645571 ], [ 128.410573100191698, 35.565736094396073 ], [ 128.41252087326572, 35.564789545021398 ], [ 128.411156972758789, 35.563934951237876 ], [ 128.412358250806392, 35.562624941851332 ], [ 128.411867377112742, 35.561049068274471 ], [ 128.411042636498536, 35.561376852540228 ], [ 128.411774617386271, 35.560350815373681 ], [ 128.411210777848311, 35.560713395714934 ], [ 128.409765843355558, 35.559572247069838 ], [ 128.410988531505012, 35.559171322275787 ], [ 128.412162614380804, 35.560338159769451 ], [ 128.413510888088268, 35.5600546979149 ], [ 128.412807254459864, 35.560620795906324 ], [ 128.416465875913474, 35.56308232215148 ], [ 128.423614747738554, 35.561442617694844 ], [ 128.424680668568783, 35.561907664986357 ], [ 128.426080230637353, 35.560909699365418 ], [ 128.427074133775704, 35.56110701730686 ], [ 128.427147735097549, 35.562521043042054 ], [ 128.430164946701751, 35.562375335517778 ], [ 128.431222358074791, 35.563351409981671 ], [ 128.430294411698924, 35.564260928394908 ], [ 128.432306177625463, 35.565066150897074 ], [ 128.433702850124007, 35.567499026851685 ], [ 128.436659757337992, 35.569834892645211 ], [ 128.439093237796754, 35.568613566930324 ], [ 128.438986155449925, 35.568053394113726 ], [ 128.44428209957664, 35.567833242011787 ], [ 128.443380824922912, 35.567026644800514 ], [ 128.444352927663601, 35.566002946295384 ], [ 128.445055706609168, 35.566811916265287 ], [ 128.446511645323, 35.566935040553197 ], [ 128.44510887876379, 35.565657735852263 ], [ 128.445845508519056, 35.565342492264605 ], [ 128.443368825961016, 35.564635889770948 ], [ 128.444911292546834, 35.564236199678959 ], [ 128.443626975969238, 35.563778455100518 ], [ 128.444213450171986, 35.561611238922431 ], [ 128.442916219831261, 35.560738184599082 ], [ 128.443685675948359, 35.559734039720411 ], [ 128.438122362904778, 35.557984606971253 ], [ 128.438261653006094, 35.556953766162913 ], [ 128.438822823612753, 35.557684257252099 ], [ 128.439100200325214, 35.557653910011183 ], [ 128.438188654780333, 35.556448158384377 ], [ 128.443810112385933, 35.555665403151366 ], [ 128.443110706275917, 35.554853679244417 ], [ 128.443496110857041, 35.553529697465969 ], [ 128.451432071802259, 35.550851553378749 ], [ 128.450161077153211, 35.549837670341098 ], [ 128.441797037750291, 35.552932702851152 ], [ 128.430254492709366, 35.551090239396174 ], [ 128.429480360760522, 35.552954109985869 ], [ 128.425472527048896, 35.552314844561444 ], [ 128.426138432672815, 35.549503304579943 ], [ 128.424477744407284, 35.548757810298177 ], [ 128.424135647920849, 35.547434368538319 ], [ 128.422270591144269, 35.547476211606131 ], [ 128.421054325990497, 35.546353225146568 ], [ 128.421087417418477, 35.5452290245222 ], [ 128.418927364411417, 35.546549506459215 ], [ 128.417997535938611, 35.544844538883176 ], [ 128.417981587254445, 35.545379145091452 ], [ 128.416130733858267, 35.546351677565603 ], [ 128.417043801823638, 35.545789407690698 ], [ 128.415986247109458, 35.545597257735793 ], [ 128.415887158143931, 35.547048471492282 ], [ 128.413018555738319, 35.547337169083903 ], [ 128.412755158136434, 35.54615155684138 ], [ 128.413441438831825, 35.546237239252328 ], [ 128.412810004305129, 35.545506547271991 ], [ 128.410250834188275, 35.545012904285514 ], [ 128.409451370983732, 35.543247764301846 ], [ 128.408257139026205, 35.544064700012029 ], [ 128.406579159520589, 35.542376487762269 ], [ 128.402449537924127, 35.542365113265639 ], [ 128.402067027826575, 35.540154376893902 ], [ 128.405840933427385, 35.537164364102487 ], [ 128.405746326623756, 35.535786608724294 ], [ 128.402091893770177, 35.534107836329092 ], [ 128.398026723947055, 35.530797104856539 ], [ 128.397043605144717, 35.528334658803075 ], [ 128.395372537671363, 35.526757950901249 ], [ 128.3890347758404, 35.528237919359327 ] ] ] } },
{ "type": "Feature", "properties": { "wid": "20-366031-5-301", "name": "역천하구습지", "area_ha": 809.3490819715845, "bbox5186": "165295.3,482549.6,171871.7,490045.0" }, "geometry": { "type": "Polygon", "coordinates": [ [ [ 126.645620594586376, 36.998691060096839 ], [ 126.684002508992435, 36.997840696706 ], [ 126.683760259585341, 36.995843260368069 ], [ 126.682692615492059, 36.994865443472001 ], [ 126.667554290381347, 36.993018249468143 ], [ 126.656881972190035, 36.986146885637801 ], [ 126.654464217519944, 36.983287053242883 ], [ 126.649850283665529, 36.971486491965507 ], [ 126.641020131172894, 36.965230940929168 ], [ 126.630940698715264, 36.960579287513198 ], [ 126.62853647790223, 36.958534441562485 ], [ 126.628027153072864, 36.957058674580956 ], [ 126.628882960611804, 36.955160966567568 ], [ 126.63353117249838, 36.954714948139227 ], [ 126.634790222029764, 36.952746353363622 ], [ 126.633894791246291, 36.949118532415426 ], [ 126.628886824943677, 36.947884721462749 ], [ 126.625339206175568, 36.945126173840833 ], [ 126.626232395011911, 36.943605252674061 ], [ 126.630317080810173, 36.942547547588717 ], [ 126.630753607831664, 36.941185562458585 ], [ 126.628959793834767, 36.942329757636003 ], [ 126.625711004752304, 36.942789029211802 ], [ 126.624093542364662, 36.944575278788456 ], [ 126.624840027566847, 36.946190581881481 ], [ 126.627206572374845, 36.948034445528393 ], [ 126.633094932096185, 36.949925238165186 ], [ 126.63359928140143, 36.952919297362058 ], [ 126.632183001222032, 36.95395567147758 ], [ 126.625000378811961, 36.952870828980032 ], [ 126.626945373826388, 36.953480681369591 ], [ 126.625837665251211, 36.954994621820497 ], [ 126.626685700280973, 36.957686124526028 ], [ 126.62623191164019, 36.958180292942018 ], [ 126.629717664434125, 36.962251494387779 ], [ 126.63672000345295, 36.966265821590227 ], [ 126.644252475440851, 36.97186993189792 ], [ 126.645422668881992, 36.974533425374709 ], [ 126.645531967483251, 36.983898683957392 ], [ 126.642666659158166, 36.98702314825335 ], [ 126.6100978827304, 37.002670578079496 ], [ 126.613758158685343, 37.008671095403578 ], [ 126.63064173730217, 37.001532446530469 ], [ 126.645620594586376, 36.998691060096839 ] ] ] } },
{ "type": "Feature", "properties": { "wid": "20-347052-5-301", "name": "고읍천하구습지(고흥)", "area_ha": 731.58254600290866, "bbox5186": "218117.3,221010.6,220957.3,228735.5" }, "geometry": { "type": "Polygon", "coordinates": [ [ [ 127.227939437619071, 34.654011967821035 ], [ 127.228605869575716, 34.650803423346126 ], [ 127.227723897575942, 34.650187592127672 ], [ 127.228135672714032, 34.643615373441556 ], [ 127.223723809194198, 34.634312628801126 ], [ 127.221745882778777, 34.632831576662348 ], [ 127.210002656392092, 34.62942600246221 ], [ 127.207750742208219, 34.627255593865378 ], [ 127.202237816642466, 34.598312443293494 ], [ 127.202824603030848, 34.596192181092526 ], [ 127.204516976466209, 34.594631665637898 ], [ 127.21360215731255, 34.593528061427541 ], [ 127.221868964653694, 34.588101055174391 ], [ 127.225077151076377, 34.587010745673574 ], [ 127.226403062092601, 34.584379687081785 ], [ 127.224208244746634, 34.586533679180562 ], [ 127.222042777242791, 34.586651219896346 ], [ 127.214860745569609, 34.591240697288626 ], [ 127.211812656574438, 34.592392659758538 ], [ 127.210397274871369, 34.591764098910815 ], [ 127.204471274407311, 34.592440337384652 ], [ 127.197498927015218, 34.596889617933883 ], [ 127.201224980333222, 34.616797237707438 ], [ 127.202694987099335, 34.637949722050905 ], [ 127.200308223055714, 34.640493909361339 ], [ 127.200688537525338, 34.641713826804192 ], [ 127.199205256269593, 34.644478253958255 ], [ 127.199376555729614, 34.645867985549884 ], [ 127.197923346774871, 34.647565950097011 ], [ 127.199873636900307, 34.646651419453434 ], [ 127.199810637337777, 34.647671044423511 ], [ 127.227939437619071, 34.654011967821035 ] ] ] } },
{ "type": "Feature", "properties": { "wid": "20-376163-5-301", "name": "남양호하구습지", "area_ha": 729.99514625260633, "bbox5186": "181980.6,489920.1,189794.7,499928.0" }, "geometry": { "type": "Polygon", "coordinates": [ [ [ 126.878953677812206, 37.088764859594228 ], [ 126.883499523161163, 37.074339685777957 ], [ 126.884620185377472, 37.073190113954702 ], [ 126.885252973816407, 37.06369884083071 ], [ 126.877793700064032, 37.049036335492445 ], [ 126.869884226588354, 37.039707204910748 ], [ 126.865719775965189, 37.03263542435095 ], [ 126.873720037373857, 37.033228105749593 ], [ 126.877329751383769, 37.031362157769557 ], [ 126.876552492632811, 37.02967273308974 ], [ 126.870372583850525, 37.031461989830213 ], [ 126.866149545235217, 37.030469721011471 ], [ 126.861828064327938, 37.026802789555845 ], [ 126.857187505572369, 37.020314039065426 ], [ 126.851927742036168, 37.015427349949576 ], [ 126.847648234179189, 37.012891702625723 ], [ 126.847260534642487, 37.011229613394995 ], [ 126.842562644406584, 37.011262221025731 ], [ 126.838709844024166, 37.010166741200571 ], [ 126.821602489756899, 37.009942220503802 ], [ 126.801387346658217, 37.008007934896135 ], [ 126.800377567750303, 37.008750532606875 ], [ 126.799928603164005, 37.008144251162435 ], [ 126.79858191603735, 37.008392473573224 ], [ 126.798278505665607, 37.016062843689788 ], [ 126.797516563837462, 37.016941899685911 ], [ 126.799530514292201, 37.01768780715107 ], [ 126.802002471911393, 37.017330624632798 ], [ 126.802837681928608, 37.018084415433144 ], [ 126.799059017035177, 37.018793533653096 ], [ 126.800258771411478, 37.019368644578478 ], [ 126.806304214703303, 37.017689144030285 ], [ 126.811393996364771, 37.018845315678924 ], [ 126.815898234859034, 37.017301632675021 ], [ 126.835787734023555, 37.016786568291344 ], [ 126.84605325790875, 37.018727735888831 ], [ 126.851173900361502, 37.021691607430093 ], [ 126.857109364323492, 37.028436261292079 ], [ 126.875562262247726, 37.053143814694721 ], [ 126.88116628895223, 37.061962956379311 ], [ 126.882180179799235, 37.06868866750424 ], [ 126.880389087051668, 37.077171357177818 ], [ 126.878885510626418, 37.079296356412513 ], [ 126.87948842321245, 37.079932224700258 ], [ 126.877788129228918, 37.088251857403691 ], [ 126.879766585123903, 37.093933311177153 ], [ 126.882644844728148, 37.09624292695338 ], [ 126.883389735807668, 37.098295391499697 ], [ 126.883953551715607, 37.098136455741013 ], [ 126.883448787947628, 37.096462679154818 ], [ 126.880456310296864, 37.093804254727928 ], [ 126.878953677812206, 37.088764859594228 ] ] ] } },
{ "type": "Feature", "properties": { "wid": "13-356121-3-102", "name": "장성호습지", "area_ha": 637.36293414067109, "bbox5186": "183408.9,306488.3,188661.0,313794.3" }, "geometry": { "type": "Polygon", "coordinates": [ [ [ 126.823554832329393, 35.35494654102957 ], [ 126.817458817637302, 35.357298969616735 ], [ 126.820687644886917, 35.362438670622183 ], [ 126.820252246097127, 35.363782804983678 ], [ 126.821353893519728, 35.363680785784211 ], [ 126.823466255961179, 35.36581913506383 ], [ 126.820549614366172, 35.369622045259959 ], [ 126.82438558418383, 35.367095852789987 ], [ 126.824080053997577, 35.368953043721724 ], [ 126.824917036226665, 35.369655491664737 ], [ 126.824105269472113, 35.3705177839622 ], [ 126.825178169599425, 35.370519340878815 ], [ 126.826387027364234, 35.372806848109612 ], [ 126.822356753822987, 35.375018253125404 ], [ 126.826110612567845, 35.374440555375308 ], [ 126.826403941388307, 35.377755152863415 ], [ 126.821878875764327, 35.380149698256446 ], [ 126.828602546653883, 35.379419434746367 ], [ 126.830944295484713, 35.381092889909233 ], [ 126.834599948261811, 35.387219748354262 ], [ 126.835896921106524, 35.387556809648274 ], [ 126.834920040405351, 35.388395513141425 ], [ 126.834948671797235, 35.389469029409014 ], [ 126.832107624887755, 35.391696792771924 ], [ 126.832607351247489, 35.392758344198725 ], [ 126.836493506432845, 35.390266097868249 ], [ 126.838719970403744, 35.391480470034764 ], [ 126.838460577895091, 35.392397671131612 ], [ 126.839419462803363, 35.392314225042355 ], [ 126.838174291457719, 35.39465239960154 ], [ 126.839686360950466, 35.397609854438564 ], [ 126.839123413219767, 35.401160317591227 ], [ 126.840243645412599, 35.40360168374724 ], [ 126.842934724797473, 35.406146039450803 ], [ 126.841685284880413, 35.407231402265872 ], [ 126.842310816214294, 35.407687387900488 ], [ 126.844476501085992, 35.406449075866064 ], [ 126.845092589954575, 35.407242129309303 ], [ 126.846138472490068, 35.406654903018008 ], [ 126.846763946078553, 35.407152326384434 ], [ 126.845683668300524, 35.408456064708609 ], [ 126.846389208587595, 35.408538082968207 ], [ 126.846316140867827, 35.409332054175991 ], [ 126.843108056747511, 35.412709686279946 ], [ 126.844183837793238, 35.413221226457097 ], [ 126.842925822724624, 35.416975399206521 ], [ 126.845253655775139, 35.418586359231909 ], [ 126.846300917011163, 35.420828377547096 ], [ 126.848646970000701, 35.420446476994293 ], [ 126.847857202283407, 35.41708356122556 ], [ 126.850401948598105, 35.413386819375397 ], [ 126.85105149977764, 35.4110135427063 ], [ 126.852080921499208, 35.411605173121437 ], [ 126.857673271043055, 35.411315357766405 ], [ 126.865265216825151, 35.408870668185962 ], [ 126.873080369543956, 35.407714625150646 ], [ 126.875170467308806, 35.405214733008108 ], [ 126.872573700051802, 35.405772643976022 ], [ 126.870143394684192, 35.402735303184379 ], [ 126.867110636026894, 35.404693282526296 ], [ 126.86121690198533, 35.403192262354708 ], [ 126.857879091580003, 35.405078454193749 ], [ 126.852043832556987, 35.399367878981863 ], [ 126.848269052422509, 35.398254569453862 ], [ 126.85011632404489, 35.397581784552017 ], [ 126.846276127077942, 35.3967747812761 ], [ 126.846457571053207, 35.394548743266213 ], [ 126.845224023996025, 35.393196085043151 ], [ 126.844381213026551, 35.390153033994309 ], [ 126.845023386745027, 35.387602210146405 ], [ 126.843645081170976, 35.388896538853956 ], [ 126.841335828044137, 35.384431069870189 ], [ 126.838690839999771, 35.381786684829571 ], [ 126.841493260602519, 35.379343294782153 ], [ 126.839183818849449, 35.379606134225895 ], [ 126.837151397783913, 35.381114033711192 ], [ 126.835048037639069, 35.380668629751298 ], [ 126.832821856987039, 35.37735319825407 ], [ 126.834943390755726, 35.375311005946401 ], [ 126.831814074017359, 35.374565800716603 ], [ 126.833039317934862, 35.37115507736587 ], [ 126.830089795445701, 35.372391191725519 ], [ 126.831105199127848, 35.369895038572487 ], [ 126.833783018662956, 35.369098373035939 ], [ 126.837213313298022, 35.365080417860639 ], [ 126.832632193552854, 35.367941283126029 ], [ 126.831067487321633, 35.367925586027035 ], [ 126.826722624990865, 35.362526790940009 ], [ 126.827420527913503, 35.361864412075917 ], [ 126.825908449827892, 35.360965421841094 ], [ 126.825867034554435, 35.359243824955698 ], [ 126.824994561526523, 35.359228143497575 ], [ 126.825046666945809, 35.357005542432084 ], [ 126.824150282730031, 35.356357988753985 ], [ 126.82526564325029, 35.355459178722221 ], [ 126.823554832329393, 35.35494654102957 ] ] ] } },
{ "type": "Feature", "properties": { "wid": "14-367132-3-014", "name": "탑정호", "area_ha": 613.14233599014528, "bbox5186": "213362.5,396066.4,218278.9,399350.9" }, "geometry": { "type": "Polygon", "coordinates": [ [ [ 127.176634146021357, 36.162285605722616 ], [ 127.173763359021521, 36.164250834450101 ], [ 127.173346543307673, 36.169784851718795 ], [ 127.169547983299594, 36.17258673555159 ], [ 127.168987737152392, 36.174638673409376 ], [ 127.169695686293565, 36.175619986819363 ], [ 127.167943856069712, 36.176137045681429 ], [ 127.166517237553052, 36.174336625956428 ], [ 127.164221962066009, 36.173834219443627 ], [ 127.16242868130098, 36.171499836881559 ], [ 127.16093379011663, 36.170996278479635 ], [ 127.16201018565711, 36.173922847365624 ], [ 127.161159698457908, 36.177644174378003 ], [ 127.16186999107218, 36.179798900286855 ], [ 127.16094098966532, 36.179952456504154 ], [ 127.159052197367615, 36.177131502929385 ], [ 127.157053206253906, 36.177506339982997 ], [ 127.150060080841982, 36.174529612869293 ], [ 127.150155271454722, 36.17548387116549 ], [ 127.14853525945172, 36.177002622155861 ], [ 127.150805576190265, 36.183045972971499 ], [ 127.150136917369551, 36.183924587260115 ], [ 127.150551285244816, 36.185516496092802 ], [ 127.152185802160062, 36.185104381131012 ], [ 127.153188258599187, 36.186095329066738 ], [ 127.154890126246727, 36.184319568016001 ], [ 127.157042920895734, 36.184049105415838 ], [ 127.162120441738622, 36.187514678602653 ], [ 127.167945512979955, 36.187850006944714 ], [ 127.168833754216905, 36.190423497552558 ], [ 127.171071612545276, 36.191893788468434 ], [ 127.172947616259364, 36.19106919498293 ], [ 127.172763372071472, 36.188173892740288 ], [ 127.17578573550422, 36.184984636493091 ], [ 127.176604148639541, 36.182104983778402 ], [ 127.178644981294482, 36.179584889693331 ], [ 127.179831837238979, 36.179430809089055 ], [ 127.182790020945262, 36.18094125503422 ], [ 127.187768214830115, 36.181525642327941 ], [ 127.189238427354198, 36.183168927337427 ], [ 127.189740233474737, 36.183352880015654 ], [ 127.189288438619542, 36.182701123029126 ], [ 127.189316441800713, 36.182327078768935 ], [ 127.196935023217662, 36.187815739340259 ], [ 127.200368117294744, 36.186093248816405 ], [ 127.201412001168805, 36.18348341201397 ], [ 127.202548242411012, 36.182663201316075 ], [ 127.201603364588493, 36.182676511892289 ], [ 127.199887136645771, 36.180995939365104 ], [ 127.200120169229848, 36.179960065624876 ], [ 127.197871769918436, 36.179682626910058 ], [ 127.202399223255796, 36.175294299344621 ], [ 127.203174835046553, 36.173042674758427 ], [ 127.201687731641442, 36.173088446968798 ], [ 127.201067070254027, 36.175095575105715 ], [ 127.199062750704243, 36.176339884533718 ], [ 127.199228352381056, 36.175452822760683 ], [ 127.198106231167898, 36.17567277653464 ], [ 127.198627553342718, 36.175232124407245 ], [ 127.197935532703468, 36.175422523684468 ], [ 127.197875683506766, 36.174607932606612 ], [ 127.196680842373212, 36.175526427666306 ], [ 127.196124949623368, 36.174589184357181 ], [ 127.190998949242811, 36.174776811541349 ], [ 127.189882792422338, 36.172406612468272 ], [ 127.183890701662037, 36.170544159635071 ], [ 127.181119104639734, 36.172193086326409 ], [ 127.17701891666573, 36.168816088395033 ], [ 127.17812126369536, 36.165768373113025 ], [ 127.176634146021357, 36.162285605722616 ] ] ] } },
{ "type": "Feature", "properties": { "wid": "20-346064-5-301", "name": "고천암호하구습지", "area_ha": 590.62184093164115, "bbox5186": "150612.7,213442.8,157978.2,221092.6" }, "geometry": { "type": "Polygon", "coordinates": [ [ [ 126.466485715609707, 34.515204691685511 ], [ 126.46211142670596, 34.521419871872588 ], [ 126.465063188283125, 34.521718591243456 ], [ 126.464909377878513, 34.522438168235155 ], [ 126.471770456457477, 34.527506181206945 ], [ 126.47557847333087, 34.533381046483434 ], [ 126.476336864541281, 34.538036626213874 ], [ 126.479756791442711, 34.539703580089309 ], [ 126.490574029454024, 34.552579351130653 ], [ 126.513085843433259, 34.552740613008744 ], [ 126.51820491519149, 34.554167163932284 ], [ 126.522745040014101, 34.558745370216023 ], [ 126.525674104411564, 34.566768759348349 ], [ 126.53051516882546, 34.568215349426403 ], [ 126.532454111440885, 34.569715570221078 ], [ 126.534995271498232, 34.580502843880815 ], [ 126.541579301872375, 34.584467923382597 ], [ 126.541987708029112, 34.58393039869766 ], [ 126.535856060582105, 34.579954442049512 ], [ 126.53361680209234, 34.569532519167787 ], [ 126.531811206918803, 34.567763298639626 ], [ 126.52668925696328, 34.565502575127979 ], [ 126.524142363885872, 34.556178120665614 ], [ 126.520668705378625, 34.552778730507207 ], [ 126.516258072609219, 34.551126126193644 ], [ 126.516150832398296, 34.549701428287584 ], [ 126.514318939437473, 34.548657500842218 ], [ 126.499593095845981, 34.548571897192808 ], [ 126.493870182912858, 34.546762560740198 ], [ 126.492048467133671, 34.544100260778386 ], [ 126.490314884618144, 34.532537489251105 ], [ 126.490558672447975, 34.530604015945087 ], [ 126.491854618157944, 34.528850704457518 ], [ 126.488995226171042, 34.525319549964728 ], [ 126.485262316744681, 34.526083621592335 ], [ 126.48244157737021, 34.525695800736152 ], [ 126.466485715609707, 34.515204691685511 ] ] ] } },
{ "type": "Feature", "properties": { "wid": "15-347031-9-021", "name": "순천 동천하구", "area_ha": 542.00109282218295, "bbox5186": "244157.3,252892.9,248517.1,258115.9" }, "geometry": { "type": "MultiPolygon", "coordinates": [ [ [ [ 127.518258200266942, 34.917853803343633 ], [ 127.520054602828608, 34.917951590536035 ], [ 127.520499438956307, 34.91578366290274 ], [ 127.521224584578178, 34.915724669091247 ], [ 127.517712661538312, 34.90974638151225 ], [ 127.517516902360825, 34.906449951362646 ], [ 127.522657417416923, 34.900938520855718 ], [ 127.529073635587906, 34.89878619682073 ], [ 127.52962490670474, 34.896037274995464 ], [ 127.530799752082117, 34.896184484488288 ], [ 127.529194938820424, 34.894841206180963 ], [ 127.529698824642821, 34.893577071367901 ], [ 127.527972063056353, 34.889748283846998 ], [ 127.521928661115439, 34.889336307289504 ], [ 127.523086100038512, 34.882093191881893 ], [ 127.520390345251442, 34.881838851222788 ], [ 127.52111563681332, 34.881156999304842 ], [ 127.518831741659866, 34.879944484783373 ], [ 127.518922982930519, 34.881060915524813 ], [ 127.513207966519062, 34.882161432292321 ], [ 127.512432527436502, 34.883058880438611 ], [ 127.512825989788652, 34.884414711924997 ], [ 127.511716661064852, 34.885099032951857 ], [ 127.512938597313479, 34.888981568417087 ], [ 127.509805000068525, 34.891195036745138 ], [ 127.509944874950122, 34.89240951987955 ], [ 127.512675011767669, 34.893040725019098 ], [ 127.51417516182471, 34.891681407216709 ], [ 127.514933642008444, 34.891562819110341 ], [ 127.512684149888329, 34.8931028821669 ], [ 127.510034422254606, 34.893445739173693 ], [ 127.508257590519221, 34.895726478929198 ], [ 127.508872744696674, 34.896131331932317 ], [ 127.510065054083412, 34.895392605956587 ], [ 127.512544304259947, 34.895950952111654 ], [ 127.513146574224621, 34.89691920409566 ], [ 127.512183834797909, 34.89780391889952 ], [ 127.510762858023043, 34.897483596418319 ], [ 127.510401078665694, 34.899662864883148 ], [ 127.506051753327242, 34.900498607820872 ], [ 127.505648709671036, 34.902037148198701 ], [ 127.506252350252709, 34.900738442542369 ], [ 127.511003573421959, 34.899607151639984 ], [ 127.511030386681369, 34.89775378920509 ], [ 127.512323165727921, 34.898042199029142 ], [ 127.513196975149569, 34.897458921619965 ], [ 127.513506764295485, 34.896783376434691 ], [ 127.512887291121103, 34.895688103337214 ], [ 127.510067752990949, 34.895121277266306 ], [ 127.508697340095992, 34.895540756527666 ], [ 127.510607623887879, 34.893613694876962 ], [ 127.512552402305303, 34.893555933907493 ], [ 127.514625737812182, 34.892009408132459 ], [ 127.515686099397115, 34.89275667098714 ], [ 127.516799365652318, 34.897231833023781 ], [ 127.515044970275099, 34.901862486851847 ], [ 127.512457008599554, 34.904089932344974 ], [ 127.506745386113138, 34.907084845942272 ], [ 127.502162722783979, 34.90650805125486 ], [ 127.500292757583154, 34.907045777701377 ], [ 127.497797775091755, 34.911536807839227 ], [ 127.495277973209113, 34.912669327177561 ], [ 127.495551871687368, 34.913453316662341 ], [ 127.498441854654203, 34.912914187823681 ], [ 127.501471967798722, 34.908253280958029 ], [ 127.507192913891984, 34.908687444229308 ], [ 127.514583571005701, 34.904894898120631 ], [ 127.515207376274418, 34.911047809950183 ], [ 127.51834584018097, 34.914735545445474 ], [ 127.518258200266942, 34.917853803343633 ] ], [ [ 127.524763106120318, 34.89691107217935 ], [ 127.524977285646429, 34.896011465814325 ], [ 127.52498301476146, 34.896911925364122 ], [ 127.524763106120318, 34.89691107217935 ] ], [ [ 127.52208233148157, 34.886305183993372 ], [ 127.521900307639882, 34.885371226835979 ], [ 127.522224336381839, 34.885408595007149 ], [ 127.52208233148157, 34.886305183993372 ] ], [ [ 127.517473127755693, 34.905576696029122 ], [ 127.517875029676716, 34.903191722607325 ], [ 127.51926105880348, 34.903676162433612 ], [ 127.517473127755693, 34.905576696029122 ] ] ], [ [ [ 127.508112098442382, 34.88488970624352 ], [ 127.51151533899214, 34.883679292507104 ], [ 127.512086303679453, 34.880851937559086 ], [ 127.513214573788517, 34.880584875936563 ], [ 127.514531815027738, 34.878872979590049 ], [ 127.514236042992664, 34.878274807364704 ], [ 127.509724569046483, 34.876575757389602 ], [ 127.505413851623885, 34.876195338913007 ], [ 127.505638793189263, 34.875062258177742 ], [ 127.503648149230685, 34.874523376667661 ], [ 127.495261751632142, 34.874603797213084 ], [ 127.491108283302623, 34.877279746181522 ], [ 127.490563436425916, 34.874862614033802 ], [ 127.488848948142234, 34.874211504177786 ], [ 127.488875056620429, 34.871046615596498 ], [ 127.484168688753769, 34.87102037736674 ], [ 127.484537218514348, 34.874367577440609 ], [ 127.486956719429642, 34.874945618192044 ], [ 127.483017459120788, 34.881754209054037 ], [ 127.489737490423295, 34.880368029251066 ], [ 127.490361953054261, 34.879428066808089 ], [ 127.493026832538163, 34.879668777181699 ], [ 127.502527711008184, 34.881999629961996 ], [ 127.504045700629803, 34.881417358428756 ], [ 127.503650210100872, 34.884544112136808 ], [ 127.508112098442382, 34.88488970624352 ] ] ] ] } },
{ "type": "Feature", "properties": { "wid": "13-368142-2-031", "name": "해평습지", "area_ha": 443.68031673923787, "bbox5186": "322985.8,395549.8,324999.0,400085.1" }, "geometry": { "type": "Polygon", "coordinates": [ [ [ 128.37844241573535, 36.163731470353746 ], [ 128.377097865146084, 36.177647750473142 ], [ 128.374631363636269, 36.180695779289195 ], [ 128.369656948897784, 36.183871606512781 ], [ 128.367220192791535, 36.186803799705125 ], [ 128.375618223637673, 36.190727495690552 ], [ 128.382263053487264, 36.185243283155089 ], [ 128.383458392130109, 36.1859593842157 ], [ 128.386699574171104, 36.184619750188133 ], [ 128.387389765062863, 36.182722993106616 ], [ 128.388581375929959, 36.176300368230962 ], [ 128.389079262249851, 36.157342978211815 ], [ 128.386897284051543, 36.151626276489687 ], [ 128.38487652022701, 36.149751885854599 ], [ 128.378857946423835, 36.150527832513376 ], [ 128.374827714836044, 36.152042119353524 ], [ 128.379593851037242, 36.159617167313307 ], [ 128.37844241573535, 36.163731470353746 ] ] ] } },
{ "type": "Feature", "properties": { "wid": "13-346022-3-301", "name": "청포1습지", "area_ha": 438.3526578286357, "bbox5186": "143677.5,262987.2,146614.1,267179.3" }, "geometry": { "type": "Polygon", "coordinates": [ [ [ 126.394573843982741, 34.961464926003195 ], [ 126.393872688399483, 34.965239076545629 ], [ 126.39082529180007, 34.967479058774728 ], [ 126.390363868327086, 34.968572809925654 ], [ 126.384390478018346, 34.971528013498173 ], [ 126.383253200497137, 34.972781456082032 ], [ 126.383214145017249, 34.975361877914374 ], [ 126.385779499939147, 34.97615186139933 ], [ 126.385818237907685, 34.985776869122127 ], [ 126.38778175305734, 34.988453932599342 ], [ 126.389349028686865, 34.988753868654655 ], [ 126.389411773242983, 34.990186456956593 ], [ 126.390822455055613, 34.990783037653841 ], [ 126.390735641534022, 34.993038723812361 ], [ 126.392368523600723, 34.997961158437953 ], [ 126.395799596953452, 34.99925732271835 ], [ 126.402865915694775, 34.999273358896197 ], [ 126.404096910823426, 34.9987016317979 ], [ 126.415301869159109, 34.985278856703616 ], [ 126.41278747727587, 34.983866895429308 ], [ 126.412602268945221, 34.98189019729692 ], [ 126.413538830194867, 34.980941976512831 ], [ 126.411678144181707, 34.978340634902366 ], [ 126.411942325556481, 34.980602550842661 ], [ 126.408126668381215, 34.981991950707219 ], [ 126.407834232390726, 34.983516543238224 ], [ 126.405690348613277, 34.984053199439913 ], [ 126.404316952108317, 34.9858699384204 ], [ 126.404030740343543, 34.988337382306923 ], [ 126.395612975912243, 34.978748473887784 ], [ 126.392879177827183, 34.976868099973167 ], [ 126.391540748565589, 34.977193104548022 ], [ 126.391172621929201, 34.975736449175557 ], [ 126.388059210062721, 34.974863596843342 ], [ 126.388036788804655, 34.973755700725427 ], [ 126.38698401201404, 34.97410643160358 ], [ 126.39133022448118, 34.967459056289542 ], [ 126.394371740910145, 34.965272212882972 ], [ 126.395989004412343, 34.966313238555742 ], [ 126.397472466424958, 34.966342240523588 ], [ 126.397504715897014, 34.965676287148611 ], [ 126.396266292436835, 34.965829679651009 ], [ 126.398140833335503, 34.96403624109 ], [ 126.398392680482687, 34.962686332711598 ], [ 126.394573843982741, 34.961464926003195 ] ] ] } },
{ "type": "Feature", "properties": { "wid": "20-366151-5-302", "name": "웅천천하구습지", "area_ha": 425.22139838346521, "bbox5186": "157192.2,397437.9,163750.8,403809.2" }, "geometry": { "type": "Polygon", "coordinates": [ [ [ 126.594557945044713, 36.231507381334517 ], [ 126.595583693354158, 36.227370775026969 ], [ 126.596809427769401, 36.226071786716425 ], [ 126.596659430846032, 36.223657886115149 ], [ 126.581915637533058, 36.211119439625485 ], [ 126.575206666959971, 36.206786300950228 ], [ 126.573736443235362, 36.197177931933943 ], [ 126.567115683086925, 36.19246704734239 ], [ 126.571658048186777, 36.189073257332559 ], [ 126.578290013985807, 36.179249408041663 ], [ 126.588436609266353, 36.175876381460917 ], [ 126.596890765402449, 36.174861554955712 ], [ 126.593633496680184, 36.174086325456607 ], [ 126.585488597589219, 36.175062340505114 ], [ 126.57781049946523, 36.177668816636221 ], [ 126.570723319530359, 36.188009199334289 ], [ 126.566424557083209, 36.19098117571091 ], [ 126.544595844949129, 36.188137051305041 ], [ 126.53964506409406, 36.185519964317344 ], [ 126.535672520364372, 36.177687635729711 ], [ 126.528515009434216, 36.174725361488989 ], [ 126.527960305755414, 36.175659520470269 ], [ 126.528647190212169, 36.176225475435267 ], [ 126.527132264126848, 36.177313555570663 ], [ 126.524608365028001, 36.181648232090531 ], [ 126.524112455879603, 36.184424651191904 ], [ 126.525064134824134, 36.186436296123567 ], [ 126.53229850472998, 36.194764793427595 ], [ 126.543003062659281, 36.190759771334093 ], [ 126.564607777091226, 36.193216759225123 ], [ 126.571647116649501, 36.197816630861006 ], [ 126.57279365654793, 36.208010546639848 ], [ 126.585116214206707, 36.216371023065882 ], [ 126.592979686303124, 36.222675742304482 ], [ 126.593664728853014, 36.224197482195756 ], [ 126.594792555221517, 36.224194998346306 ], [ 126.594764211481646, 36.226239709210596 ], [ 126.593624958036443, 36.227800316007453 ], [ 126.592884356256064, 36.231197996880255 ], [ 126.594557945044713, 36.231507381334517 ] ] ] } },
{ "type": "Feature", "properties": { "wid": "13-367101-2-052", "name": "대평습지", "area_ha": 408.6124309402781, "bbox5186": "222126.3,429064.6,227506.3,433968.0" }, "geometry": { "type": "Polygon", "coordinates": [ [ [ 127.251206575700635, 36.459880229455642 ], [ 127.248986344512019, 36.460522003006595 ], [ 127.24776606794623, 36.459534165478296 ], [ 127.246850736881981, 36.46253152355397 ], [ 127.253671294970118, 36.465467623806717 ], [ 127.259716031342535, 36.472814398608428 ], [ 127.258829436363072, 36.47429422646168 ], [ 127.260249686657218, 36.476243949868845 ], [ 127.264022077251084, 36.478470537472582 ], [ 127.264997406835136, 36.477177015053826 ], [ 127.276225223212663, 36.48287030440116 ], [ 127.284165848631957, 36.485829984160567 ], [ 127.291590113767526, 36.493189840392809 ], [ 127.293282867608625, 36.493987720172214 ], [ 127.295479071336999, 36.498618745627503 ], [ 127.299814466895043, 36.503602127978972 ], [ 127.307024463142255, 36.501126343630553 ], [ 127.301890505940136, 36.496663409355044 ], [ 127.291191019467433, 36.483175360151293 ], [ 127.278351124416446, 36.477268271014829 ], [ 127.267699008831542, 36.47364474971949 ], [ 127.262282145140048, 36.468118248903089 ], [ 127.261231315716415, 36.466176750444539 ], [ 127.262767155071245, 36.465706577724475 ], [ 127.262183601880892, 36.464035306606675 ], [ 127.25804353135797, 36.462398809106865 ], [ 127.25613015175324, 36.460685316770281 ], [ 127.251206575700635, 36.459880229455642 ] ] ] } },
{ "type": "Feature", "properties": { "wid": "20-366064-5-301", "name": "금리천하구습지", "area_ha": 380.79817933837438, "bbox5186": "153708.2,434084.4,160274.3,437030.0" }, "geometry": { "type": "Polygon", "coordinates": [ [ [ 126.487734572694436, 36.50847788187879 ], [ 126.484828398854887, 36.509559358422365 ], [ 126.483185284452119, 36.517437273863109 ], [ 126.485433217987989, 36.51768669682891 ], [ 126.485763734344076, 36.519028124519608 ], [ 126.491241497426586, 36.522021787162295 ], [ 126.497099541135498, 36.52808339545777 ], [ 126.504979144566192, 36.530544942525083 ], [ 126.507511233873842, 36.528315181109434 ], [ 126.507644599971457, 36.528942026929016 ], [ 126.509435351074487, 36.528805222858175 ], [ 126.511003412069243, 36.528035776878959 ], [ 126.512254340605011, 36.526732437162018 ], [ 126.510755644979056, 36.524649160401978 ], [ 126.512631305406671, 36.522885188082171 ], [ 126.514279876175962, 36.523857940510972 ], [ 126.517350690918789, 36.524152464633616 ], [ 126.525007494245372, 36.521823101837683 ], [ 126.524951137225642, 36.520814495086519 ], [ 126.528220734295886, 36.521087903236385 ], [ 126.530770960091488, 36.519760661699564 ], [ 126.538615637073107, 36.512160348362698 ], [ 126.53827037050884, 36.510709966577792 ], [ 126.540122310877507, 36.509207697028209 ], [ 126.545202558330018, 36.507117584162195 ], [ 126.556554342131022, 36.506266380706421 ], [ 126.556555894671618, 36.505015591004621 ], [ 126.548690023423077, 36.504963564903782 ], [ 126.548481179604892, 36.506135169768164 ], [ 126.543789565205728, 36.506511122721591 ], [ 126.540577550666953, 36.504143192915592 ], [ 126.535352451353063, 36.509376652652293 ], [ 126.532789032542198, 36.510554353599048 ], [ 126.531351506597844, 36.513467531853337 ], [ 126.526794993462445, 36.51558796554086 ], [ 126.526937909129416, 36.516869061982291 ], [ 126.525809233849145, 36.518512777474292 ], [ 126.52317673197841, 36.519595373585545 ], [ 126.520985212787494, 36.518677336425526 ], [ 126.518604192314982, 36.520784542688091 ], [ 126.516252680813793, 36.519745019469525 ], [ 126.511576874682419, 36.519405156965682 ], [ 126.504847950795295, 36.525200612999065 ], [ 126.503899306679784, 36.523388073661266 ], [ 126.502386713782542, 36.522299497825344 ], [ 126.4990565488838, 36.521729551799311 ], [ 126.49843795076967, 36.519837251178849 ], [ 126.494021637544463, 36.51686374418621 ], [ 126.491903120625864, 36.513211407462606 ], [ 126.488555774872765, 36.510572965889409 ], [ 126.487734572694436, 36.50847788187879 ] ] ] } },
{ "type": "Feature", "properties": { "wid": "20-366043-5-301", "name": "곡교천하구습지", "area_ha": 377.07892686784322, "bbox5186": "186043.4,468560.3,194659.0,471508.3" }, "geometry": { "type": "Polygon", "coordinates": [ [ [ 126.843541925758643, 36.835188116086577 ], [ 126.845367492593567, 36.8421659659139 ], [ 126.860965841414668, 36.839682860090171 ], [ 126.871690103881207, 36.835081252596041 ], [ 126.876449822144664, 36.835192624552775 ], [ 126.878577665041732, 36.833696275733793 ], [ 126.878697885288503, 36.829263850914543 ], [ 126.880017451625463, 36.82769185537316 ], [ 126.882153988629227, 36.826923544657689 ], [ 126.887227194437273, 36.827716032983417 ], [ 126.895241677617307, 36.826982653146864 ], [ 126.897637179509204, 36.823533493742282 ], [ 126.901114315164548, 36.821620678477444 ], [ 126.919807388949565, 36.818600718508655 ], [ 126.92787658753457, 36.821519173530056 ], [ 126.931053838045742, 36.824366760818499 ], [ 126.936393284576596, 36.82214489849499 ], [ 126.940137934612324, 36.819376831956603 ], [ 126.936758480345475, 36.818300058726081 ], [ 126.933824915639434, 36.820143033996494 ], [ 126.931688434597575, 36.8203797187739 ], [ 126.923059548666757, 36.816736668615349 ], [ 126.918621328064859, 36.815674008773264 ], [ 126.906059044170561, 36.818275263918558 ], [ 126.899853444737033, 36.81812692325903 ], [ 126.896119830130075, 36.819995324730272 ], [ 126.890783886933562, 36.82456006714866 ], [ 126.878805473475012, 36.826435382615543 ], [ 126.875708137503437, 36.828684955348706 ], [ 126.855728024961323, 36.835529728301822 ], [ 126.851224115887945, 36.834734808363287 ], [ 126.843541925758643, 36.835188116086577 ] ] ] } },
{ "type": "Feature", "properties": { "wid": "20-356103-5-301", "name": "불갑천하구습지", "area_ha": 371.44487013889142, "bbox5186": "137315.2,294200.2,148966.6,297041.3" }, "geometry": { "type": "Polygon", "coordinates": [ [ [ 126.336455145754854, 35.245602212323334 ], [ 126.331226422955368, 35.242659442685692 ], [ 126.324436388886454, 35.242432452782261 ], [ 126.322760822343739, 35.244031955140173 ], [ 126.315507384193623, 35.247688383874291 ], [ 126.316398496057843, 35.249122922037913 ], [ 126.315274893502249, 35.250772302947112 ], [ 126.311203576072757, 35.253674895457536 ], [ 126.322372813143602, 35.262933261476626 ], [ 126.324519475764816, 35.261422929568411 ], [ 126.325123719637759, 35.25812835780718 ], [ 126.326908811291091, 35.258064392175214 ], [ 126.325522441553289, 35.25562850506563 ], [ 126.325836121335001, 35.253576134481719 ], [ 126.32407413540993, 35.252589269422096 ], [ 126.325434423342784, 35.248347111991642 ], [ 126.326594185866853, 35.247344987791152 ], [ 126.327987178025936, 35.24776734086899 ], [ 126.328867424243327, 35.246814116354201 ], [ 126.328713834356392, 35.244120102260183 ], [ 126.332240314262705, 35.244422627857375 ], [ 126.332526848119272, 35.246728899777729 ], [ 126.331433413114581, 35.247156401903453 ], [ 126.330541373181276, 35.252755011220678 ], [ 126.332713391054611, 35.254266812808062 ], [ 126.339493419304318, 35.255581188467822 ], [ 126.3416254535137, 35.252555340049597 ], [ 126.342514110045201, 35.249050407735474 ], [ 126.343615368505979, 35.248329916743863 ], [ 126.349013105259942, 35.249200010955498 ], [ 126.362138554732354, 35.249228444219156 ], [ 126.378277755471586, 35.254744739668993 ], [ 126.400512505749333, 35.267133022428567 ], [ 126.40833636011071, 35.268479361376571 ], [ 126.419432656467109, 35.267002661114411 ], [ 126.42322998837767, 35.265719304531594 ], [ 126.426060220984581, 35.263797610120413 ], [ 126.43161799718176, 35.257921037560969 ], [ 126.439235496711731, 35.252959600290296 ], [ 126.438486345005501, 35.252288239978334 ], [ 126.431775845454865, 35.256087571834257 ], [ 126.425277201144127, 35.262943940138655 ], [ 126.422039166810194, 35.265034020368105 ], [ 126.406556995608213, 35.267131274394046 ], [ 126.400062316565055, 35.265438999877126 ], [ 126.378734574837381, 35.253487029654423 ], [ 126.362362611632548, 35.247976779585784 ], [ 126.348950844209, 35.247917087933153 ], [ 126.343297835863268, 35.247103291197497 ], [ 126.341421885287346, 35.248107990612745 ], [ 126.340126691837398, 35.252284890805548 ], [ 126.338163508800605, 35.254133604184062 ], [ 126.333233603897227, 35.253001515884534 ], [ 126.332969502516605, 35.250366387583725 ], [ 126.336455145754854, 35.245602212323334 ] ] ] } },
{ "type": "Feature", "properties": { "wid": "13-367091-2-026", "name": "신흥습지(공주)", "area_ha": 328.30639798206602, "bbox5186": "198957.0,419252.2,205144.1,425621.5" }, "geometry": { "type": "Polygon", "coordinates": [ [ [ 126.988377289659454, 36.37220144273811 ], [ 126.992399476821774, 36.378678526395511 ], [ 126.994498944208104, 36.380798208615573 ], [ 126.995156498391822, 36.380587361822045 ], [ 126.995045006970543, 36.381282164180703 ], [ 126.995559950893139, 36.38035667634675 ], [ 126.999119573145535, 36.379951226224797 ], [ 126.999091705458284, 36.380473908336924 ], [ 126.996267627513475, 36.38060632640893 ], [ 126.996323318027024, 36.381311048003944 ], [ 127.000170523262156, 36.384629234487853 ], [ 127.009654657693332, 36.389394259877392 ], [ 127.010992473885992, 36.391505596956094 ], [ 127.011753655373795, 36.390772869402163 ], [ 127.018613917333312, 36.394538906831649 ], [ 127.022840565464904, 36.397698590540941 ], [ 127.027993715112984, 36.403384798669279 ], [ 127.029697186951694, 36.403540290143198 ], [ 127.028734623304459, 36.402208591986025 ], [ 127.029228112637341, 36.401249624029191 ], [ 127.025920241980586, 36.400187003256995 ], [ 127.024521727482835, 36.398232653221207 ], [ 127.026285254025765, 36.398325099016695 ], [ 127.030238871578689, 36.400382443717334 ], [ 127.030247075087019, 36.401415186184089 ], [ 127.034189231626399, 36.404707008571492 ], [ 127.037738202776396, 36.405754003568468 ], [ 127.038975150193323, 36.406951264415781 ], [ 127.03912301427701, 36.408355242360216 ], [ 127.044289549750758, 36.412686271840691 ], [ 127.045317453743237, 36.412577745619672 ], [ 127.044718431912372, 36.413991909256239 ], [ 127.048867756148923, 36.418499742382501 ], [ 127.054937312180542, 36.428750613372792 ], [ 127.057364396289145, 36.427905076599913 ], [ 127.054719428777773, 36.421785574524684 ], [ 127.050172295034542, 36.416722092852886 ], [ 127.047769235863413, 36.41266059898124 ], [ 127.048444874562662, 36.412645006890116 ], [ 127.048105480509392, 36.411907084655539 ], [ 127.044521208801328, 36.408346142544232 ], [ 127.040426275387574, 36.406161355027038 ], [ 127.02873701139535, 36.396583466546176 ], [ 127.01805130914039, 36.391021709104962 ], [ 127.018207132253565, 36.390061033075355 ], [ 127.017129401224892, 36.390496459957298 ], [ 127.016484642266278, 36.388073291017825 ], [ 127.014498318392569, 36.387309351990631 ], [ 127.015602829955725, 36.387175838873773 ], [ 127.011043852124246, 36.384369185474377 ], [ 127.011490694872037, 36.383806809612985 ], [ 127.007667632157151, 36.381145943249443 ], [ 127.005166637629117, 36.379660938916004 ], [ 126.999229924104156, 36.378025412592386 ], [ 126.995439869362627, 36.375538980881736 ], [ 126.991292532516027, 36.371364496709774 ], [ 126.988377289659454, 36.37220144273811 ] ] ] } },
{ "type": "Feature", "properties": { "wid": "13-368064-2-020", "name": "경진습지", "area_ha": 328.11350752635065, "bbox5186": "321083.5,443751.2,329481.0,446484.7" }, "geometry": { "type": "Polygon", "coordinates": [ [ [ 128.383139815988642, 36.59142052084286 ], [ 128.372495929059539, 36.587158078997021 ], [ 128.364385977208485, 36.585111159208545 ], [ 128.359633595445104, 36.584385143149341 ], [ 128.352973204339349, 36.585977444691714 ], [ 128.369956683390285, 36.589966194098849 ], [ 128.377722854778739, 36.594260361406057 ], [ 128.384149072528032, 36.596000641836007 ], [ 128.403515870420392, 36.595320877700487 ], [ 128.409454567751567, 36.596517680152168 ], [ 128.412018218059757, 36.597814596648711 ], [ 128.417986037590964, 36.603637580669705 ], [ 128.420381430046149, 36.603965870750748 ], [ 128.426989072753713, 36.607573159955152 ], [ 128.436390560924252, 36.608115261662277 ], [ 128.447170538358051, 36.605803352940988 ], [ 128.446311277759378, 36.604136916019627 ], [ 128.442950072962759, 36.603682085554077 ], [ 128.430421092949587, 36.604293595693107 ], [ 128.4259448565345, 36.603608378505093 ], [ 128.421412690751907, 36.601089097244653 ], [ 128.419613780373084, 36.598789405835966 ], [ 128.415617277438315, 36.596081499829545 ], [ 128.406117828113082, 36.592455453473399 ], [ 128.405520508056583, 36.591558731645392 ], [ 128.390031762299429, 36.592655888273804 ], [ 128.383139815988642, 36.59142052084286 ] ] ] } },
{ "type": "Feature", "properties": { "wid": "20-346112-5-302", "name": "흥촌천하구습지", "area_ha": 326.28170403871059, "bbox5186": "170705.3,205912.2,176509.4,208502.0" }, "geometry": { "type": "Polygon", "coordinates": [ [ [ 126.699688973623353, 34.47146155283702 ], [ 126.716818750974014, 34.471004834432598 ], [ 126.720842614444521, 34.466816900563074 ], [ 126.744319668222005, 34.468263719881357 ], [ 126.728723143499948, 34.448183431291376 ], [ 126.72185392644009, 34.453309029911914 ], [ 126.717373929215839, 34.469049955373841 ], [ 126.716424725441058, 34.470039360899321 ], [ 126.696194981318797, 34.470557771293102 ], [ 126.692483195757745, 34.469999501844214 ], [ 126.69181679433072, 34.468591549881559 ], [ 126.689686919043879, 34.46795063385143 ], [ 126.681138063125317, 34.470330114185593 ], [ 126.68990663438025, 34.468284730724022 ], [ 126.691345757821509, 34.468817528668644 ], [ 126.691123839398756, 34.470556780787319 ], [ 126.699688973623353, 34.47146155283702 ] ] ] } },
{ "type": "Feature", "properties": { "wid": "20-346022-5-306", "name": "태봉천하구습지(무안)", "area_ha": 294.71687076543583, "bbox5186": "144019.4,262946.5,148413.7,265963.3" }, "geometry": { "type": "Polygon", "coordinates": [ [ [ 126.397907086198288, 34.961114637838151 ], [ 126.394569476840516, 34.961314375145001 ], [ 126.394804313095008, 34.961987067528128 ], [ 126.397064776065392, 34.961758545610323 ], [ 126.398392680482687, 34.962686332711598 ], [ 126.398140833335503, 34.96403624109 ], [ 126.396266292436835, 34.965829679651009 ], [ 126.397504715897014, 34.965676287148611 ], [ 126.397472466424958, 34.966342240523588 ], [ 126.394268607236086, 34.965300542406958 ], [ 126.390977256542641, 34.967807018511003 ], [ 126.386967962743952, 34.974055873891203 ], [ 126.388036788804655, 34.973755700725427 ], [ 126.388059210062721, 34.974863596843342 ], [ 126.391172621929201, 34.975736449175557 ], [ 126.391540748565589, 34.977193104548022 ], [ 126.392879177827183, 34.976868099973167 ], [ 126.395612975912243, 34.978748473887784 ], [ 126.404030740343543, 34.988337382306923 ], [ 126.404316952108317, 34.9858699384204 ], [ 126.405690348613277, 34.984053199439913 ], [ 126.407834232390726, 34.983516543238224 ], [ 126.408126668381215, 34.981991950707219 ], [ 126.411942325556481, 34.980602550842661 ], [ 126.411678144181707, 34.978340634902366 ], [ 126.414662677121271, 34.978911204170316 ], [ 126.416577427815042, 34.980544688604468 ], [ 126.41777589589374, 34.979873512097654 ], [ 126.417384666149729, 34.978673714206366 ], [ 126.418255518874361, 34.977867557354166 ], [ 126.417845551579376, 34.976375626634834 ], [ 126.418646909786631, 34.975481700346656 ], [ 126.419620707400497, 34.975443994105525 ], [ 126.421149556291695, 34.977607371219825 ], [ 126.422867725554738, 34.978241101128063 ], [ 126.426992974111087, 34.975579959882971 ], [ 126.435092431003184, 34.973479855020415 ], [ 126.426255933725486, 34.975429556132056 ], [ 126.422662897253346, 34.977622688328132 ], [ 126.421388145920687, 34.976849554007032 ], [ 126.421311354284668, 34.975000475834264 ], [ 126.418911752272876, 34.974575287255618 ], [ 126.417269047366489, 34.975052352930149 ], [ 126.41458457878241, 34.97788236402171 ], [ 126.412808803639493, 34.976430695579381 ], [ 126.410583640205672, 34.976114350386169 ], [ 126.404790624790238, 34.973234156913982 ], [ 126.405247648988862, 34.972574790077303 ], [ 126.403625080417612, 34.972685813267375 ], [ 126.40248710583846, 34.970755792748307 ], [ 126.398465319717658, 34.968926886435604 ], [ 126.397496399037635, 34.967560111664312 ], [ 126.398403266838869, 34.966780414567765 ], [ 126.397649163883059, 34.966884841143738 ], [ 126.399375134456164, 34.963093207223508 ], [ 126.397907086198288, 34.961114637838151 ] ] ] } },
{ "type": "Feature", "properties": { "wid": "13-368074-2-005", "name": "검암습지", "area_ha": 287.60222213887891, "bbox5186": "343246.3,439384.0,349719.5,442187.9" }, "geometry": { "type": "Polygon", "coordinates": [ [ [ 128.619176448110039, 36.563614454572395 ], [ 128.608514674112428, 36.563706548079871 ], [ 128.602704453887156, 36.561934966970981 ], [ 128.600151939861718, 36.564248905687052 ], [ 128.602295660047446, 36.565450034747748 ], [ 128.612108075396378, 36.567151349488526 ], [ 128.620500893665962, 36.56675551207104 ], [ 128.622096564796124, 36.566035499170418 ], [ 128.623264646283303, 36.566554816184784 ], [ 128.633798208998911, 36.558397031964006 ], [ 128.635503528871453, 36.549169497292382 ], [ 128.639244372932779, 36.547516964507885 ], [ 128.654171684316395, 36.547149488689762 ], [ 128.65956063140905, 36.547916164018375 ], [ 128.666688788949216, 36.554158231535766 ], [ 128.668769995201018, 36.559429018316251 ], [ 128.672320589821425, 36.557977244243986 ], [ 128.670009949494158, 36.551966378645794 ], [ 128.666405952791649, 36.548840651076624 ], [ 128.662417680182131, 36.546529302673818 ], [ 128.658130243727328, 36.545309534600641 ], [ 128.655664309181191, 36.543255193066329 ], [ 128.655844007402607, 36.541994843647572 ], [ 128.655162901591581, 36.541525848365588 ], [ 128.651514388237615, 36.541347580156241 ], [ 128.634306468291669, 36.545886292508513 ], [ 128.632753481768503, 36.547814180387782 ], [ 128.631834746029909, 36.554893642442693 ], [ 128.630946504939345, 36.556151940662396 ], [ 128.625951071913391, 36.56154714929562 ], [ 128.619176448110039, 36.563614454572395 ] ] ] } },
{ "type": "Feature", "properties": { "wid": "21-358162-5-301", "name": "서낙동강하구습지", "area_ha": 287.42792286796185, "bbox5186": "372404.4,282053.6,373783.4,286998.7" }, "geometry": { "type": "Polygon", "coordinates": [ [ [ 128.893017042563457, 35.139001207562998 ], [ 128.895927259181889, 35.137093827279386 ], [ 128.897203896861754, 35.138449965433857 ], [ 128.896262762098957, 35.140017459448977 ], [ 128.8996447357774, 35.152555944491475 ], [ 128.900164903581043, 35.158927322537004 ], [ 128.899627800547023, 35.162491849151294 ], [ 128.898175230358618, 35.161989230384123 ], [ 128.897054339936972, 35.162300581996476 ], [ 128.900595124542122, 35.164494438346757 ], [ 128.905094342905812, 35.163731629963365 ], [ 128.90371506395249, 35.144997723315974 ], [ 128.904445947132842, 35.144063413285458 ], [ 128.904397033132568, 35.139374373919757 ], [ 128.906577646073572, 35.129901873725103 ], [ 128.90618971596237, 35.126248227032491 ], [ 128.90363271425943, 35.119881829301654 ], [ 128.899695970449727, 35.120958360781842 ], [ 128.898857537105698, 35.120372207105206 ], [ 128.894858452306551, 35.122075891658653 ], [ 128.899122375711443, 35.124834386221913 ], [ 128.90031746229127, 35.131467372519928 ], [ 128.898060309777946, 35.134321694540979 ], [ 128.894885778247499, 35.135326656409241 ], [ 128.891985116978162, 35.13736093089755 ], [ 128.891643478837466, 35.138242228296505 ], [ 128.893017042563457, 35.139001207562998 ] ] ] } },
{ "type": "Feature", "properties": { "wid": "20-347063-5-305", "name": "해창만하구습지", "area_ha": 282.48414816920024, "bbox5186": "230134.2,220172.7,238242.5,222139.5" }, "geometry": { "type": "Polygon", "coordinates": [ [ [ 127.350212942433203, 34.576534053127865 ], [ 127.345106475843068, 34.579825332839015 ], [ 127.341676353583892, 34.584023072329536 ], [ 127.338497889171265, 34.583703805149696 ], [ 127.334512771670219, 34.58444045165605 ], [ 127.328460474593911, 34.587805738025054 ], [ 127.329326492055799, 34.5879494373348 ], [ 127.334624538573735, 34.584860216115004 ], [ 127.338504080041389, 34.5841554092001 ], [ 127.341581544757176, 34.584559694159651 ], [ 127.346067681619544, 34.587959002503823 ], [ 127.345435400448864, 34.590044919799773 ], [ 127.346833291431949, 34.591998878831902 ], [ 127.349498571842801, 34.593330811496195 ], [ 127.351533666724208, 34.592025994150305 ], [ 127.351990464350038, 34.587131670506842 ], [ 127.353071944044586, 34.586153189916125 ], [ 127.362042504151404, 34.586689406084254 ], [ 127.365884450684376, 34.586393995392221 ], [ 127.369060288130328, 34.584840269250485 ], [ 127.37265027782378, 34.585017761119524 ], [ 127.384360592389513, 34.58641563078281 ], [ 127.388980059003359, 34.588326464883345 ], [ 127.392266815599726, 34.587490228388099 ], [ 127.395632806784079, 34.588897323179744 ], [ 127.395580673300373, 34.589856620822616 ], [ 127.398010616701896, 34.591063856390242 ], [ 127.405597882729552, 34.590978479018077 ], [ 127.41404889952085, 34.594063656855361 ], [ 127.416870568466749, 34.593961202529286 ], [ 127.413777709038115, 34.593671550903991 ], [ 127.408843670477154, 34.590692710202404 ], [ 127.408543915440276, 34.589802193808964 ], [ 127.400537550067625, 34.589980175279344 ], [ 127.394863320982253, 34.587065391156273 ], [ 127.392894059147636, 34.582965699189899 ], [ 127.392925231259056, 34.581483635007508 ], [ 127.395228392389427, 34.578071466808225 ], [ 127.394075813849668, 34.577713716680265 ], [ 127.392784080692209, 34.579512644185463 ], [ 127.389134332692279, 34.581437186868897 ], [ 127.383380538505818, 34.58163117643717 ], [ 127.382730054427611, 34.58024590422287 ], [ 127.38133436700781, 34.581539329825731 ], [ 127.378259231959717, 34.581666085973929 ], [ 127.37609986778412, 34.581366270022187 ], [ 127.375520523456586, 34.580504475609793 ], [ 127.374480492063995, 34.581172031405096 ], [ 127.370840919911075, 34.580591800187925 ], [ 127.366039862710366, 34.577092482499047 ], [ 127.364332320248423, 34.576649575745712 ], [ 127.352531152329462, 34.576562535883276 ], [ 127.352916016924738, 34.57711400650652 ], [ 127.352212607561171, 34.577263874466489 ], [ 127.350212942433203, 34.576534053127865 ] ], [ [ 127.342110376706941, 34.584078647179872 ], [ 127.349027702275563, 34.578219535419521 ], [ 127.350684597326278, 34.577773080590298 ], [ 127.355857454986506, 34.578634308303705 ], [ 127.363830811977593, 34.578608998500286 ], [ 127.366808820620065, 34.580457951430041 ], [ 127.367301761170893, 34.581767161262761 ], [ 127.365732989964471, 34.58341880097155 ], [ 127.360991126658021, 34.584776062181035 ], [ 127.355139387314694, 34.583795337385908 ], [ 127.352145445870207, 34.584596377473673 ], [ 127.350525262897989, 34.586288535168698 ], [ 127.349975736404716, 34.592483895272132 ], [ 127.346825395012559, 34.590623306591006 ], [ 127.346720207617849, 34.587343270637632 ], [ 127.342110376706941, 34.584078647179872 ] ] ] } },
{ "type": "Feature", "properties": { "wid": "13-368104-2-009", "name": "단밀습지", "area_ha": 280.38714755206894, "bbox5186": "321673.2,418339.5,326369.3,423491.1" }, "geometry": { "type": "Polygon", "coordinates": [ [ [ 128.407889820668032, 36.35728107135823 ], [ 128.404240415366587, 36.354997386297718 ], [ 128.401745818540149, 36.35491674784204 ], [ 128.399090416225931, 36.356058930439524 ], [ 128.394804910892759, 36.361373265429314 ], [ 128.390911997803443, 36.368244481497214 ], [ 128.387947082290253, 36.379029070921838 ], [ 128.377665899181181, 36.388558268609238 ], [ 128.37419404092168, 36.390255386955012 ], [ 128.360182194445741, 36.393765181030716 ], [ 128.3575590636801, 36.397257951221654 ], [ 128.356340894564539, 36.401497042839104 ], [ 128.358302005249044, 36.401839695679463 ], [ 128.360906276258817, 36.398537257099669 ], [ 128.369224624035525, 36.394842283928504 ], [ 128.37586277359955, 36.393371090099805 ], [ 128.382292743081564, 36.3901024494238 ], [ 128.38448249246315, 36.386756542900763 ], [ 128.389992564460158, 36.382383496345021 ], [ 128.3918312771807, 36.380004813768544 ], [ 128.39617573970159, 36.370628653546071 ], [ 128.397055313972629, 36.365232506390967 ], [ 128.398718064848254, 36.36164650077427 ], [ 128.402424416750591, 36.358899751220022 ], [ 128.40604796250085, 36.359800607933217 ], [ 128.407889820668032, 36.35728107135823 ] ] ] } },
{ "type": "Feature", "properties": { "wid": "13-358031-2-020", "name": "노원습지", "area_ha": 280.06928272029893, "bbox5186": "335824.2,366585.4,344065.3,368976.7" }, "geometry": { "type": "Polygon", "coordinates": [ [ [ 128.532071481773585, 35.886951767591121 ], [ 128.526936814528767, 35.887371319381323 ], [ 128.51845602847439, 35.890601345089856 ], [ 128.512167259201817, 35.892078389844677 ], [ 128.508174102721171, 35.891980821294517 ], [ 128.5056322491495, 35.889454349165419 ], [ 128.504277168200844, 35.890003011980234 ], [ 128.506259070087992, 35.894190151505256 ], [ 128.510155486738739, 35.894553036447945 ], [ 128.520921471487981, 35.892873482476389 ], [ 128.529644042162488, 35.890058335436244 ], [ 128.534747892650557, 35.890788024097994 ], [ 128.541547268187145, 35.894198279422518 ], [ 128.546062627001248, 35.894944948409346 ], [ 128.547649284062004, 35.895607576619966 ], [ 128.547496701470209, 35.896360197681204 ], [ 128.551951793568918, 35.897357937728337 ], [ 128.558134548433259, 35.902920825947994 ], [ 128.568230416482294, 35.906065029560622 ], [ 128.577118419042193, 35.907917593159446 ], [ 128.595116476996026, 35.90662187158992 ], [ 128.595820252600902, 35.90388477415933 ], [ 128.592911004224874, 35.903465630289986 ], [ 128.592873820117887, 35.901997267526262 ], [ 128.591584032021643, 35.901914346018884 ], [ 128.590279387800507, 35.903468977104353 ], [ 128.587048479820425, 35.904356097089902 ], [ 128.581396179956755, 35.904852415224916 ], [ 128.568296431099697, 35.903460768599018 ], [ 128.55824818132109, 35.896514020695825 ], [ 128.54142220145232, 35.891574843624412 ], [ 128.531683574302122, 35.88779748814374 ], [ 128.532071481773585, 35.886951767591121 ] ] ] } },
{ "type": "Feature", "properties": { "wid": "13-358111-0-019", "name": "송진늪", "area_ha": 275.89714780940363, "bbox5186": "335168.6,311095.6,337619.1,313100.0" }, "geometry": { "type": "Polygon", "coordinates": [ [ [ 128.501379746960026, 35.390246905624863 ], [ 128.494265471410046, 35.387726985543182 ], [ 128.492378876566761, 35.388487510656738 ], [ 128.490524389894404, 35.387406409231545 ], [ 128.487730761848297, 35.390674443155142 ], [ 128.495371055332583, 35.397716878891025 ], [ 128.492756736958569, 35.399613848889736 ], [ 128.492407317691061, 35.401198911181517 ], [ 128.495908176439826, 35.403912435811613 ], [ 128.49928579974241, 35.404833054607444 ], [ 128.500371899817708, 35.403745310834601 ], [ 128.501672034113454, 35.404287908084967 ], [ 128.501748632425404, 35.40533147009004 ], [ 128.505814565968876, 35.404132686121429 ], [ 128.510364022008247, 35.404844613932369 ], [ 128.513680437148906, 35.40307004710246 ], [ 128.514129688389346, 35.402430858430527 ], [ 128.513151424942407, 35.401444568476123 ], [ 128.514682042560935, 35.401301914275479 ], [ 128.513902469168727, 35.399815664937101 ], [ 128.514091313746206, 35.398554293892317 ], [ 128.514843857055752, 35.398361008435963 ], [ 128.51288767708877, 35.393514433641961 ], [ 128.508554193580096, 35.394023753111092 ], [ 128.504807711744206, 35.393490102010368 ], [ 128.501238342434874, 35.391821296352816 ], [ 128.501379746960026, 35.390246905624863 ] ], [ [ 128.49808708661709, 35.401502597545942 ], [ 128.498012759507304, 35.400103021278447 ], [ 128.508462632952273, 35.402697340806085 ], [ 128.502531476480158, 35.402851487380389 ], [ 128.503183801779755, 35.402473869304785 ], [ 128.498923305518019, 35.401901376264931 ], [ 128.49808708661709, 35.401502597545942 ] ] ] } },
{ "type": "Feature", "properties": { "wid": "20-356163-9-026", "name": "광주광역시 장록", "area_ha": 274.65445120373488, "bbox5186": "178107.7,278223.1,181853.2,283722.0" }, "geometry": { "type": "MultiPolygon", "coordinates": [ [ [ [ 126.778283670949293, 35.12648548862343 ], [ 126.778618744816498, 35.129967161473182 ], [ 126.782427673142521, 35.135493095395411 ], [ 126.784164974364998, 35.135769314311226 ], [ 126.781929557039419, 35.137127268872362 ], [ 126.780114038629108, 35.141447814538388 ], [ 126.773236545356198, 35.142053473006946 ], [ 126.759753413530348, 35.147367144230564 ], [ 126.762702114374605, 35.149639871870754 ], [ 126.767992397485472, 35.147858215558536 ], [ 126.775808360064659, 35.143772644720642 ], [ 126.780616217172238, 35.143230713477564 ], [ 126.781779728094648, 35.144753408310358 ], [ 126.782266945794319, 35.143934047350427 ], [ 126.78534176635776, 35.140995691090843 ], [ 126.786443076771221, 35.137365153635749 ], [ 126.781894425167025, 35.129316909046437 ], [ 126.782595443582764, 35.126864660666413 ], [ 126.782113209898327, 35.125852466067769 ], [ 126.788096531364531, 35.12131930369425 ], [ 126.788403705053597, 35.119622572956054 ], [ 126.787219892672766, 35.115448988775988 ], [ 126.788222327365148, 35.112981907220508 ], [ 126.800960527752551, 35.104640623109901 ], [ 126.797093303281954, 35.100137296024563 ], [ 126.79441857810005, 35.104389943128723 ], [ 126.782373979271938, 35.11278136127379 ], [ 126.781682165432088, 35.11511645353098 ], [ 126.782638499655491, 35.121395268561663 ], [ 126.781486590772516, 35.121396802898069 ], [ 126.777413661019409, 35.125273364296142 ], [ 126.777170595588871, 35.125898463218498 ], [ 126.778283670949293, 35.12648548862343 ] ] ], [ [ [ 126.78241249503985, 35.144083934515308 ], [ 126.782475250662387, 35.144831274414521 ], [ 126.785826139958232, 35.141239915408853 ], [ 126.78241249503985, 35.144083934515308 ] ] ], [ [ [ 126.768587326569545, 35.147810679822214 ], [ 126.7675471431304, 35.148527071860983 ], [ 126.766363882863558, 35.148997108128818 ], [ 126.767783511699307, 35.149150363998608 ], [ 126.768587326569545, 35.147810679822214 ] ] ] ] } },
{ "type": "Feature", "properties": { "wid": "13-358114-0-027", "name": "주남저수지", "area_ha": 273.82182068293258, "bbox5186": "350940.2,302037.7,353258.4,305132.1" }, "geometry": { "type": "Polygon", "coordinates": [ [ [ 128.662356867170331, 35.30353349106349 ], [ 128.659533839884858, 35.304131023220748 ], [ 128.6614205212976, 35.304354747816646 ], [ 128.662688527335575, 35.305772945946082 ], [ 128.661659993654212, 35.306226877087433 ], [ 128.661923348663805, 35.308835867159168 ], [ 128.663737113152848, 35.310324953960723 ], [ 128.663114478032099, 35.310898579554113 ], [ 128.661399128013727, 35.310243553278703 ], [ 128.660867263276401, 35.310955607695867 ], [ 128.66175408503446, 35.312224040979409 ], [ 128.661180345803587, 35.313200726829315 ], [ 128.66217470470977, 35.313812498958335 ], [ 128.665333540993515, 35.313061576639377 ], [ 128.666452448802829, 35.315669577824551 ], [ 128.668192531731819, 35.316289942434182 ], [ 128.67212550590196, 35.320720915882475 ], [ 128.66958620886129, 35.327280755466127 ], [ 128.671162099551225, 35.328779312975698 ], [ 128.671584591336199, 35.330925551149456 ], [ 128.673345726101161, 35.331268873725648 ], [ 128.675131640523034, 35.327110304489139 ], [ 128.673871049705554, 35.325972421669086 ], [ 128.679295825598814, 35.319175982684364 ], [ 128.685244447821674, 35.314990008644799 ], [ 128.684804539150946, 35.313129742103968 ], [ 128.683391081589548, 35.312144586932732 ], [ 128.681424724916923, 35.312279195271415 ], [ 128.67994013767165, 35.311041748784298 ], [ 128.677207566529972, 35.308198527029752 ], [ 128.677475029706073, 35.305870599850273 ], [ 128.673964781218643, 35.307635153892043 ], [ 128.6704750964563, 35.307894303998715 ], [ 128.667418047940657, 35.306628848912233 ], [ 128.666061900256921, 35.304723460506501 ], [ 128.662356867170331, 35.30353349106349 ] ] ] } },
{ "type": "Feature", "properties": { "wid": "15-356074-3-091", "name": "동림저수지습지", "area_ha": 269.30659964690773, "bbox5186": "173491.2,325397.9,175510.1,328992.8" }, "geometry": { "type": "Polygon", "coordinates": [ [ [ 126.729620574309962, 35.548617343855618 ], [ 126.729346660696123, 35.544144485625708 ], [ 126.728204938714867, 35.544900811403487 ], [ 126.723147973900225, 35.545419271217568 ], [ 126.721790432844571, 35.542545510255586 ], [ 126.72158731317522, 35.536863249918149 ], [ 126.722517186166598, 35.534210162968833 ], [ 126.72118100435857, 35.53542113264335 ], [ 126.719810294103141, 35.533865917128992 ], [ 126.718933969400311, 35.52778099976446 ], [ 126.715327898534539, 35.525174992518423 ], [ 126.718334522055713, 35.527998617562936 ], [ 126.718690141514145, 35.530039091545646 ], [ 126.717282900761731, 35.532336821537498 ], [ 126.716565531248307, 35.530332448003207 ], [ 126.716157137691866, 35.531082271016892 ], [ 126.716430190794057, 35.534640345657323 ], [ 126.715767334279462, 35.535937558515251 ], [ 126.716608131471517, 35.538284718926818 ], [ 126.714291181554785, 35.541756464451183 ], [ 126.710362699210407, 35.541896708835495 ], [ 126.709364371544623, 35.542602727774728 ], [ 126.714266737685065, 35.544295365093966 ], [ 126.714172440758745, 35.546939550992718 ], [ 126.71252554775657, 35.548902268282681 ], [ 126.711397189322753, 35.548636394024314 ], [ 126.709739652667878, 35.550463852375557 ], [ 126.707642141308256, 35.550730075618922 ], [ 126.707908961395304, 35.551662663712229 ], [ 126.71156943181505, 35.551044172175168 ], [ 126.712721534685727, 35.552392559525266 ], [ 126.714659097391262, 35.552764889477992 ], [ 126.713405035482708, 35.555883106935923 ], [ 126.714677250644755, 35.556045653706285 ], [ 126.715746109524005, 35.557576777517816 ], [ 126.726536712959856, 35.556506658186507 ], [ 126.726585101158321, 35.555573925416809 ], [ 126.725604658108949, 35.55555457353919 ], [ 126.725770641670039, 35.553775790303071 ], [ 126.729906228299384, 35.551242564089335 ], [ 126.729038800286702, 35.549772403556851 ], [ 126.727096195994378, 35.550889237384169 ], [ 126.725093434033013, 35.550551207834211 ], [ 126.725984926449883, 35.549468074205031 ], [ 126.729620574309962, 35.548617343855618 ] ] ] } },
{ "type": "Feature", "properties": { "wid": "13-367062-2-071", "name": "오창습지", "area_ha": 257.70883181339082, "bbox5186": "238851.8,453330.7,242557.3,457666.8" }, "geometry": { "type": "Polygon", "coordinates": [ [ [ 127.446889509877678, 36.677626235382419 ], [ 127.441919378813495, 36.681412379811796 ], [ 127.435786615789397, 36.680696060190492 ], [ 127.434688781606326, 36.684418106791185 ], [ 127.444303375953623, 36.685278336159278 ], [ 127.445913350725675, 36.686240123294631 ], [ 127.447219084387271, 36.687790562967812 ], [ 127.448777719383344, 36.693187822893321 ], [ 127.450393271664296, 36.693533159803643 ], [ 127.458128228909985, 36.698551724832704 ], [ 127.4598367163902, 36.700759189453763 ], [ 127.462002359854992, 36.706409832520116 ], [ 127.464560573004562, 36.709729509000844 ], [ 127.469394627182737, 36.71381693880798 ], [ 127.474354333407291, 36.716593443865108 ], [ 127.476322616089718, 36.712876587408452 ], [ 127.472110722415749, 36.710468459195837 ], [ 127.4670384921927, 36.705293520706867 ], [ 127.465243350033944, 36.699900143299132 ], [ 127.462696122558256, 36.6961226634212 ], [ 127.454156692785702, 36.690167595046915 ], [ 127.450204481908258, 36.684373972511295 ], [ 127.447215813945661, 36.682394654855372 ], [ 127.446868512106192, 36.68115240919321 ], [ 127.448588540817454, 36.678726426703143 ], [ 127.446889509877678, 36.677626235382419 ] ] ] } },
{ "type": "Feature", "properties": { "wid": "13-358024-2-065", "name": "달성습지", "area_ha": 253.2404221606084, "bbox5186": "332741.4,358405.5,334630.4,361494.4" }, "geometry": { "type": "Polygon", "coordinates": [ [ [ 128.480426756100712, 35.813885495116111 ], [ 128.478513874312455, 35.823553317446809 ], [ 128.469309605032151, 35.833262718261729 ], [ 128.469122173369072, 35.835041205691027 ], [ 128.471097722430613, 35.83816480145552 ], [ 128.47106370852552, 35.841836558633211 ], [ 128.484476210761727, 35.83266537428301 ], [ 128.487288183512192, 35.829878450729488 ], [ 128.488706306274594, 35.827006005648627 ], [ 128.489744789447855, 35.81992981583047 ], [ 128.488746895032989, 35.81792267250465 ], [ 128.480426756100712, 35.813885495116111 ] ], [ [ 128.48454353978596, 35.82499293769591 ], [ 128.485838228356442, 35.826419699830964 ], [ 128.484723565807343, 35.82723190807625 ], [ 128.485018120495425, 35.82807446098164 ], [ 128.483433468205277, 35.828845604159177 ], [ 128.484148843851074, 35.83041831259915 ], [ 128.482798988275562, 35.830964861305787 ], [ 128.481705303240062, 35.833326784108991 ], [ 128.479214831561649, 35.833359271004156 ], [ 128.480743169602988, 35.832706928934549 ], [ 128.481696928765615, 35.831150577817638 ], [ 128.480943276231841, 35.830255100228158 ], [ 128.481002690757862, 35.829938960647873 ], [ 128.482649394190986, 35.829942985450273 ], [ 128.483369383096004, 35.826532206628457 ], [ 128.482618572368239, 35.826204436957589 ], [ 128.48454353978596, 35.82499293769591 ] ] ] } },
{ "type": "Feature", "properties": { "wid": "12-368141-2-023", "name": "관심리하도습지", "area_ha": 252.86477920713691, "bbox5186": "320934.8,400729.5,322578.4,403787.8" }, "geometry": { "type": "Polygon", "coordinates": [ [ [ 128.360837806953356, 36.196922303147147 ], [ 128.359202265618876, 36.196721916104721 ], [ 128.35642779705455, 36.197975322890059 ], [ 128.352720932815743, 36.202358910247767 ], [ 128.351553343043093, 36.204936709254184 ], [ 128.352103334858498, 36.212927987575355 ], [ 128.351340776299196, 36.216047285939297 ], [ 128.350583836139606, 36.217814828164848 ], [ 128.345051062848626, 36.223646155722228 ], [ 128.347885677596338, 36.224409045625265 ], [ 128.352412422667953, 36.223648776304508 ], [ 128.359352753189398, 36.220208932232204 ], [ 128.361423260243185, 36.218078563796588 ], [ 128.363123587464543, 36.211731513685123 ], [ 128.361270886041723, 36.205432116049586 ], [ 128.360837806953356, 36.196922303147147 ] ] ] } },
{ "type": "Feature", "properties": { "wid": "13-358034-2-021", "name": "팔현습지", "area_ha": 238.13540898489728, "bbox5186": "350552.3,363113.2,357204.4,365382.9" }, "geometry": { "type": "Polygon", "coordinates": [ [ [ 128.681404891080035, 35.85914256588827 ], [ 128.678254076844212, 35.861855784413954 ], [ 128.676866836073543, 35.868153346260449 ], [ 128.675211486401594, 35.871665628024793 ], [ 128.672400799217257, 35.873052893100905 ], [ 128.667107497701835, 35.872529036724131 ], [ 128.667043618753723, 35.873971735140785 ], [ 128.676764722476435, 35.874182438513252 ], [ 128.67972155919864, 35.871014195977764 ], [ 128.680186961935732, 35.864374459317744 ], [ 128.681381919705302, 35.86256178204944 ], [ 128.69037650600211, 35.858496692237722 ], [ 128.704372473140467, 35.858731456350625 ], [ 128.714553688670719, 35.863582407600397 ], [ 128.722665816718973, 35.86193622163983 ], [ 128.726434776557255, 35.859314800843336 ], [ 128.730308145363466, 35.858248904227629 ], [ 128.73661007093753, 35.857539786073772 ], [ 128.738746744121954, 35.858413603884344 ], [ 128.740297563974138, 35.855830151087368 ], [ 128.73672894779375, 35.854566159079482 ], [ 128.73282471366835, 35.855015434589056 ], [ 128.733204918668378, 35.853311328257625 ], [ 128.731896405608751, 35.852947222916967 ], [ 128.72209116633914, 35.859424012781922 ], [ 128.716001801086065, 35.860866457229072 ], [ 128.70790831811729, 35.856779851690831 ], [ 128.707353084215669, 35.854633145986135 ], [ 128.704439820350132, 35.855672969818897 ], [ 128.688473704874895, 35.856256208288592 ], [ 128.681404891080035, 35.85914256588827 ] ] ] } },
{ "type": "Feature", "properties": { "wid": "20-388153-5-301", "name": "남대천하구습지(양양)", "area_ha": 236.52633374946262, "bbox5186": "342339.4,609015.0,344712.5,613364.7" }, "geometry": { "type": "Polygon", "coordinates": [ [ [ 128.633908471716211, 38.076086927145617 ], [ 128.624723941322486, 38.069986843303909 ], [ 128.622117666978511, 38.072194754913411 ], [ 128.628700514207395, 38.077987916369786 ], [ 128.636086707738713, 38.088737574416584 ], [ 128.640471711662286, 38.102868937763546 ], [ 128.640765760888968, 38.107604968990771 ], [ 128.641570090447175, 38.108699943217282 ], [ 128.644211613250292, 38.108899014430065 ], [ 128.64986021468755, 38.103347311658602 ], [ 128.649123804202645, 38.102537902434307 ], [ 128.646572185369507, 38.103439387397913 ], [ 128.645252801478534, 38.101643613446257 ], [ 128.643413373088748, 38.09642565873137 ], [ 128.643566517709417, 38.094560609229674 ], [ 128.644791205602161, 38.094072337526981 ], [ 128.643764750041555, 38.092367928424899 ], [ 128.644425216265319, 38.091321835004699 ], [ 128.642967999489372, 38.089211768658188 ], [ 128.642916499970056, 38.086860430633735 ], [ 128.634497277018397, 38.077759684936801 ], [ 128.633908471716211, 38.076086927145617 ] ] ] } },
{ "type": "Feature", "properties": { "wid": "13-367062-2-070", "name": "외하습지", "area_ha": 233.65698072828138, "bbox5186": "241811.6,457256.1,244519.3,462240.1" }, "geometry": { "type": "Polygon", "coordinates": [ [ [ 127.480204759150766, 36.715132705641707 ], [ 127.476343931238759, 36.712884612170903 ], [ 127.474354333407291, 36.716593443865108 ], [ 127.476225787252901, 36.718586449794238 ], [ 127.477299780426463, 36.722656994055512 ], [ 127.477214822871261, 36.730816930448739 ], [ 127.474333575173134, 36.735060080001439 ], [ 127.470716423651268, 36.737837255971876 ], [ 127.46814980856152, 36.741445525433342 ], [ 127.469251315156157, 36.74195842604145 ], [ 127.475185771065313, 36.736001948750172 ], [ 127.478450865503973, 36.736247486866738 ], [ 127.484338845585938, 36.744995100269051 ], [ 127.48437289087606, 36.747739747957539 ], [ 127.486292658400146, 36.747644510395297 ], [ 127.495619991705055, 36.757717387143153 ], [ 127.498555662476477, 36.755188323554734 ], [ 127.490009060674524, 36.745877504460779 ], [ 127.482609898014417, 36.733351636432474 ], [ 127.481557523684288, 36.727076033975713 ], [ 127.480458126285484, 36.724724061391036 ], [ 127.479621635245607, 36.724497650641041 ], [ 127.478844580025338, 36.72158296750807 ], [ 127.482089634077056, 36.721762707511111 ], [ 127.48276602235704, 36.72288185477273 ], [ 127.485659641361181, 36.72199329825736 ], [ 127.481905969381302, 36.720136036411212 ], [ 127.480204759150766, 36.715132705641707 ] ] ] } },
{ "type": "Feature", "properties": { "wid": "20-346054-5-302", "name": "석교천하구습지", "area_ha": 230.89958062775386, "bbox5186": "125819.3,202253.5,128051.5,211928.6" }, "geometry": { "type": "Polygon", "coordinates": [ [ [ 126.215037189498119, 34.483252355094706 ], [ 126.212304661819317, 34.478751963214286 ], [ 126.211127250155826, 34.474431926985289 ], [ 126.215655195397204, 34.465255651113274 ], [ 126.216977691135156, 34.459296645878631 ], [ 126.214875035022459, 34.451516408377735 ], [ 126.214296887343508, 34.444230004507709 ], [ 126.212292175153749, 34.441032335282614 ], [ 126.211762103637085, 34.438272329448573 ], [ 126.205907769000632, 34.431574643155514 ], [ 126.204580323736636, 34.42826315317766 ], [ 126.200412903900471, 34.425951736620782 ], [ 126.197206198775518, 34.422167231048356 ], [ 126.196155026724597, 34.418453617377999 ], [ 126.193429388904931, 34.4151400184899 ], [ 126.193399233108778, 34.412842956153916 ], [ 126.193108851858995, 34.415218132331319 ], [ 126.19584332754448, 34.418516471918963 ], [ 126.196103728569454, 34.421995026598402 ], [ 126.208168601781495, 34.436636443642946 ], [ 126.212349609787637, 34.446041979659896 ], [ 126.212243372237637, 34.449476661698718 ], [ 126.214296316582065, 34.45951201078509 ], [ 126.212732123130976, 34.464995275744108 ], [ 126.209235645193544, 34.471874964545691 ], [ 126.208573397252465, 34.475383552207738 ], [ 126.210937910364805, 34.482981667886236 ], [ 126.211237328809304, 34.488526486581122 ], [ 126.20986306364675, 34.492144053092353 ], [ 126.204308036635283, 34.494824906815175 ], [ 126.205133026548395, 34.495427922586522 ], [ 126.208480629063217, 34.494078583548713 ], [ 126.206607346959416, 34.496791448108318 ], [ 126.208355691332287, 34.500155194549194 ], [ 126.213097745247595, 34.49386952741046 ], [ 126.213347392261028, 34.491052369554119 ], [ 126.21472213889794, 34.488178443830257 ], [ 126.215037189498119, 34.483252355094706 ] ] ] } },
{ "type": "Feature", "properties": { "wid": "13-368073-2-021", "name": "구담습지(안동)", "area_ha": 224.69676618676189, "bbox5186": "331223.3,438703.5,336709.9,440436.3" }, "geometry": { "type": "Polygon", "coordinates": [ [ [ 128.480500821295607, 36.540571667662739 ], [ 128.466692557041796, 36.537632749966697 ], [ 128.465420765972539, 36.541184169385502 ], [ 128.493425445182851, 36.547618973775769 ], [ 128.497498235563, 36.549875502395722 ], [ 128.505826213955686, 36.55275851595519 ], [ 128.509473210020332, 36.551122025269734 ], [ 128.515903191028343, 36.551321567556315 ], [ 128.521749949939846, 36.548374507373737 ], [ 128.525606545707859, 36.548054900898393 ], [ 128.526781169579863, 36.545944004604863 ], [ 128.526259201934238, 36.544330586323746 ], [ 128.524295075649889, 36.542404923395708 ], [ 128.517596596079244, 36.54122889176778 ], [ 128.517252528386081, 36.542707403530322 ], [ 128.519413338398977, 36.544991101207202 ], [ 128.51806709161653, 36.547986248631041 ], [ 128.51174129571092, 36.548936151390734 ], [ 128.504440581529366, 36.54891677253601 ], [ 128.480500821295607, 36.540571667662739 ] ] ] } },
{ "type": "Feature", "properties": { "wid": "15-368054-2-022", "name": "영순습지", "area_ha": 224.03416736544654, "bbox5186": "308418.6,437311.3,311330.3,444530.8" }, "geometry": { "type": "Polygon", "coordinates": [ [ [ 128.218612533772074, 36.536138832638031 ], [ 128.21596476350993, 36.540686644841976 ], [ 128.215490360410229, 36.543337990044584 ], [ 128.216720915952124, 36.551811017566507 ], [ 128.21533381647123, 36.558017459306868 ], [ 128.212155397903985, 36.563190537181896 ], [ 128.213419096675494, 36.563141637385826 ], [ 128.215269168696182, 36.572642793199364 ], [ 128.216319286936397, 36.575135303873111 ], [ 128.218282765030295, 36.576807493339302 ], [ 128.219377455393726, 36.580632225450707 ], [ 128.217851283282528, 36.585327170135734 ], [ 128.211557706247902, 36.59199897752174 ], [ 128.213053849990445, 36.59299207245494 ], [ 128.219897744939232, 36.586360511280674 ], [ 128.221949999773216, 36.582796418961351 ], [ 128.216621025930294, 36.565100409494214 ], [ 128.217338193830926, 36.564105494559492 ], [ 128.21957114388627, 36.564034913572058 ], [ 128.217564447119884, 36.563859889870166 ], [ 128.216929205402579, 36.562956276275365 ], [ 128.218935782587891, 36.555446820536353 ], [ 128.219872481310603, 36.543626641929599 ], [ 128.219128634982013, 36.541344575131362 ], [ 128.219768152656371, 36.539118644639387 ], [ 128.224347317780229, 36.533009164785 ], [ 128.227314218012111, 36.5321703859819 ], [ 128.230499185026019, 36.530088479394159 ], [ 128.236604159854608, 36.530142470766997 ], [ 128.241313053368089, 36.532336364248998 ], [ 128.243109248328807, 36.530569536413523 ], [ 128.237365839588648, 36.528472956179044 ], [ 128.231655639359104, 36.527747216326574 ], [ 128.224094988185954, 36.529538942503812 ], [ 128.223205462177674, 36.532751456222961 ], [ 128.218612533772074, 36.536138832638031 ] ] ] } },
{ "type": "Feature", "properties": { "wid": "20-347032-5-302", "name": "수어천하구습지", "area_ha": 217.64582222801926, "bbox5186": "265521.2,262349.0,267351.1,268695.0" }, "geometry": { "type": "Polygon", "coordinates": [ [ [ 127.722041820415555, 34.988873509204751 ], [ 127.719460385380714, 34.995265957029211 ], [ 127.717936759142219, 35.001911685445329 ], [ 127.717801913763083, 35.007793846158975 ], [ 127.719321185539215, 35.012276316439639 ], [ 127.720871465218821, 35.012282441718064 ], [ 127.718974914742475, 35.00826191922242 ], [ 127.719805148568753, 34.999863549736347 ], [ 127.721982557308792, 34.993599692448988 ], [ 127.725132384671255, 34.988846075853942 ], [ 127.724531397114646, 34.988383660638867 ], [ 127.726878332393724, 34.987000465845441 ], [ 127.726561638976676, 34.985741358182239 ], [ 127.734265262493452, 34.98205081360404 ], [ 127.733448894316069, 34.981629404210416 ], [ 127.733826406915924, 34.980120949358572 ], [ 127.733002500016866, 34.978236673195752 ], [ 127.73209992803092, 34.978214176240009 ], [ 127.732189639664455, 34.969837279387527 ], [ 127.73294710209872, 34.969314426548962 ], [ 127.733429215114668, 34.966647087678801 ], [ 127.732123220354467, 34.962617762032131 ], [ 127.732980108913736, 34.960357381547702 ], [ 127.734705288496158, 34.961423185659775 ], [ 127.735383637510722, 34.960756577895609 ], [ 127.733586648141952, 34.958512232972289 ], [ 127.737377449523592, 34.955260591242549 ], [ 127.731225791845432, 34.955020161941817 ], [ 127.730921179566252, 34.958074015701079 ], [ 127.727144023860419, 34.966135953389241 ], [ 127.725905306512686, 34.973918520331075 ], [ 127.726988959817376, 34.979939443895631 ], [ 127.722155843571414, 34.985270092467324 ], [ 127.722041820415555, 34.988873509204751 ] ] ] } },
{ "type": "Feature", "properties": { "wid": "13-366161-3-049", "name": "봉선지", "area_ha": 210.92023383955058, "bbox5186": "179094.1,390708.1,180963.2,393924.7" }, "geometry": { "type": "Polygon", "coordinates": [ [ [ 126.769107874022311, 36.12386211211642 ], [ 126.767762369058616, 36.126600098835738 ], [ 126.768459656057402, 36.12747201980148 ], [ 126.769892376723476, 36.124916238169661 ], [ 126.771772042933989, 36.124492659196605 ], [ 126.771187394989212, 36.126908596183576 ], [ 126.773364452901902, 36.133179763241515 ], [ 126.778757660496552, 36.13534193924454 ], [ 126.771784169744151, 36.139105830436989 ], [ 126.771756162216306, 36.139952914996144 ], [ 126.772974850816396, 36.140002094138374 ], [ 126.771395028469726, 36.140732674491083 ], [ 126.770916536222416, 36.142895565939185 ], [ 126.77192529744228, 36.140632749868743 ], [ 126.772908275321285, 36.142284733720722 ], [ 126.775833339547077, 36.140876245151702 ], [ 126.777578780744534, 36.141681576515154 ], [ 126.779781999879859, 36.13891893125416 ], [ 126.783404681966346, 36.136649979322677 ], [ 126.782261490935369, 36.134222746789966 ], [ 126.779825849003799, 36.133165679316171 ], [ 126.778991546069776, 36.13196643243495 ], [ 126.779327210366148, 36.130322339450871 ], [ 126.780838195086531, 36.129476171644896 ], [ 126.780281788396096, 36.127027459409703 ], [ 126.783318409557424, 36.12721413445292 ], [ 126.782778371995434, 36.126462446220884 ], [ 126.783549461379337, 36.126004223476478 ], [ 126.779448169982331, 36.124809845312114 ], [ 126.779009353024136, 36.123236419849498 ], [ 126.782108638192099, 36.121997521597521 ], [ 126.780277038210016, 36.120759513747075 ], [ 126.780560781767107, 36.12018325712819 ], [ 126.783437833118057, 36.118921386000551 ], [ 126.788452138838906, 36.11838511093049 ], [ 126.788550057785656, 36.117492180601737 ], [ 126.78587357500912, 36.117752383674848 ], [ 126.785002394928895, 36.115845656523973 ], [ 126.781822160895189, 36.113927530052564 ], [ 126.778081692134108, 36.114596570821632 ], [ 126.777953382685098, 36.115591273734502 ], [ 126.779806427243983, 36.116253481484058 ], [ 126.780129139239165, 36.117232792747259 ], [ 126.774928386799616, 36.120444072914651 ], [ 126.769113708604152, 36.121869541376796 ], [ 126.769107874022311, 36.12386211211642 ] ] ] } },
{ "type": "Feature", "properties": { "wid": "13-377111-2-040", "name": "금사습지", "area_ha": 210.67316387490663, "bbox5186": "245598.2,534762.2,247747.6,537881.6" }, "geometry": { "type": "Polygon", "coordinates": [ [ [ 127.523381815202129, 37.430499393762055 ], [ 127.515218504041229, 37.434751067600736 ], [ 127.518717580413565, 37.438647031284539 ], [ 127.521488550636391, 37.439179946552258 ], [ 127.528732206525916, 37.435887026009731 ], [ 127.528305522808708, 37.435143802018871 ], [ 127.530005876711883, 37.431916895070977 ], [ 127.534228817961548, 37.425650304422298 ], [ 127.539344849522578, 37.41248316892586 ], [ 127.53352059691521, 37.411020227374088 ], [ 127.53207597464565, 37.413744181536771 ], [ 127.530839010332215, 37.414214662778832 ], [ 127.531549462996011, 37.415804454298559 ], [ 127.530216331806116, 37.419143271413851 ], [ 127.523381815202129, 37.430499393762055 ] ] ] } },
{ "type": "Feature", "properties": { "wid": "12-388134-3-012", "name": "인제대교습지", "area_ha": 208.63813806299069, "bbox5186": "298666.4,604229.8,302071.4,606028.8" }, "geometry": { "type": "Polygon", "coordinates": [ [ [ 128.127980775343104, 38.03349881558529 ], [ 128.129524624154271, 38.033235348739275 ], [ 128.130215348605503, 38.032674667803271 ], [ 128.123840548791122, 38.033425858152633 ], [ 128.126938419853758, 38.040251009238574 ], [ 128.126508522567832, 38.040592960132479 ], [ 128.133140508024212, 38.044517414327444 ], [ 128.131827300734898, 38.047937193191707 ], [ 128.132177624704553, 38.048862626024111 ], [ 128.132140181719535, 38.047763012955023 ], [ 128.135073473162976, 38.045463606982175 ], [ 128.142678425178758, 38.046622326791663 ], [ 128.149206416441984, 38.044898366481135 ], [ 128.148722929134067, 38.046471521830838 ], [ 128.150269272572245, 38.044607797311258 ], [ 128.153332117672107, 38.043131875630436 ], [ 128.155351984879303, 38.039735547106382 ], [ 128.157469929975633, 38.038022861378096 ], [ 128.162671450255942, 38.036473368978953 ], [ 128.162185414188542, 38.034044000049633 ], [ 128.159361909131576, 38.033832245815169 ], [ 128.153057347175491, 38.036724817029864 ], [ 128.152247594191067, 38.036440871889688 ], [ 128.15253812158079, 38.037826279104685 ], [ 128.150952841016647, 38.037335516817691 ], [ 128.145621209062938, 38.038815491683955 ], [ 128.145496805132098, 38.039604072871001 ], [ 128.144933611365047, 38.038695166676881 ], [ 128.143293022036715, 38.038601226798242 ], [ 128.133545109367219, 38.04083612075371 ], [ 128.13244022057907, 38.040395428898982 ], [ 128.132903484423792, 38.039559452351284 ], [ 128.131813541573507, 38.039940213523145 ], [ 128.129530336733922, 38.038575718807955 ], [ 128.128975065845879, 38.037501797318349 ], [ 128.130043056349223, 38.03687983731961 ], [ 128.128417453732823, 38.036571135532135 ], [ 128.127980775343104, 38.03349881558529 ] ] ] } },
{ "type": "Feature", "properties": { "wid": "13-368073-2-004", "name": "안교습지", "area_ha": 208.53068357081719, "bbox5186": "338374.3,439766.5,341651.1,441963.9" }, "geometry": { "type": "Polygon", "coordinates": [ [ [ 128.551201478849578, 36.553308453128182 ], [ 128.545550794072682, 36.555126287283919 ], [ 128.545633653112333, 36.557155286898194 ], [ 128.546729421557785, 36.559849640079797 ], [ 128.549806915178976, 36.562272244600486 ], [ 128.549852199243844, 36.56453870295914 ], [ 128.551928076137614, 36.563503416600525 ], [ 128.55948393652136, 36.565646616600034 ], [ 128.566167643443777, 36.564684064316523 ], [ 128.570935076315948, 36.56568276400138 ], [ 128.571704384213717, 36.565226603123925 ], [ 128.571978484014835, 36.563319071547035 ], [ 128.578526779617846, 36.559397669424726 ], [ 128.582160203506362, 36.555733589821287 ], [ 128.580238168723866, 36.553763259553108 ], [ 128.573195426873554, 36.558224701044864 ], [ 128.567149585402518, 36.560487582720022 ], [ 128.560524378350436, 36.562229731021731 ], [ 128.557090266849968, 36.561643903698283 ], [ 128.553856020690176, 36.558821663401609 ], [ 128.553239985821392, 36.556670770178037 ], [ 128.559676158553515, 36.548483570322851 ], [ 128.559987491859857, 36.54602683026345 ], [ 128.55558013895245, 36.547938787120302 ], [ 128.551201478849578, 36.553308453128182 ] ] ] } },
{ "type": "Feature", "properties": { "wid": "12-378141-9-018", "name": "영월 한반도습지", "area_ha": 207.77240724454597, "bbox5186": "317592.5,513064.9,319720.2,515843.4" }, "geometry": { "type": "MultiPolygon", "coordinates": [ [ [ [ 128.341818922779964, 37.233928125487708 ], [ 128.342335822636642, 37.232131118426764 ], [ 128.341423168052899, 37.229208769733546 ], [ 128.34167769535631, 37.226467805291463 ], [ 128.344117506833783, 37.226875310234028 ], [ 128.345536600461855, 37.225828471864595 ], [ 128.344732684057789, 37.224146462602882 ], [ 128.345094519319247, 37.223014324766631 ], [ 128.348807111778427, 37.220434032734147 ], [ 128.348646853651843, 37.219089791854024 ], [ 128.347145496560444, 37.218605934474432 ], [ 128.344709323989889, 37.219467931404175 ], [ 128.343747307987286, 37.220172607244599 ], [ 128.34200036773376, 37.220960954465426 ], [ 128.340850813842764, 37.221320854069639 ], [ 128.34039059473497, 37.221417063264376 ], [ 128.338981927398407, 37.221460028782566 ], [ 128.338821319243124, 37.221360934666123 ], [ 128.338444404098681, 37.221453491543151 ], [ 128.338190206299828, 37.221031100737527 ], [ 128.337019270077576, 37.221584916086144 ], [ 128.335740727249828, 37.221212822943464 ], [ 128.336924929978636, 37.220644454691836 ], [ 128.335924924854396, 37.219647540530993 ], [ 128.334636944779817, 37.220463937664235 ], [ 128.332849959596643, 37.219430814724113 ], [ 128.333273628071908, 37.218986365954827 ], [ 128.333034074897455, 37.218881845728795 ], [ 128.332713768752683, 37.21898996481692 ], [ 128.331508561588834, 37.218812513293358 ], [ 128.331199302490973, 37.218715980908904 ], [ 128.330673179025013, 37.218202927453525 ], [ 128.330358672022328, 37.218448825472663 ], [ 128.329889722965333, 37.217790968804366 ], [ 128.33055645356103, 37.218099724899027 ], [ 128.330453200316924, 37.217929698101976 ], [ 128.330657538158903, 37.217440871257395 ], [ 128.331264856353755, 37.218663887965754 ], [ 128.33217713701174, 37.218905003401922 ], [ 128.333014593504913, 37.218863144374403 ], [ 128.333877003630988, 37.219022818537113 ], [ 128.334480699037641, 37.219333163207281 ], [ 128.336350767375023, 37.219263422213309 ], [ 128.33544108991137, 37.218340265781968 ], [ 128.336984047834363, 37.218440885038511 ], [ 128.336999286097978, 37.219814711414557 ], [ 128.33727800088289, 37.219903464608166 ], [ 128.337699406211897, 37.220671748039436 ], [ 128.337982009933285, 37.220725317293201 ], [ 128.338452699030938, 37.221412853596448 ], [ 128.33883101109106, 37.221335597596315 ], [ 128.340361987979264, 37.221392159562058 ], [ 128.341583341786674, 37.220951263909001 ], [ 128.339104969369629, 37.220900028616093 ], [ 128.338656745644073, 37.219762650769844 ], [ 128.343278916898157, 37.213708868574543 ], [ 128.34268736639757, 37.211985689504971 ], [ 128.347201320650981, 37.210089215328182 ], [ 128.344997051987065, 37.209087147816703 ], [ 128.342137985449682, 37.209907041462472 ], [ 128.341328517596338, 37.211587535941412 ], [ 128.340145082702293, 37.211043224500784 ], [ 128.33773233891506, 37.214243765205616 ], [ 128.333378820169628, 37.215618207435988 ], [ 128.333430637683193, 37.216897921331075 ], [ 128.329026878781207, 37.216834800715397 ], [ 128.327646086320868, 37.217371056986352 ], [ 128.327058826378504, 37.218575046492084 ], [ 128.324856061165036, 37.21830238525731 ], [ 128.32536683201721, 37.221545616904208 ], [ 128.326312329496972, 37.222653151350713 ], [ 128.335738718007661, 37.225123107956037 ], [ 128.333886663470736, 37.228334360957113 ], [ 128.331469195715925, 37.229517527639075 ], [ 128.33207944007745, 37.230644098977173 ], [ 128.336971213334976, 37.2289455780247 ], [ 128.336604438741205, 37.228082974649908 ], [ 128.337309082515787, 37.229064296180447 ], [ 128.33758532848401, 37.22830975778291 ], [ 128.339585773089425, 37.226298678784005 ], [ 128.338603582565923, 37.227463041828273 ], [ 128.339334596811568, 37.227768317342267 ], [ 128.338550609105823, 37.227525808351153 ], [ 128.337521082950616, 37.228882606503184 ], [ 128.338249500148351, 37.228594171405582 ], [ 128.338410035501056, 37.228560822669039 ], [ 128.338807303788883, 37.228597776864135 ], [ 128.337357065034894, 37.229101595480955 ], [ 128.33944272580186, 37.230441205555813 ], [ 128.339623985328871, 37.229795854814604 ], [ 128.339875805059734, 37.231864360031025 ], [ 128.341197594419668, 37.233775691432385 ], [ 128.340420356710837, 37.234172815045447 ], [ 128.341818922779964, 37.233928125487708 ] ], [ [ 128.343554985733959, 37.223430035632425 ], [ 128.341849108533324, 37.222279903771984 ], [ 128.344312830157463, 37.220804984880701 ], [ 128.344937315383902, 37.221648420665034 ], [ 128.343554985733959, 37.223430035632425 ] ], [ [ 128.340105837467036, 37.231746431358971 ], [ 128.34023946639428, 37.231338576750119 ], [ 128.340413641471798, 37.231884401301286 ], [ 128.340105837467036, 37.231746431358971 ] ], [ [ 128.339950802670472, 37.226870275794184 ], [ 128.339839290310294, 37.226808468898646 ], [ 128.339992084482361, 37.226847284126109 ], [ 128.339950802670472, 37.226870275794184 ] ], [ [ 128.33991304242906, 37.22378123791168 ], [ 128.339644745137633, 37.223836530334601 ], [ 128.339853139050035, 37.223643164535602 ], [ 128.33991304242906, 37.22378123791168 ] ] ], [ [ [ 128.348833852724823, 37.218709249909402 ], [ 128.347771647064974, 37.218339327306445 ], [ 128.3470831296884, 37.218583218393846 ], [ 128.348833852724823, 37.218709249909402 ] ] ], [ [ [ 128.341889692555782, 37.220945990951819 ], [ 128.343743145682367, 37.220128506368745 ], [ 128.344470027901536, 37.219505786677473 ], [ 128.341889692555782, 37.220945990951819 ] ] ], [ [ [ 128.334164662088881, 37.219811542024893 ], [ 128.334308840099538, 37.219745947847088 ], [ 128.334247155931195, 37.219250201327419 ], [ 128.334164662088881, 37.219811542024893 ] ] ] ] } },
{ "type": "Feature", "properties": { "wid": "15-377133-2-063", "name": "궁안교습지", "area_ha": 206.29001907867561, "bbox5186": "200054.9,489185.1,202837.7,492493.4" }, "geometry": { "type": "Polygon", "coordinates": [ [ [ 127.013617482952611, 37.019835111595334 ], [ 127.00452795690066, 37.026708334916002 ], [ 127.000783320095053, 37.026967028192203 ], [ 127.000617026553925, 37.031361586381522 ], [ 127.006296114575136, 37.03101180282475 ], [ 127.01124174310101, 37.026422246983927 ], [ 127.016497561432786, 37.024720396496669 ], [ 127.017841771124239, 37.020472515855019 ], [ 127.017423721975732, 37.010566104176824 ], [ 127.019455046176759, 37.009972877406923 ], [ 127.025008399514377, 37.01164334194516 ], [ 127.027885731692066, 37.010938956792991 ], [ 127.029671574389667, 37.009148977228001 ], [ 127.031881168738977, 37.002587630115755 ], [ 127.02981242449637, 37.001547417974109 ], [ 127.02832524532181, 37.002346140897181 ], [ 127.025038492062052, 37.007470429860795 ], [ 127.018349667601271, 37.006292136962934 ], [ 127.014621971092311, 37.007397380457732 ], [ 127.013014477642542, 37.009254695803477 ], [ 127.012488080465317, 37.012701386116682 ], [ 127.01352895099366, 37.014870172296746 ], [ 127.013617482952611, 37.019835111595334 ] ] ] } },
{ "type": "Feature", "properties": { "wid": "13-367063-2-054", "name": "명학습지", "area_ha": 206.1495283568085, "bbox5186": "228605.5,434254.3,232771.1,436127.8" }, "geometry": { "type": "Polygon", "coordinates": [ [ [ 127.337107213708592, 36.511991436796883 ], [ 127.319326759483658, 36.509185506418717 ], [ 127.324358282731382, 36.517287707229102 ], [ 127.324964129565444, 36.515329658257251 ], [ 127.328827126694307, 36.515128027932533 ], [ 127.330727362633198, 36.515946427105291 ], [ 127.333730880191695, 36.514996358636793 ], [ 127.336921713064953, 36.515296483903576 ], [ 127.352098514131953, 36.518859958432287 ], [ 127.355631389148726, 36.520419281430641 ], [ 127.362075870673635, 36.521425401824253 ], [ 127.363110992740474, 36.522889326752228 ], [ 127.364275658500944, 36.522207209941421 ], [ 127.362246808217535, 36.520492192757601 ], [ 127.365861176405431, 36.516298923809209 ], [ 127.36569277031559, 36.512538938339688 ], [ 127.364074869156454, 36.509614244434331 ], [ 127.359316145892635, 36.506017757120865 ], [ 127.356898725876249, 36.507078460517569 ], [ 127.359779797631646, 36.509964305967962 ], [ 127.361134823334964, 36.513528770527522 ], [ 127.357552668738421, 36.516986463163363 ], [ 127.34709375384034, 36.515671035380088 ], [ 127.337107213708592, 36.511991436796883 ] ] ] } },
{ "type": "Feature", "properties": { "wid": "20-347063-5-304", "name": "해만장2방조제하구습지", "area_ha": 206.09421144550427, "bbox5186": "232932.7,216847.9,236391.3,219198.0" }, "geometry": { "type": "Polygon", "coordinates": [ [ [ 127.363666061021576, 34.546523568622717 ], [ 127.364993305244056, 34.548837221051663 ], [ 127.370862354151313, 34.551054214545815 ], [ 127.380188173480065, 34.559358465398212 ], [ 127.380429100211671, 34.560581872599329 ], [ 127.379078589010902, 34.56264226132518 ], [ 127.377990799001964, 34.562814203719938 ], [ 127.375382790174939, 34.561258249838197 ], [ 127.370070965800025, 34.555391655020216 ], [ 127.369260145470093, 34.556336117504173 ], [ 127.374528621515779, 34.562741040228843 ], [ 127.368454864174737, 34.562247503665496 ], [ 127.363934414468162, 34.565118633136763 ], [ 127.358855466987862, 34.562605124360665 ], [ 127.363644312847825, 34.565813607521683 ], [ 127.363703658297879, 34.566679715814296 ], [ 127.36953976369378, 34.564129138782782 ], [ 127.374015818188269, 34.564783475432186 ], [ 127.375003539353955, 34.566101056389989 ], [ 127.376646509913684, 34.565067454232548 ], [ 127.387184451538104, 34.564972287315186 ], [ 127.391369337252542, 34.566006416447799 ], [ 127.392502575243341, 34.56761906026162 ], [ 127.393753412419372, 34.567584383084082 ], [ 127.394336055429449, 34.564969227369076 ], [ 127.395607682384821, 34.563580500692019 ], [ 127.395804094125978, 34.559267371242825 ], [ 127.396523275242657, 34.558586252370119 ], [ 127.390636636421249, 34.558458294388785 ], [ 127.388209512546396, 34.556926373807968 ], [ 127.385000829502715, 34.557665800656601 ], [ 127.381799148937802, 34.555180663266832 ], [ 127.37591269815934, 34.553583543738689 ], [ 127.375473879865879, 34.552430145742861 ], [ 127.374576210065882, 34.552695222826166 ], [ 127.369324870523883, 34.549531829553004 ], [ 127.365320999694376, 34.548533355943306 ], [ 127.363666061021576, 34.546523568622717 ] ] ] } },
{ "type": "Feature", "properties": { "wid": "13-358042-2-026", "name": "황정습지", "area_ha": 203.0535127580228, "bbox5186": "368657.4,370220.9,374091.8,372457.8" }, "geometry": { "type": "Polygon", "coordinates": [ [ [ 128.904110276253846, 35.918559029765539 ], [ 128.891317157519836, 35.924159738725294 ], [ 128.88665234465654, 35.927856447471825 ], [ 128.883566720206602, 35.928924950563143 ], [ 128.87532725035004, 35.9293035871952 ], [ 128.869378011598656, 35.92828084930035 ], [ 128.868799465665347, 35.929354051495196 ], [ 128.878975949465115, 35.931423555018895 ], [ 128.885648674120603, 35.930705251891695 ], [ 128.890391680761013, 35.928748256036656 ], [ 128.896309835451433, 35.924236845903536 ], [ 128.906640695968719, 35.919263159485268 ], [ 128.913699897876455, 35.917490107832293 ], [ 128.919656032538086, 35.9189935237603 ], [ 128.923282503373514, 35.921494552150079 ], [ 128.924528385942921, 35.925317710756012 ], [ 128.923580717727759, 35.932294686171915 ], [ 128.92520373421641, 35.934207792771304 ], [ 128.926933524279093, 35.930520727375864 ], [ 128.927901176178153, 35.930173587220374 ], [ 128.928841757045859, 35.930946921756345 ], [ 128.928816600657683, 35.921475126174037 ], [ 128.926151358068807, 35.918009101099578 ], [ 128.924326994616223, 35.917190442207186 ], [ 128.912175405270375, 35.914259672645215 ], [ 128.908632643066881, 35.915075677392302 ], [ 128.904110276253846, 35.918559029765539 ] ], [ [ 128.92448935449957, 35.92224473397502 ], [ 128.925221134259374, 35.921585117202483 ], [ 128.926688406347239, 35.922155387267104 ], [ 128.926804741839334, 35.924438671699981 ], [ 128.924910898074614, 35.923685117244219 ], [ 128.92448935449957, 35.92224473397502 ] ] ] } },
{ "type": "Feature", "properties": { "wid": "16-357103-9-022", "name": "섬진강 침실습지", "area_ha": 202.90071030290284, "bbox5186": "229193.0,296752.4,230683.0,301687.7" }, "geometry": { "type": "Polygon", "coordinates": [ [ [ 127.32543252967271, 35.310317964725982 ], [ 127.324746265306615, 35.308912829587655 ], [ 127.327875782795076, 35.30540180617016 ], [ 127.327563516696458, 35.302946519402255 ], [ 127.328548205353968, 35.302017277648744 ], [ 127.328969665542047, 35.296944326404478 ], [ 127.332299886206954, 35.287554129844267 ], [ 127.332032776269443, 35.284327179925697 ], [ 127.329401109032787, 35.281049905070752 ], [ 127.327659158025583, 35.2767525544593 ], [ 127.328226765282125, 35.276047071389293 ], [ 127.327420172145224, 35.275542705400682 ], [ 127.329082257669683, 35.272333940418342 ], [ 127.33235840079837, 35.270397924439791 ], [ 127.337218742118125, 35.269150543620427 ], [ 127.335997029027794, 35.26685552983237 ], [ 127.329369567002914, 35.268100474435101 ], [ 127.32374355232723, 35.272767466102735 ], [ 127.322416327539855, 35.272886381596479 ], [ 127.32247753297699, 35.275295494479252 ], [ 127.323614046575969, 35.275853993061133 ], [ 127.326633044590579, 35.28535858767723 ], [ 127.326735376261965, 35.289761336179943 ], [ 127.325138662230032, 35.303928305432443 ], [ 127.323815684980204, 35.305792206681218 ], [ 127.321044144311173, 35.305610315938409 ], [ 127.321003400532973, 35.309770075275345 ], [ 127.32487814055338, 35.311369507471746 ], [ 127.32543252967271, 35.310317964725982 ] ] ] } },
{ "type": "Feature", "properties": { "wid": "14-388102-3-001", "name": "화진포호", "area_ha": 202.83080798556469, "bbox5186": "324524.8,651326.0,326075.0,654628.8" }, "geometry": { "type": "Polygon", "coordinates": [ [ [ 128.430571542705735, 38.453658091480783 ], [ 128.426591954040987, 38.455637029110171 ], [ 128.428370118312699, 38.45959867569691 ], [ 128.428321362481, 38.462180046630898 ], [ 128.43037147531507, 38.463771054189543 ], [ 128.429923843038125, 38.465528563743909 ], [ 128.43129179215282, 38.466627038225944 ], [ 128.428338750817545, 38.468114265075826 ], [ 128.43289132427023, 38.470682668992779 ], [ 128.435247297941117, 38.469825093468991 ], [ 128.436611097536172, 38.470244357234392 ], [ 128.43799719464721, 38.472708129344127 ], [ 128.436169762933787, 38.471851378489461 ], [ 128.433598196454682, 38.472876456774458 ], [ 128.432209543888831, 38.474387860332627 ], [ 128.43436718786802, 38.475427092855192 ], [ 128.432848076210973, 38.476775256369059 ], [ 128.430564852236216, 38.477267975939796 ], [ 128.4297941432215, 38.47874297582883 ], [ 128.427544415464638, 38.479485648152171 ], [ 128.427620683608836, 38.480621517804714 ], [ 128.429756052038954, 38.481861080650098 ], [ 128.430889601699448, 38.481231996115007 ], [ 128.430644344611608, 38.482622210970085 ], [ 128.431823958064854, 38.48339418565719 ], [ 128.436880303986612, 38.479707475485363 ], [ 128.437773693821811, 38.4733972766657 ], [ 128.439651686941716, 38.473566977117962 ], [ 128.442400486303285, 38.472296370128753 ], [ 128.444108959626391, 38.470402571617356 ], [ 128.444608726770042, 38.468575007480709 ], [ 128.443770565679131, 38.466246885523532 ], [ 128.440584198708166, 38.466992339846819 ], [ 128.437878135743404, 38.466252710715189 ], [ 128.437243181863806, 38.463586949560813 ], [ 128.43576203043429, 38.46273224545444 ], [ 128.435547563794586, 38.460640528534327 ], [ 128.433654354053459, 38.459626901470223 ], [ 128.432935780718395, 38.45550284836186 ], [ 128.431819568334532, 38.45374283174354 ], [ 128.430571542705735, 38.453658091480783 ] ] ] } },
{ "type": "Feature", "properties": { "wid": "13-367063-2-078", "name": "합강습지", "area_ha": 200.7138311037676, "bbox5186": "226859.5,433695.3,229028.2,435759.1" }, "geometry": { "type": "Polygon", "coordinates": [ [ [ 127.313919397965023, 36.506707268718479 ], [ 127.309527837797702, 36.502466199377821 ], [ 127.307024463142255, 36.501126343630553 ], [ 127.299814466895043, 36.503602127978972 ], [ 127.30179139638777, 36.504774951681945 ], [ 127.304347824385658, 36.510250173538871 ], [ 127.310021833352067, 36.516620227357393 ], [ 127.321516881684758, 36.517263859398305 ], [ 127.322233452629135, 36.518029706833438 ], [ 127.321845569412702, 36.51926172667968 ], [ 127.323891538239707, 36.519679729754607 ], [ 127.324073719812674, 36.515979107502964 ], [ 127.319449585194405, 36.508649892807981 ], [ 127.313919397965023, 36.506707268718479 ] ] ] } },
{ "type": "Feature", "properties": { "wid": "13-358061-2-003", "name": "도진습지", "area_ha": 195.4362630147811, "bbox5186": "319411.9,340054.3,321871.4,345716.1" }, "geometry": { "type": "Polygon", "coordinates": [ [ [ 128.331122084066891, 35.659091507703785 ], [ 128.331619489476026, 35.659320321427685 ], [ 128.333076434674496, 35.658348921189457 ], [ 128.332842078457361, 35.661987882034616 ], [ 128.33403886019309, 35.670599160238552 ], [ 128.335985214158825, 35.675126854403807 ], [ 128.335426241516927, 35.680025689007884 ], [ 128.335932438945861, 35.679911928029107 ], [ 128.33608258877797, 35.681696445445546 ], [ 128.333050804918742, 35.686360437141474 ], [ 128.329290954207664, 35.686847211809244 ], [ 128.320633147685726, 35.69243444600729 ], [ 128.32110674707917, 35.692682486605236 ], [ 128.319325821904926, 35.697102594164278 ], [ 128.320281533554493, 35.701395353322546 ], [ 128.321654612166981, 35.701380282118613 ], [ 128.322577147624941, 35.694556159811476 ], [ 128.323882559850091, 35.692259062262423 ], [ 128.329411772225882, 35.689334998797719 ], [ 128.33467145903947, 35.687894347831318 ], [ 128.337631634833286, 35.6836411595554 ], [ 128.34032302827066, 35.675157041388957 ], [ 128.338808552558902, 35.666348404270288 ], [ 128.33711234200419, 35.663440140666246 ], [ 128.336842186901862, 35.660086150608386 ], [ 128.343763906284806, 35.654029604497495 ], [ 128.345724833506182, 35.651060763154206 ], [ 128.343540417616907, 35.650113654908203 ], [ 128.33631934426873, 35.656476316369996 ], [ 128.332680048367109, 35.657553938979873 ], [ 128.331122084066891, 35.659091507703785 ] ], [ [ 128.344488434612373, 35.652195674220657 ], [ 128.343355122361288, 35.654213505568244 ], [ 128.342885914694705, 35.654152049986337 ], [ 128.344488434612373, 35.652195674220657 ] ] ] } },
{ "type": "Feature", "properties": { "wid": "15-377054-2-069", "name": "미사동습지", "area_ha": 194.91919217260488, "bbox5186": "218730.6,549448.2,220955.0,552355.6" }, "geometry": { "type": "Polygon", "coordinates": [ [ [ 127.222438033009396, 37.552939476475451 ], [ 127.218503739224332, 37.548882426822857 ], [ 127.221430752558888, 37.554062209038207 ], [ 127.212015211153087, 37.567744885532321 ], [ 127.218376824369429, 37.570539885514677 ], [ 127.222588462405511, 37.563563731357952 ], [ 127.237123762062367, 37.545714637414676 ], [ 127.235335975727338, 37.544311757241026 ], [ 127.23166739802349, 37.545757904289715 ], [ 127.222438033009396, 37.552939476475451 ] ] ] } },
{ "type": "Feature", "properties": { "wid": "11-358132-2-038", "name": "신당리하도습지", "area_ha": 191.04810359378052, "bbox5186": "302330.9,291271.9,305432.7,294529.2" }, "geometry": { "type": "Polygon", "coordinates": [ [ [ 128.143282037086379, 35.23514682032858 ], [ 128.137322805744219, 35.233429231764262 ], [ 128.132558793862984, 35.230198619819369 ], [ 128.130854952451699, 35.227575573808579 ], [ 128.129946310850528, 35.220268281303603 ], [ 128.128669438207453, 35.220698393003005 ], [ 128.128254487428933, 35.217539628419445 ], [ 128.129222425478019, 35.212728517799164 ], [ 128.125475928844367, 35.212692204228929 ], [ 128.123899621611969, 35.215772145980829 ], [ 128.124516423582776, 35.216219768116773 ], [ 128.126896192529358, 35.22947546336902 ], [ 128.129613774433295, 35.234153962511677 ], [ 128.13680981595104, 35.237287059962753 ], [ 128.145108978725261, 35.239609847934027 ], [ 128.146477513702507, 35.239199423309017 ], [ 128.151983107376509, 35.240102504643907 ], [ 128.155293683184397, 35.241768968273391 ], [ 128.158274806891086, 35.237563914054974 ], [ 128.153178170441976, 35.237062800628848 ], [ 128.149412448515619, 35.235509654851285 ], [ 128.143282037086379, 35.23514682032858 ] ] ] } },
{ "type": "Feature", "properties": { "wid": "15-376034-2-010", "name": "공릉천하구습지", "area_ha": 189.01945672953499, "bbox5186": "172775.5,572628.1,179044.1,574073.3" }, "geometry": { "type": "Polygon", "coordinates": [ [ [ 126.716759954958889, 37.75360975808303 ], [ 126.712642862813027, 37.757488353269892 ], [ 126.700000347699358, 37.75966240863135 ], [ 126.693568226213657, 37.755507734922695 ], [ 126.691059016710099, 37.756655318640412 ], [ 126.692099124939404, 37.758690613919825 ], [ 126.691596015939581, 37.759329883269181 ], [ 126.694778014899597, 37.759344473801271 ], [ 126.69884390010111, 37.762754267074612 ], [ 126.714632469248784, 37.759478010635632 ], [ 126.718649651209233, 37.755015283938469 ], [ 126.719645706702124, 37.754785208685227 ], [ 126.73149928380235, 37.757645441068917 ], [ 126.735924495843335, 37.762899950181009 ], [ 126.738268060101063, 37.764180041471739 ], [ 126.738294173643752, 37.765143229162298 ], [ 126.73924454911635, 37.764692151333605 ], [ 126.742338995914068, 37.766132390002213 ], [ 126.759034525035077, 37.764181986820915 ], [ 126.76216857441851, 37.764710011274794 ], [ 126.759622169913484, 37.763553413261576 ], [ 126.761904538785018, 37.76069117893902 ], [ 126.760137897932935, 37.759185689051371 ], [ 126.756360244932495, 37.762588089321397 ], [ 126.743906958406725, 37.763978000716499 ], [ 126.738509927971194, 37.761563279385491 ], [ 126.732288880616281, 37.754874068837353 ], [ 126.720312625746956, 37.753061446122857 ], [ 126.716759954958889, 37.75360975808303 ] ] ] } },
{ "type": "Feature", "properties": { "wid": "20-376152-5-301", "name": "자안천하구습지", "area_ha": 187.17317828452838, "bbox5186": "176927.3,504190.9,182261.9,505702.4" }, "geometry": { "type": "Polygon", "coordinates": [ [ [ 126.744243258784039, 37.13648829955693 ], [ 126.74031070211494, 37.140827358066701 ], [ 126.756342721559832, 37.145022484995373 ], [ 126.768016815649048, 37.146657901121323 ], [ 126.799832981812017, 37.150214710823704 ], [ 126.800333197028593, 37.148342254611045 ], [ 126.760615466529586, 37.142159518235161 ], [ 126.747933735475428, 37.138495654623455 ], [ 126.744243258784039, 37.13648829955693 ] ] ] } },
{ "type": "Feature", "properties": { "wid": "13-368062-2-018", "name": "고평습지", "area_ha": 184.40006128252509, "bbox5186": "331812.3,447166.4,334050.4,451717.3" }, "geometry": { "type": "Polygon", "coordinates": [ [ [ 128.482419757776398, 36.61369394310875 ], [ 128.475964851323369, 36.614097563572599 ], [ 128.473421574782577, 36.616128483152856 ], [ 128.482665689799035, 36.615913780628219 ], [ 128.486876791792952, 36.619086164142104 ], [ 128.486322804936094, 36.622601772638625 ], [ 128.488535531802597, 36.630591693463408 ], [ 128.489120583154744, 36.638336109841788 ], [ 128.494801193747321, 36.651512152001189 ], [ 128.497695132598409, 36.654508713383422 ], [ 128.499163397408267, 36.653582886014036 ], [ 128.494373163859592, 36.639315540878385 ], [ 128.490447472306386, 36.618762219296087 ], [ 128.489310614977228, 36.618758415893147 ], [ 128.488463703768076, 36.616045120229401 ], [ 128.486984895523051, 36.614704799956456 ], [ 128.482419757776398, 36.61369394310875 ] ] ] } },
{ "type": "Feature", "properties": { "wid": "13-356162-4-018", "name": "광주호습지", "area_ha": 178.00377414363035, "bbox5186": "198250.9,287327.2,200283.5,289442.0" }, "geometry": { "type": "Polygon", "coordinates": [ [ [ 126.989583130179895, 35.18429016303034 ], [ 126.986446750754567, 35.182367259996028 ], [ 126.986219211736071, 35.184021222901869 ], [ 126.987282968429895, 35.184691046774148 ], [ 126.98712031483349, 35.18572849019931 ], [ 126.985296243810495, 35.188104255899326 ], [ 126.982258281064489, 35.187796486759432 ], [ 126.983346110507654, 35.188951277494425 ], [ 126.980795104530529, 35.190821211816512 ], [ 126.981558024178696, 35.191624437673092 ], [ 126.983981340711807, 35.191447215525415 ], [ 126.982585884154318, 35.196143080318592 ], [ 126.983718385555619, 35.199627872363919 ], [ 126.988779307323682, 35.201429351542465 ], [ 126.989616133677359, 35.201026521183358 ], [ 126.989408782952069, 35.199525749429711 ], [ 126.991343773340049, 35.19829645657498 ], [ 126.989719670855791, 35.198538793792039 ], [ 126.989549550431917, 35.197885297624701 ], [ 126.991570092584155, 35.197201327419215 ], [ 126.991356066675152, 35.196272917546011 ], [ 126.988614113346301, 35.196960424024645 ], [ 126.991159701798495, 35.194537796229518 ], [ 126.988819825743448, 35.194235649057383 ], [ 126.989712704220622, 35.192827812252546 ], [ 126.990856900118359, 35.19224743155862 ], [ 126.99312095426707, 35.192664908596285 ], [ 126.994854947128118, 35.18898836745138 ], [ 126.99617577205133, 35.189503090225571 ], [ 127.000426009293193, 35.188948816354184 ], [ 127.002602138441929, 35.187953692788312 ], [ 127.003112646198005, 35.186946866596244 ], [ 127.000715857729077, 35.187402990406888 ], [ 126.995097984706561, 35.182530163224889 ], [ 126.991177392064216, 35.183254631501811 ], [ 126.989583130179895, 35.18429016303034 ] ] ] } },
{ "type": "Feature", "properties": { "wid": "13-377113-2-045", "name": "흥천교습지", "area_ha": 176.17832285869514, "bbox5186": "243353.1,521794.9,248437.8,527969.6" }, "geometry": { "type": "Polygon", "coordinates": [ [ [ 127.499367625736909, 37.297368878823541 ], [ 127.490366001443135, 37.294369149773424 ], [ 127.488949589997375, 37.295953611729956 ], [ 127.496768967130393, 37.298896244622505 ], [ 127.510354320142099, 37.310275170347445 ], [ 127.517809046670493, 37.313003526877381 ], [ 127.520421872552546, 37.315978060251773 ], [ 127.522967169893334, 37.321388298927005 ], [ 127.527516571813763, 37.328237501514167 ], [ 127.526203829312848, 37.329618306715503 ], [ 127.520892366929928, 37.329718396447809 ], [ 127.51805387878666, 37.333389008208542 ], [ 127.521178843779111, 37.330027987535018 ], [ 127.525633452957408, 37.330183980757404 ], [ 127.528820128249251, 37.329416526498797 ], [ 127.531066122942633, 37.329987625812592 ], [ 127.539054039730345, 37.336685732997189 ], [ 127.542245910709823, 37.34745184505401 ], [ 127.546017453842609, 37.349760926539204 ], [ 127.546681814503884, 37.349238871689941 ], [ 127.542844957333728, 37.345694814087345 ], [ 127.541660779899033, 37.339209297872713 ], [ 127.539385294816654, 37.334879479065506 ], [ 127.535837196534871, 37.332440319433744 ], [ 127.536736790369545, 37.331687493188298 ], [ 127.529092107275304, 37.325884204621566 ], [ 127.525046707123494, 37.32045283775674 ], [ 127.520957646856075, 37.313187031968774 ], [ 127.523023139999665, 37.311392990893815 ], [ 127.520596111229466, 37.312616472306637 ], [ 127.517181369485556, 37.308983194384709 ], [ 127.511667390224929, 37.308449428528171 ], [ 127.502133106786559, 37.301272142724528 ], [ 127.499367625736909, 37.297368878823541 ] ] ] } },
{ "type": "Feature", "properties": { "wid": "15-359012-2-006", "name": "황성동습지", "area_ha": 175.80890361113961, "bbox5186": "398803.4,364685.8,402168.6,370160.8" }, "geometry": { "type": "Polygon", "coordinates": [ [ [ 129.203521087456323, 35.859391060014893 ], [ 129.200868365872822, 35.860247941853245 ], [ 129.204584728308959, 35.867858466420401 ], [ 129.209137029059292, 35.872654844208064 ], [ 129.208447052796629, 35.873482078111977 ], [ 129.210143406566772, 35.874848380000252 ], [ 129.214260319347147, 35.883305373089982 ], [ 129.21805121775833, 35.887506316699593 ], [ 129.222140799366741, 35.889067872690696 ], [ 129.223124654703184, 35.890157932167263 ], [ 129.226401246272559, 35.890912646689948 ], [ 129.229034240434657, 35.892919947946645 ], [ 129.233620254955525, 35.898613033898741 ], [ 129.236786750508088, 35.908107713614335 ], [ 129.239463106029206, 35.908047894817877 ], [ 129.238017554715924, 35.898132872111056 ], [ 129.237192528145215, 35.898879890031019 ], [ 129.23624429718771, 35.896233204779506 ], [ 129.2288464839379, 35.888948967751595 ], [ 129.223617734903314, 35.887438482138514 ], [ 129.219104710406469, 35.884389981226221 ], [ 129.212998928649228, 35.874065040073347 ], [ 129.209177501766192, 35.870245615639256 ], [ 129.204815187057392, 35.863312076917083 ], [ 129.204024808424691, 35.860633366347777 ], [ 129.205074671204329, 35.859973451307567 ], [ 129.203521087456323, 35.859391060014893 ] ], [ [ 129.235964055091813, 35.898355852841846 ], [ 129.236749101173103, 35.898824180401277 ], [ 129.23558414592901, 35.899416236464916 ], [ 129.235554440020252, 35.899305061644419 ], [ 129.235964055091813, 35.898355852841846 ] ], [ [ 129.233631706497675, 35.897641506811667 ], [ 129.232653489971909, 35.896957800099997 ], [ 129.2309647643159, 35.892975089926495 ], [ 129.23331512407762, 35.895242538456749 ], [ 129.233631706497675, 35.897641506811667 ] ] ] } },
{ "type": "Feature", "properties": { "wid": "13-358104-0-009", "name": "악양습지(의령)", "area_ha": 175.4873586717174, "bbox5186": "322481.8,304824.8,327047.9,306448.7" }, "geometry": { "type": "Polygon", "coordinates": [ [ [ 128.376021795812562, 35.332746487196943 ], [ 128.361587200155952, 35.336826772759146 ], [ 128.351851347623523, 35.338481697136643 ], [ 128.351314253549873, 35.339187072567839 ], [ 128.351887882574971, 35.339420390167568 ], [ 128.347356151504442, 35.345768922410599 ], [ 128.351018166023294, 35.347167334866285 ], [ 128.356370902849932, 35.340859928059736 ], [ 128.363663472854086, 35.339495393137689 ], [ 128.375360688131877, 35.335919190511689 ], [ 128.377983667168735, 35.336429162189667 ], [ 128.379871300797333, 35.335346860596076 ], [ 128.391427258079489, 35.335348669888639 ], [ 128.392491037679321, 35.3356833984395 ], [ 128.393135735660366, 35.337168430106352 ], [ 128.394451381153374, 35.337181197234166 ], [ 128.397401555603636, 35.335286056496834 ], [ 128.395633276914225, 35.333573394062093 ], [ 128.390739973062011, 35.332081455239468 ], [ 128.376021795812562, 35.332746487196943 ] ] ] } },
{ "type": "Feature", "properties": { "wid": "15-376041-2-018", "name": "초평도습지", "area_ha": 169.74072157659648, "bbox5186": "179781.8,589230.5,181576.8,590862.3" }, "geometry": { "type": "Polygon", "coordinates": [ [ [ 126.788524035793628, 37.903810696648279 ], [ 126.782434801489615, 37.902772524113594 ], [ 126.779152596618886, 37.906062960251511 ], [ 126.770091694066124, 37.909560184526853 ], [ 126.778738397589208, 37.914896815483509 ], [ 126.78803681340014, 37.917484313248792 ], [ 126.789897667523618, 37.915778565270379 ], [ 126.790491719584864, 37.913626375021273 ], [ 126.788319701266758, 37.905678884301985 ], [ 126.788524035793628, 37.903810696648279 ] ] ] } },
{ "type": "Feature", "properties": { "wid": "14-357162-2-030", "name": "완사늪", "area_ha": 169.27287821371533, "bbox5186": "288421.7,279817.1,290761.7,282835.8" }, "geometry": { "type": "Polygon", "coordinates": [ [ [ 127.985659432256483, 35.111346285605968 ], [ 127.984894369752837, 35.11367070256842 ], [ 127.983178300512705, 35.114174952873043 ], [ 127.977854180464988, 35.114379357866966 ], [ 127.974825608455305, 35.120179420780943 ], [ 127.972953169254751, 35.120742469536793 ], [ 127.970644713476048, 35.119692912861268 ], [ 127.970003772170912, 35.120129777104857 ], [ 127.975005999613089, 35.123810292618799 ], [ 127.978547933398687, 35.118274677726973 ], [ 127.983673627192246, 35.116051991074968 ], [ 127.984410402762606, 35.114745403446072 ], [ 127.984118284056507, 35.116085335781129 ], [ 127.986808269572009, 35.116657435589012 ], [ 127.990383507791037, 35.112968012882341 ], [ 127.992198073068522, 35.112903600583977 ], [ 127.991579098535325, 35.12029949014881 ], [ 127.988899821786958, 35.122441283999322 ], [ 127.9895420189861, 35.123112933243796 ], [ 127.988456868511037, 35.122824352886084 ], [ 127.984595321910561, 35.124644003211444 ], [ 127.983965348357486, 35.128269719273433 ], [ 127.985501805735083, 35.134687240735296 ], [ 127.983908815508684, 35.137341046901632 ], [ 127.984829315393029, 35.137882471732809 ], [ 127.98966833559507, 35.13446040277168 ], [ 127.989345761842856, 35.127022654833738 ], [ 127.991285565759966, 35.124049576819353 ], [ 127.990491218816544, 35.123498154776485 ], [ 127.992578070315361, 35.122980849843849 ], [ 127.99376178482008, 35.120996359661191 ], [ 127.995593981851385, 35.113621147356078 ], [ 127.994138158256362, 35.111524006509768 ], [ 127.992333738469171, 35.11061313545769 ], [ 127.987191793330865, 35.111895338695355 ], [ 127.985659432256483, 35.111346285605968 ] ] ] } },
{ "type": "Feature", "properties": { "wid": "13-366124-2-041", "name": "저석습지", "area_ha": 164.76845776346892, "bbox5186": "194571.0,413355.9,197882.6,415369.5" }, "geometry": { "type": "Polygon", "coordinates": [ [ [ 126.95209320247551, 36.322471527572077 ], [ 126.944842826197657, 36.318504087677816 ], [ 126.943711734976077, 36.319614722180162 ], [ 126.941758400772073, 36.318214245286718 ], [ 126.939541567065177, 36.320692305822774 ], [ 126.941036877419663, 36.322544087011899 ], [ 126.944368905833741, 36.324112844691456 ], [ 126.948803555026885, 36.325783820336497 ], [ 126.949434143482904, 36.325414603092028 ], [ 126.949030153915388, 36.324986368810592 ], [ 126.951372878079084, 36.325728118574865 ], [ 126.949038493013006, 36.325862323787064 ], [ 126.950555575591721, 36.327257994455465 ], [ 126.952366397469021, 36.327383093245757 ], [ 126.951854753867067, 36.326301466989328 ], [ 126.953843578918608, 36.326713191629949 ], [ 126.954966699957481, 36.327769808094679 ], [ 126.954303806853176, 36.328162472826691 ], [ 126.957024937338801, 36.329649534735957 ], [ 126.956904716716053, 36.331555495266556 ], [ 126.959320449025157, 36.33378406756961 ], [ 126.961723229586028, 36.333170254132632 ], [ 126.964809234053078, 36.33390116116437 ], [ 126.965396658621046, 36.335407209894178 ], [ 126.96620452666329, 36.334616202211748 ], [ 126.96828620043955, 36.33474564190999 ], [ 126.974445094230504, 36.336371950662439 ], [ 126.976416014144419, 36.334609641586084 ], [ 126.968048833349627, 36.329592610663262 ], [ 126.968405657945922, 36.328538320113083 ], [ 126.966178628503783, 36.33011117806555 ], [ 126.973886825963731, 36.333732264357394 ], [ 126.970101606287344, 36.332147096771784 ], [ 126.971002316732182, 36.33306472357188 ], [ 126.969926487439906, 36.33281032396215 ], [ 126.969479097923269, 36.331900015106982 ], [ 126.958590000431855, 36.327076305182999 ], [ 126.959538983024004, 36.326881073172729 ], [ 126.959787879315087, 36.325831277236517 ], [ 126.952206280333414, 36.323313279613643 ], [ 126.95209320247551, 36.322471527572077 ] ] ] } },
{ "type": "Feature", "properties": { "wid": "20-347031-5-302", "name": "광양서천하구습지", "area_ha": 162.2242688838077, "bbox5186": "253791.4,258696.4,255528.7,263042.6" }, "geometry": { "type": "Polygon", "coordinates": [ [ [ 127.598994787652103, 34.926853380958626 ], [ 127.599518902058875, 34.955112511727172 ], [ 127.598551940490225, 34.957488792866656 ], [ 127.588964781355756, 34.960912204137742 ], [ 127.589125074994783, 34.962044452194803 ], [ 127.601286986342345, 34.958254970803452 ], [ 127.601729603267913, 34.955599137662638 ], [ 127.601009623410008, 34.953105898982713 ], [ 127.604975991182954, 34.946096056624341 ], [ 127.604271155611073, 34.935670657626119 ], [ 127.604737735623445, 34.928254517206526 ], [ 127.607704917257266, 34.922777368630051 ], [ 127.598994787652103, 34.926853380958626 ] ] ] } },
{ "type": "Feature", "properties": { "wid": "13-367063-2-082", "name": "예양습지", "area_ha": 159.52143871548529, "bbox5186": "225964.6,437869.9,227552.3,443069.9" }, "geometry": { "type": "Polygon", "coordinates": [ [ [ 127.297496718147784, 36.538769960748525 ], [ 127.295675321441323, 36.544341785697092 ], [ 127.29550753780029, 36.547500724691169 ], [ 127.292883638553263, 36.54858046487751 ], [ 127.290003477623117, 36.551341410417592 ], [ 127.294664160172346, 36.548344483489799 ], [ 127.294509347964379, 36.549636210132817 ], [ 127.297868045575967, 36.556965904691729 ], [ 127.296122841711892, 36.560066589021297 ], [ 127.296635561355501, 36.560358186860427 ], [ 127.298285393246132, 36.558021905625317 ], [ 127.300066215554438, 36.559834147097483 ], [ 127.300731830950681, 36.563256822373255 ], [ 127.301463281084878, 36.563482063715014 ], [ 127.301317395327359, 36.565036907461895 ], [ 127.303369270869325, 36.569255368017203 ], [ 127.300582783138438, 36.578990269389763 ], [ 127.300801855097504, 36.581314664498692 ], [ 127.299593435643459, 36.585505314837441 ], [ 127.30034255230126, 36.585622380378808 ], [ 127.301385539172543, 36.582574789328845 ], [ 127.306944700692227, 36.583771739026211 ], [ 127.307857377793042, 36.581745420559692 ], [ 127.304452174666963, 36.580162748892491 ], [ 127.303409563784456, 36.577556599178855 ], [ 127.306919725109751, 36.571251325697752 ], [ 127.305977172041764, 36.570211125135614 ], [ 127.306587386217927, 36.568856039184439 ], [ 127.30545113720747, 36.567982142464139 ], [ 127.30675418999428, 36.56753092816836 ], [ 127.299262234544202, 36.553246086131544 ], [ 127.298298107536723, 36.547089161452988 ], [ 127.299657084863654, 36.538925857643754 ], [ 127.297496718147784, 36.538769960748525 ] ] ] } },
{ "type": "Feature", "properties": { "wid": "13-367062-2-084", "name": "남촌습지", "area_ha": 159.21668481442416, "bbox5186": "234930.2,452267.3,238951.8,454079.4" }, "geometry": { "type": "Polygon", "coordinates": [ [ [ 127.390737317345895, 36.669527053154468 ], [ 127.396130928963089, 36.676002748269582 ], [ 127.40549138330951, 36.68179521241354 ], [ 127.434688781606326, 36.684418106791185 ], [ 127.435786615789397, 36.680696060190492 ], [ 127.428057943809534, 36.679457113189933 ], [ 127.409718355442138, 36.678872815527647 ], [ 127.405814363882982, 36.678107611881344 ], [ 127.398459221577724, 36.67453335522265 ], [ 127.393399750158423, 36.66823238065183 ], [ 127.390737317345895, 36.669527053154468 ] ] ] } },
{ "type": "Feature", "properties": { "wid": "13-368073-2-013", "name": "병산리습지", "area_ha": 157.724001177894, "bbox5186": "335331.9,438086.1,339683.3,439972.3" }, "geometry": { "type": "Polygon", "coordinates": [ [ [ 128.517395169970797, 36.533265185713191 ], [ 128.513092449686951, 36.535923928940591 ], [ 128.511268051935161, 36.539543199029062 ], [ 128.512056088493409, 36.541763331348278 ], [ 128.517252528386081, 36.542707403530322 ], [ 128.517596596079244, 36.54122889176778 ], [ 128.515182184115787, 36.53950253294456 ], [ 128.51555205915227, 36.537685800641725 ], [ 128.523550524609647, 36.534224715731916 ], [ 128.526965694641433, 36.534035057728801 ], [ 128.536627867395794, 36.536605994236119 ], [ 128.545930761201447, 36.537532766656547 ], [ 128.5526341053436, 36.53933878117067 ], [ 128.556620334533363, 36.541225874034566 ], [ 128.557629728753199, 36.543170681730516 ], [ 128.557560275092357, 36.544773662911027 ], [ 128.55558013895245, 36.547938787120302 ], [ 128.559987491859857, 36.54602683026345 ], [ 128.559797178285095, 36.542113341444562 ], [ 128.558926494906757, 36.540349652648409 ], [ 128.547954904361063, 36.534383444020023 ], [ 128.53766833267855, 36.534453469963424 ], [ 128.533989885372989, 36.533862901413457 ], [ 128.530065450292511, 36.531665183151617 ], [ 128.525885248148228, 36.531326788760481 ], [ 128.517395169970797, 36.533265185713191 ] ] ] } },
{ "type": "Feature", "properties": { "wid": "20-347014-5-301", "name": "득량만방조제하구습지", "area_ha": 157.17569848728382, "bbox5186": "220805.3,240241.0,222566.7,242383.8" }, "geometry": { "type": "Polygon", "coordinates": [ [ [ 127.229224549631866, 34.757722964699035 ], [ 127.227244010110439, 34.759191479149656 ], [ 127.228544549844258, 34.76066195989371 ], [ 127.228244474210243, 34.761563037749724 ], [ 127.23030682893075, 34.763189816407255 ], [ 127.234387624611699, 34.763960852858617 ], [ 127.238347131254415, 34.769250784835833 ], [ 127.238198225216138, 34.772552958502978 ], [ 127.235245497826014, 34.774117245241705 ], [ 127.238657600245332, 34.773506656764518 ], [ 127.240290227831323, 34.775200808359813 ], [ 127.242958342411029, 34.774948525554628 ], [ 127.246020020041144, 34.777005713309123 ], [ 127.246534122561926, 34.77648636043071 ], [ 127.244117767344335, 34.774692908900469 ], [ 127.244040735711323, 34.771904989010068 ], [ 127.245285363102838, 34.769447935834215 ], [ 127.245325812351439, 34.764289956632005 ], [ 127.243568569389353, 34.760665285535495 ], [ 127.230632985964377, 34.758711863793458 ], [ 127.229224549631866, 34.757722964699035 ] ] ] } },
{ "type": "Feature", "properties": { "wid": "14-379141-2-057", "name": "가곡천습지", "area_ha": 156.39574534552395, "bbox5186": "402051.5,506379.0,406730.1,509397.1" }, "geometry": { "type": "Polygon", "coordinates": [ [ [ 129.281542851009874, 37.135937729275994 ], [ 129.277481058502559, 37.134594309664429 ], [ 129.27571477543438, 37.134753469507679 ], [ 129.273871395776126, 37.137148234488336 ], [ 129.279247518249207, 37.136878270822919 ], [ 129.297309150811458, 37.145008348256788 ], [ 129.302748188687104, 37.145054094072627 ], [ 129.308663362590806, 37.142846267847752 ], [ 129.309015508017438, 37.141918725141039 ], [ 129.311340323535632, 37.142102209355393 ], [ 129.312001984312957, 37.144208121598901 ], [ 129.30938088786354, 37.1490842531082 ], [ 129.311396923754188, 37.154161813950083 ], [ 129.314133827849531, 37.153083200684137 ], [ 129.317816963929914, 37.149897825002519 ], [ 129.321299662535807, 37.1490368755669 ], [ 129.323720742809371, 37.14971009434619 ], [ 129.325148623229495, 37.150656803537949 ], [ 129.325599439429539, 37.152661368683695 ], [ 129.323187312004194, 37.155004984484272 ], [ 129.320377795551934, 37.155731191688211 ], [ 129.319762575065653, 37.158874620656647 ], [ 129.323240447698367, 37.160894641929133 ], [ 129.324541910495952, 37.15976555927994 ], [ 129.322697794678163, 37.159015288125346 ], [ 129.322380808783691, 37.157631482069 ], [ 129.326981425026901, 37.15232883839662 ], [ 129.326579320489202, 37.149858480138015 ], [ 129.32568050726087, 37.149136526101415 ], [ 129.32127347311885, 37.147628446998333 ], [ 129.319361701302711, 37.147710034859465 ], [ 129.3143311595623, 37.149220066620536 ], [ 129.313316784087419, 37.152198300682137 ], [ 129.311411121350972, 37.151560756878645 ], [ 129.311358129075018, 37.148157443097794 ], [ 129.313072439417255, 37.144844853379929 ], [ 129.313401598638166, 37.141502541709848 ], [ 129.311025414725179, 37.14066607505567 ], [ 129.306343921900464, 37.140950990128019 ], [ 129.302428800384803, 37.142574824366861 ], [ 129.298445750929488, 37.142220654080703 ], [ 129.291449147144732, 37.138173477269994 ], [ 129.292373619728721, 37.139611389617315 ], [ 129.288874056835454, 37.13815568981385 ], [ 129.283322466152441, 37.137456538543894 ], [ 129.281542851009874, 37.135937729275994 ] ] ] } },
{ "type": "Feature", "properties": { "wid": "15-368083-2-034", "name": "포진습지", "area_ha": 156.22597370761216, "bbox5186": "359390.5,438784.0,363827.8,440244.7" }, "geometry": { "type": "Polygon", "coordinates": [ [ [ 128.796092613311686, 36.534713280017961 ], [ 128.784583676850644, 36.538509122426618 ], [ 128.780165280444379, 36.542400027184279 ], [ 128.780011292830778, 36.543962900209614 ], [ 128.781783264756967, 36.54604752759731 ], [ 128.78187842888093, 36.54722554477101 ], [ 128.783382027381407, 36.547199456278619 ], [ 128.78304245119898, 36.544084292085188 ], [ 128.784546869087364, 36.542348034878465 ], [ 128.794642886997593, 36.537976991453242 ], [ 128.799496263570092, 36.537962400690702 ], [ 128.801207251498994, 36.537017520781887 ], [ 128.805149527126304, 36.536621814537206 ], [ 128.817726672427341, 36.539547345330909 ], [ 128.827198419693019, 36.539726918585799 ], [ 128.828246051091867, 36.539454067304021 ], [ 128.829412409403147, 36.537680992855748 ], [ 128.827381198698475, 36.535822709314466 ], [ 128.818337499634509, 36.536927777737837 ], [ 128.805240439344317, 36.533712841451127 ], [ 128.796092613311686, 36.534713280017961 ] ] ] } },
{ "type": "Feature", "properties": { "wid": "13-367063-2-083", "name": "오송습지", "area_ha": 156.07707281607765, "bbox5186": "227581.1,442511.5,231541.9,447367.1" }, "geometry": { "type": "Polygon", "coordinates": [ [ [ 127.308187457214885, 36.583828908948327 ], [ 127.318002742444818, 36.583330929935755 ], [ 127.321815267512576, 36.584147945925508 ], [ 127.333431634035634, 36.595839852503588 ], [ 127.342060165644526, 36.598345799353012 ], [ 127.341589660912078, 36.601641711040806 ], [ 127.342867064998302, 36.602891526008968 ], [ 127.34294021167517, 36.605276627349809 ], [ 127.344281523917658, 36.605546705832403 ], [ 127.34310789018302, 36.607048682175765 ], [ 127.344706933821342, 36.609719543772748 ], [ 127.34614843262294, 36.610128987211127 ], [ 127.34676284488161, 36.611797007203322 ], [ 127.345789601783849, 36.61237566151074 ], [ 127.348450348519663, 36.615445291044836 ], [ 127.348308607130832, 36.618725839403304 ], [ 127.34902924287519, 36.618885033988256 ], [ 127.349702793419496, 36.624211470374966 ], [ 127.352628007368182, 36.624101922045377 ], [ 127.352415258534037, 36.621081046639354 ], [ 127.349900425833425, 36.612777283605446 ], [ 127.345440130180279, 36.604945898905534 ], [ 127.345663720190316, 36.598945473363052 ], [ 127.343807868927897, 36.596787207320041 ], [ 127.341921203077632, 36.595726587289718 ], [ 127.339649896514146, 36.595881769506427 ], [ 127.335870050339906, 36.594787684313864 ], [ 127.330714763104595, 36.590580260084359 ], [ 127.325619994444622, 36.584685507215184 ], [ 127.320554701333876, 36.581678609916203 ], [ 127.322628205391879, 36.58053217042275 ], [ 127.319895355781441, 36.581652445756191 ], [ 127.308897198452399, 36.581916650999574 ], [ 127.308187457214885, 36.583828908948327 ] ] ] } },
{ "type": "Feature", "properties": { "wid": "15-377131-2-073", "name": "황구지천습지", "area_ha": 153.9321683099308, "bbox5186": "199396.7,502559.2,200613.7,508977.2" }, "geometry": { "type": "Polygon", "coordinates": [ [ [ 126.996662516789058, 37.147535437670939 ], [ 126.994372192838966, 37.158320127513157 ], [ 126.995626049560158, 37.162998473192836 ], [ 126.994869195704041, 37.167120779801785 ], [ 126.996135820801797, 37.167742557131994 ], [ 126.995035629924331, 37.170201499782436 ], [ 126.993207015984837, 37.170763668281253 ], [ 126.993798817184341, 37.176388092032596 ], [ 126.996500060609833, 37.179891505480292 ], [ 126.998385192251689, 37.178521942409837 ], [ 126.996179323152006, 37.175861976245507 ], [ 126.996298941793626, 37.170579088623434 ], [ 126.99854422841554, 37.165074581253982 ], [ 126.997048186331412, 37.158351761413968 ], [ 126.997373633545692, 37.15561255126093 ], [ 126.999576773261765, 37.145937003370243 ], [ 127.00690650672324, 37.131427914212061 ], [ 127.006708269406715, 37.12951316772056 ], [ 127.003741644240336, 37.125919859427327 ], [ 127.00230788656863, 37.122061542023339 ], [ 126.998729579923136, 37.122868009736806 ], [ 127.00323992064628, 37.129746688475173 ], [ 127.003353754346492, 37.133644681009713 ], [ 127.000328642168867, 37.138097774957053 ], [ 126.996662516789058, 37.147535437670939 ] ] ] } },
{ "type": "Feature", "properties": { "wid": "13-377063-2-026", "name": "조안리습지", "area_ha": 153.63964504004571, "bbox5186": "226684.9,548676.0,228185.1,550336.5" }, "geometry": { "type": "Polygon", "coordinates": [ [ [ 127.302987850103307, 37.543270069350285 ], [ 127.307583114098406, 37.549894021962899 ], [ 127.310817633165811, 37.552140742156368 ], [ 127.313542233619003, 37.55202541918942 ], [ 127.31895576662086, 37.549804383675131 ], [ 127.315856065284905, 37.545751029401437 ], [ 127.311998978699677, 37.537176590856511 ], [ 127.304181005752753, 37.537267265068998 ], [ 127.301936364261636, 37.539272337901522 ], [ 127.302987850103307, 37.543270069350285 ] ] ] } },
{ "type": "Feature", "properties": { "wid": "15-369053-2-030", "name": "반변천2습지", "area_ha": 149.45369146562678, "bbox5186": "383396.3,439819.0,387167.5,444957.5" }, "geometry": { "type": "Polygon", "coordinates": [ [ [ 129.068157485022766, 36.542626844229524 ], [ 129.062981491927189, 36.547475512083416 ], [ 129.062681057610973, 36.550708020363956 ], [ 129.060950117265833, 36.553228269915479 ], [ 129.058442927715561, 36.554991566518815 ], [ 129.056446276025497, 36.555290921398033 ], [ 129.053597655400552, 36.553612857954946 ], [ 129.05197404260457, 36.551591089776529 ], [ 129.050137054969298, 36.544575221074282 ], [ 129.049917244623231, 36.53946592491377 ], [ 129.047939555678511, 36.539116098513219 ], [ 129.050688263367988, 36.551532130177677 ], [ 129.053741284961205, 36.554946537087829 ], [ 129.057331036959937, 36.556227987913196 ], [ 129.059109836543882, 36.556008965090243 ], [ 129.062014500496304, 36.554157690478576 ], [ 129.065402116012137, 36.550150044944296 ], [ 129.065231659457623, 36.547479793221605 ], [ 129.065998388572325, 36.545744734572501 ], [ 129.067829983132498, 36.54445791035068 ], [ 129.072121849097982, 36.544318509030568 ], [ 129.074973675032055, 36.546240239863941 ], [ 129.078015638703192, 36.546166524335888 ], [ 129.080665669711465, 36.547217685609759 ], [ 129.081238132598401, 36.550492651840479 ], [ 129.075625076443316, 36.558360554131596 ], [ 129.082555856193096, 36.564803249220425 ], [ 129.083161522303214, 36.572173439677499 ], [ 129.087984179925769, 36.576880404486921 ], [ 129.08921374175614, 36.582380004045767 ], [ 129.088367551626362, 36.583480508120942 ], [ 129.086339553081302, 36.583841286570511 ], [ 129.077538157378712, 36.581287652867104 ], [ 129.074955777180236, 36.582597617240545 ], [ 129.085083111664005, 36.584768756614565 ], [ 129.090593127128471, 36.58435686509231 ], [ 129.091209627658998, 36.582280121358352 ], [ 129.089405879068522, 36.576702318729886 ], [ 129.084623836374021, 36.571099134849831 ], [ 129.083853869329346, 36.564020137303899 ], [ 129.080461871635521, 36.561313407790777 ], [ 129.078606116753804, 36.558621238833339 ], [ 129.078730800723889, 36.55714777076912 ], [ 129.082625306809831, 36.550751328406228 ], [ 129.081788584009871, 36.546161054647705 ], [ 129.074131373925752, 36.543552865833647 ], [ 129.068157485022766, 36.542626844229524 ] ] ] } },
{ "type": "Feature", "properties": { "wid": "13-358063-2-017", "name": "적포습지", "area_ha": 149.15446521288402, "bbox5186": "322239.5,329018.6,323513.2,332349.3" }, "geometry": { "type": "Polygon", "coordinates": [ [ [ 128.34811271531288, 35.551177894537091 ], [ 128.34975786041727, 35.557612215302584 ], [ 128.350946532686919, 35.560227753928025 ], [ 128.352364955851527, 35.560889565364107 ], [ 128.35151540950497, 35.561593932120324 ], [ 128.354526675249957, 35.568164250893254 ], [ 128.356130917470409, 35.569500740349902 ], [ 128.355605867963817, 35.571333411507688 ], [ 128.352869471090401, 35.572727696652159 ], [ 128.348865128580968, 35.572321968369828 ], [ 128.350060314350543, 35.574524677794116 ], [ 128.354125562753126, 35.576706877574424 ], [ 128.355896797855195, 35.5769456127571 ], [ 128.358328599170903, 35.57573403377819 ], [ 128.359660149074614, 35.576261550933452 ], [ 128.359125798387709, 35.580152713687006 ], [ 128.361815197769232, 35.580470222906442 ], [ 128.362602168078496, 35.577368361360485 ], [ 128.361670314104686, 35.574518438249029 ], [ 128.361591424141409, 35.570508922655549 ], [ 128.359786775113179, 35.567632788091572 ], [ 128.359002484489025, 35.567694805008998 ], [ 128.355951208922789, 35.562043391833448 ], [ 128.354661108305351, 35.56121075240187 ], [ 128.354361241098786, 35.558924127798242 ], [ 128.352038407681277, 35.554449517655321 ], [ 128.351439523356419, 35.550570176043458 ], [ 128.34811271531288, 35.551177894537091 ] ] ] } },
{ "type": "Feature", "properties": { "wid": "13-377063-2-061", "name": "소내섬습지", "area_ha": 148.6500466510347, "bbox5186": "225641.0,543996.7,227341.0,545531.1" }, "geometry": { "type": "Polygon", "coordinates": [ [ [ 127.305773534007159, 37.508857348778875 ], [ 127.309227191314804, 37.507092306183864 ], [ 127.307769027148609, 37.504538170172083 ], [ 127.304938134662777, 37.502289402219624 ], [ 127.300762275382965, 37.497095014051297 ], [ 127.296311117650887, 37.495056479368891 ], [ 127.290386367673563, 37.496414587824972 ], [ 127.289978839962927, 37.501568426512215 ], [ 127.291124881933271, 37.504590273494856 ], [ 127.293920285572383, 37.505659147792294 ], [ 127.301081235160382, 37.506404261504407 ], [ 127.305773534007159, 37.508857348778875 ] ] ] } },
{ "type": "Feature", "properties": { "wid": "13-368063-2-024", "name": "회룡포습지", "area_ha": 145.75575039360231, "bbox5186": "317788.7,442337.5,321682.1,443919.5" }, "geometry": { "type": "Polygon", "coordinates": [ [ [ 128.330536238164086, 36.57309507627776 ], [ 128.320043681687253, 36.572091700749212 ], [ 128.317475500863736, 36.573150046174256 ], [ 128.315974509883944, 36.575085922458015 ], [ 128.31744038507162, 36.577658523439361 ], [ 128.321003911119334, 36.579603251401792 ], [ 128.325718802208939, 36.578957992912841 ], [ 128.326817077136781, 36.576936372690362 ], [ 128.32341407166416, 36.577721198426687 ], [ 128.319812777794596, 36.577297076455196 ], [ 128.318921240326119, 36.576508591249151 ], [ 128.318863240154542, 36.574937754784287 ], [ 128.320410987156208, 36.573980795651515 ], [ 128.330721251257387, 36.576454924913641 ], [ 128.352973204339349, 36.585977444691714 ], [ 128.359633595445104, 36.584385143149341 ], [ 128.330536238164086, 36.57309507627776 ] ] ] } },
{ "type": "Feature", "properties": { "wid": "13-368061-3-022", "name": "경천호", "area_ha": 142.92029270083839, "bbox5186": "315974.2,455891.2,317662.4,459153.7" }, "geometry": { "type": "Polygon", "coordinates": [ [ [ 128.312300666176498, 36.70522448825362 ], [ 128.312800700862596, 36.704424240325139 ], [ 128.315623977561643, 36.70684845410198 ], [ 128.315612579211461, 36.704801374853723 ], [ 128.313966719506936, 36.702582224653611 ], [ 128.316027752190251, 36.701848520494778 ], [ 128.315245927546698, 36.701344458824948 ], [ 128.315861439317985, 36.700297833916281 ], [ 128.314193617653274, 36.696783202959026 ], [ 128.315458841726723, 36.695978097811199 ], [ 128.312214639604235, 36.694306393200748 ], [ 128.311320819757015, 36.696227391797848 ], [ 128.312156992988719, 36.701052365055212 ], [ 128.308770182941316, 36.703979348859527 ], [ 128.30816244021446, 36.705755710377453 ], [ 128.3099152572901, 36.70782058359076 ], [ 128.303494721750468, 36.710917727005999 ], [ 128.300930960048902, 36.713783211684891 ], [ 128.300261075350875, 36.716469379844312 ], [ 128.298087946648963, 36.717291439277034 ], [ 128.300450317877932, 36.717404413200342 ], [ 128.302867500454482, 36.721292173193433 ], [ 128.305506751732509, 36.721554292778734 ], [ 128.307904597085269, 36.723750873072703 ], [ 128.303751654934217, 36.718704564342232 ], [ 128.306723064373415, 36.714397357829128 ], [ 128.309745784427747, 36.714516411981947 ], [ 128.307624565329121, 36.713703553650113 ], [ 128.307814896650996, 36.711066767361771 ], [ 128.309739000811959, 36.709963438898647 ], [ 128.310992929596637, 36.712430247963752 ], [ 128.31314679622588, 36.713254399957719 ], [ 128.315270315350887, 36.712820971421436 ], [ 128.316876076492008, 36.71103624194587 ], [ 128.315670894354326, 36.708550034779151 ], [ 128.312300666176498, 36.70522448825362 ] ], [ [ 128.313475025999338, 36.708933808825591 ], [ 128.31353829205554, 36.709954910816982 ], [ 128.312552510641495, 36.710096438999443 ], [ 128.312061380287076, 36.708658358184984 ], [ 128.313475025999338, 36.708933808825591 ] ] ] } },
{ "type": "Feature", "properties": { "wid": "13-358121-9-013", "name": "밀주습지", "area_ha": 142.79032114605965, "bbox5186": "359851.3,319062.1,362099.3,320995.3" }, "geometry": { "type": "Polygon", "coordinates": [ [ [ 128.780391274959726, 35.45866860570338 ], [ 128.773464403112968, 35.465194158160017 ], [ 128.773534774861702, 35.466191622134879 ], [ 128.772041932687756, 35.467033621022622 ], [ 128.761119269713561, 35.470838779729547 ], [ 128.762991852490984, 35.472950816967227 ], [ 128.770674718115117, 35.46988877832267 ], [ 128.77840312905775, 35.470022037704538 ], [ 128.780390440778945, 35.469424091983505 ], [ 128.783897125152748, 35.466846319743652 ], [ 128.785720155702762, 35.463457089592517 ], [ 128.784764116982387, 35.456630447192481 ], [ 128.783928830864284, 35.456561692272324 ], [ 128.783311299932393, 35.45523077734773 ], [ 128.781000089548769, 35.455608254721433 ], [ 128.780391274959726, 35.45866860570338 ] ] ] } },
{ "type": "Feature", "properties": { "wid": "14-388134-2-048", "name": "인제38대교습지", "area_ha": 140.4640817684672, "bbox5186": "298077.9,601769.0,299925.0,604306.4" }, "geometry": { "type": "Polygon", "coordinates": [ [ [ 128.125412090873567, 38.010551799196406 ], [ 128.116833780918569, 38.013417329462278 ], [ 128.122237178972597, 38.016426187146912 ], [ 128.121920922344287, 38.017492249361894 ], [ 128.122652630888069, 38.017906878972077 ], [ 128.123809008786225, 38.02316149924787 ], [ 128.123327414799178, 38.030702890492122 ], [ 128.123840548791122, 38.033425858152633 ], [ 128.127848357889206, 38.032588393529721 ], [ 128.127512439609802, 38.029547534617961 ], [ 128.12853456865696, 38.028763869132902 ], [ 128.128191063406263, 38.025525789767748 ], [ 128.13021463824839, 38.020619962977619 ], [ 128.129771229526057, 38.017626083142147 ], [ 128.133873661936377, 38.017446954305584 ], [ 128.137895442700881, 38.015293725977976 ], [ 128.128817167494759, 38.015783929632178 ], [ 128.125412090873567, 38.010551799196406 ] ] ] } },
{ "type": "Feature", "properties": { "wid": "13-358114-0-028", "name": "동판저수지", "area_ha": 139.33296615557546, "bbox5186": "352321.0,300991.3,354344.4,302634.0" }, "geometry": { "type": "Polygon", "coordinates": [ [ [ 128.679766155339649, 35.294650280504271 ], [ 128.677633818048633, 35.294551911487936 ], [ 128.678795315331797, 35.297619730873556 ], [ 128.68048879236332, 35.299296788191327 ], [ 128.679817929988815, 35.300080248791282 ], [ 128.678232468189179, 35.299055961176293 ], [ 128.677306449353352, 35.299408566442871 ], [ 128.678765264828797, 35.300262493748015 ], [ 128.678186738366918, 35.300727437841374 ], [ 128.67782394524923, 35.299821350152193 ], [ 128.677094433771458, 35.300587585630488 ], [ 128.677834063525154, 35.301748896198234 ], [ 128.675710211739158, 35.302177585617571 ], [ 128.674697791810217, 35.303354172963445 ], [ 128.677950786562349, 35.304632947104992 ], [ 128.679981324919282, 35.303304305902351 ], [ 128.681263842596536, 35.303602802799425 ], [ 128.681707443192579, 35.302780138799427 ], [ 128.683355637299172, 35.303112278697668 ], [ 128.683942523549803, 35.302096555658537 ], [ 128.688711785993064, 35.302590588881046 ], [ 128.689623096700871, 35.30354034630664 ], [ 128.689282212999899, 35.306285679611413 ], [ 128.690406047976893, 35.306509692701162 ], [ 128.690598529305845, 35.307729037142863 ], [ 128.693028508603561, 35.308481785837635 ], [ 128.693841434889038, 35.307976538389966 ], [ 128.69302133631362, 35.304708536575546 ], [ 128.693763471938581, 35.301652965754499 ], [ 128.696811824188416, 35.29712221598723 ], [ 128.695581542606476, 35.297375590593944 ], [ 128.695877174761051, 35.296687428557753 ], [ 128.694964429901376, 35.296406433100124 ], [ 128.696626651733936, 35.296519203409368 ], [ 128.696707308334595, 35.29590705338596 ], [ 128.694218313715879, 35.296314151990984 ], [ 128.694783187521352, 35.294884130877755 ], [ 128.692810288136229, 35.293680716995013 ], [ 128.690596812671401, 35.296603660444802 ], [ 128.690686500318236, 35.295472291799499 ], [ 128.689648594981122, 35.296254628705121 ], [ 128.689947414242823, 35.295188829706859 ], [ 128.689194567223637, 35.296411474027735 ], [ 128.689706494605417, 35.296818876992738 ], [ 128.689481516757866, 35.297365449035169 ], [ 128.688749920576186, 35.297231475754771 ], [ 128.689100576251064, 35.296543462203793 ], [ 128.688276395678599, 35.297878847160973 ], [ 128.687753677418357, 35.29700476300124 ], [ 128.686757336001733, 35.298256024852883 ], [ 128.686174735150274, 35.29746207539548 ], [ 128.684409176024928, 35.297932781700929 ], [ 128.681566919046986, 35.294554957229153 ], [ 128.680551561674179, 35.294570875456102 ], [ 128.680197375646344, 35.295942031170647 ], [ 128.679766155339649, 35.294650280504271 ] ] ] } },
{ "type": "Feature", "properties": { "wid": "15-368021-2-006", "name": "시루섬습지", "area_ha": 139.3273850130067, "bbox5186": "318695.3,485381.5,320082.4,487912.6" }, "geometry": { "type": "Polygon", "coordinates": [ [ [ 128.337949362073232, 36.95973902157629 ], [ 128.33545208839962, 36.961204264736324 ], [ 128.33522462008483, 36.969137595266751 ], [ 128.336276978449661, 36.972488354982438 ], [ 128.338730176307308, 36.975025912312503 ], [ 128.333015589979254, 36.975302861882845 ], [ 128.334884098935333, 36.977157783778352 ], [ 128.338125727978138, 36.975779671058312 ], [ 128.339250463061205, 36.976134602122102 ], [ 128.34014132511615, 36.979097904166515 ], [ 128.343178743819863, 36.98162786542575 ], [ 128.343157889653781, 36.982485868715621 ], [ 128.348697221278428, 36.981223805989593 ], [ 128.348234834167954, 36.978378244620146 ], [ 128.344469982833289, 36.979057064004017 ], [ 128.342610832458462, 36.97743104848729 ], [ 128.343333846489287, 36.976396610435486 ], [ 128.342341775096372, 36.975284264853428 ], [ 128.34260237056418, 36.972091716344046 ], [ 128.344478872709658, 36.96647696003658 ], [ 128.344177637818518, 36.964927015571327 ], [ 128.337949362073232, 36.95973902157629 ] ] ] } },
{ "type": "Feature", "properties": { "wid": "13-377111-2-064", "name": "흑천하류습지", "area_ha": 137.87962507681382, "bbox5186": "243718.7,538477.4,245593.0,540442.8" }, "geometry": { "type": "Polygon", "coordinates": [ [ [ 127.499013188250132, 37.445092064689504 ], [ 127.494113517668083, 37.454753403258167 ], [ 127.494913556718998, 37.457475592638623 ], [ 127.494411445948415, 37.461896215398674 ], [ 127.49897755101226, 37.462353653860482 ], [ 127.504166638214215, 37.453232395551581 ], [ 127.508386470701467, 37.45452978378615 ], [ 127.511347845596731, 37.458550799322794 ], [ 127.514673542674217, 37.460763640880415 ], [ 127.515334369545144, 37.460212050375802 ], [ 127.511801621126153, 37.457801002399393 ], [ 127.50949205266177, 37.453899725996877 ], [ 127.505637403277476, 37.451277239959779 ], [ 127.50486090158752, 37.448405453971581 ], [ 127.506130468112943, 37.444614901689903 ], [ 127.499013188250132, 37.445092064689504 ] ] ] } },
{ "type": "Feature", "properties": { "wid": "15-377032-2-301", "name": "중도1습지", "area_ha": 137.76496221762031, "bbox5186": "259959.3,586266.0,262085.3,588448.8" }, "geometry": { "type": "Polygon", "coordinates": [ [ [ 127.68564765691707, 37.875682061651283 ], [ 127.68424585169997, 37.875026230009212 ], [ 127.682877103029838, 37.875732400107815 ], [ 127.682627343723723, 37.874286049577165 ], [ 127.681493777588898, 37.874735875798933 ], [ 127.683179217316535, 37.877062225627526 ], [ 127.69225726363365, 37.881908461414156 ], [ 127.697935049612553, 37.89166534599417 ], [ 127.701237456807263, 37.893331357754377 ], [ 127.705453040064413, 37.893816995361178 ], [ 127.705788843550053, 37.888503103541737 ], [ 127.703048462501386, 37.884960828584965 ], [ 127.698360754600188, 37.882212963898624 ], [ 127.697955663165729, 37.880240525315635 ], [ 127.688285502764913, 37.875172958382535 ], [ 127.68770774519281, 37.875499769503115 ], [ 127.688342283747318, 37.876755564579419 ], [ 127.686988208285968, 37.876593197744945 ], [ 127.68836161751301, 37.878833000937306 ], [ 127.687979453605763, 37.879294710177419 ], [ 127.68564765691707, 37.875682061651283 ] ] ] } },
{ "type": "Feature", "properties": { "wid": "13-358102-0-018", "name": "월평습지(창녕)", "area_ha": 137.60965739569275, "bbox5186": "324772.9,318069.9,327330.7,319777.3" }, "geometry": { "type": "Polygon", "coordinates": [ [ [ 128.374370402453678, 35.45263364309475 ], [ 128.375749246053488, 35.456830283416636 ], [ 128.376993328771306, 35.456795367885263 ], [ 128.380543487828817, 35.459120537859725 ], [ 128.379487303053565, 35.460291594755965 ], [ 128.380749771392203, 35.4608782774079 ], [ 128.380478900068823, 35.462044861864442 ], [ 128.384834647077128, 35.463727119320623 ], [ 128.385763260298802, 35.462506111522082 ], [ 128.401019140782608, 35.466719841423874 ], [ 128.402748381882134, 35.464482740022746 ], [ 128.383770212006738, 35.456120345938174 ], [ 128.379954049224779, 35.453695570770499 ], [ 128.378297982230578, 35.4515938994032 ], [ 128.374370402453678, 35.45263364309475 ] ] ] } },
{ "type": "Feature", "properties": { "wid": "15-357054-3-007", "name": "옥정호 선거습지", "area_ha": 137.37062530139909, "bbox5186": "215918.2,334169.5,218829.3,336005.7" }, "geometry": { "type": "Polygon", "coordinates": [ [ [ 127.181815327283303, 35.608941275342119 ], [ 127.181543593274228, 35.610792936597385 ], [ 127.175689103849948, 35.611072002142826 ], [ 127.17761469873065, 35.611408965783035 ], [ 127.17932939746791, 35.613182869832002 ], [ 127.17878586148835, 35.616429223656908 ], [ 127.179608423289181, 35.620984920677088 ], [ 127.181522822223343, 35.620651278425051 ], [ 127.181398525157448, 35.615467247280762 ], [ 127.191702917696773, 35.613029526874278 ], [ 127.192869692248408, 35.611707274534993 ], [ 127.192153281842224, 35.610740433074199 ], [ 127.19287010618234, 35.608660911350547 ], [ 127.193994918131935, 35.607820003863765 ], [ 127.197409142012077, 35.60807403072323 ], [ 127.201297677456125, 35.611739455453872 ], [ 127.201993249330215, 35.613150613160805 ], [ 127.201406396801232, 35.617685082979769 ], [ 127.202221096074609, 35.618603033490366 ], [ 127.203263809885868, 35.618889691458286 ], [ 127.204687865431325, 35.614615168399574 ], [ 127.207822825428408, 35.612605333270828 ], [ 127.205594224332188, 35.611667308221023 ], [ 127.205153662426568, 35.609866379646313 ], [ 127.202711681291746, 35.607863338074552 ], [ 127.194132370203491, 35.604412901484757 ], [ 127.190611391157816, 35.605609128334805 ], [ 127.189798485193094, 35.610011415847602 ], [ 127.187325895387374, 35.612233361362215 ], [ 127.183907636737047, 35.610762312960681 ], [ 127.182029565325593, 35.608022536245038 ], [ 127.180927359000151, 35.607686211992352 ], [ 127.181815327283303, 35.608941275342119 ] ] ] } },
{ "type": "Feature", "properties": { "wid": "15-387133-2-035", "name": "우정습지", "area_ha": 136.31647999473827, "bbox5186": "201106.7,602747.8,202308.4,606838.1" }, "geometry": { "type": "Polygon", "coordinates": [ [ [ 127.018485733324155, 38.02482360666766 ], [ 127.01858513794528, 38.03059491802216 ], [ 127.0200917860994, 38.033831692074372 ], [ 127.021262155873714, 38.039710915191002 ], [ 127.020070031587494, 38.050114077833619 ], [ 127.015758714431158, 38.054590512578955 ], [ 127.013184524604895, 38.059053990939702 ], [ 127.012610599033636, 38.061122566831621 ], [ 127.01506627228693, 38.061605170884278 ], [ 127.019043772330022, 38.055500857454192 ], [ 127.024132140661067, 38.051575510011006 ], [ 127.025442738397814, 38.049349056081383 ], [ 127.025015974759086, 38.044040012533507 ], [ 127.026295094802705, 38.037064785627791 ], [ 127.025300020145934, 38.035215407151746 ], [ 127.020406506658276, 38.030956787766314 ], [ 127.020494760378369, 38.024753902377896 ], [ 127.018485733324155, 38.02482360666766 ] ] ] } },
{ "type": "Feature", "properties": { "wid": "13-366162-2-075", "name": "용두하중도습지", "area_ha": 135.88034870931682, "bbox5186": "197162.2,393751.2,199373.3,394851.6" }, "geometry": { "type": "Polygon", "coordinates": [ [ [ 126.99303664412399, 36.143805679602657 ], [ 126.982907100765956, 36.141549829200436 ], [ 126.979737137403035, 36.141720565214349 ], [ 126.973192139427923, 36.143794770888476 ], [ 126.971001448623454, 36.145653460738039 ], [ 126.971036279536733, 36.14762712268211 ], [ 126.968466798879817, 36.148773715831652 ], [ 126.97106709403721, 36.151464487474648 ], [ 126.976679070074709, 36.150446442157254 ], [ 126.988808466758343, 36.146522513029637 ], [ 126.992580857288331, 36.146246134135211 ], [ 126.99303664412399, 36.143805679602657 ] ] ] } },
{ "type": "Feature", "properties": { "wid": "20-346081-5-302", "name": "탐진강하구습지", "area_ha": 134.18296206156876, "bbox5186": "178905.5,224473.1,182475.8,227193.6" }, "geometry": { "type": "Polygon", "coordinates": [ [ [ 126.808184255424365, 34.636515104966676 ], [ 126.799229549365492, 34.634970956866802 ], [ 126.790642112066465, 34.638003369970832 ], [ 126.787813371009364, 34.637417957235854 ], [ 126.78426049735333, 34.633459831975166 ], [ 126.783048578256285, 34.630214316277247 ], [ 126.783040280807896, 34.627117867913341 ], [ 126.784770793550749, 34.626319556491595 ], [ 126.779485842673722, 34.619467308287703 ], [ 126.778785475185103, 34.615891839372566 ], [ 126.769994760304584, 34.615585319688414 ], [ 126.77889249997996, 34.624050943944631 ], [ 126.78007634129473, 34.627097235648478 ], [ 126.780246911722728, 34.630648300192092 ], [ 126.782115447132654, 34.634658533845823 ], [ 126.786985159766076, 34.640139748254519 ], [ 126.794201630516994, 34.639914160353719 ], [ 126.796360092836807, 34.637675013116343 ], [ 126.799577987589387, 34.636562563704771 ], [ 126.805581600136705, 34.638094806046205 ], [ 126.808872630742357, 34.637859324586266 ], [ 126.808184255424365, 34.636515104966676 ] ] ] } },
{ "type": "Feature", "properties": { "wid": "13-377101-2-021", "name": "경안천습지", "area_ha": 133.56480887025242, "bbox5186": "226107.9,537830.2,227541.2,540774.1" }, "geometry": { "type": "Polygon", "coordinates": [ [ [ 127.301286950990033, 37.456251956857756 ], [ 127.300409231498207, 37.452131170085096 ], [ 127.302227187769873, 37.446110487277757 ], [ 127.30435441628002, 37.444260658728979 ], [ 127.311221202414146, 37.441946999961011 ], [ 127.310457203855435, 37.439459513843481 ], [ 127.302197708911521, 37.442995766586087 ], [ 127.300513371654361, 37.44510932880123 ], [ 127.296168323057216, 37.455442273565268 ], [ 127.295114188776424, 37.464737918304564 ], [ 127.302398816947814, 37.466005240008201 ], [ 127.303642041890953, 37.465119064100719 ], [ 127.302783567314037, 37.463026422537716 ], [ 127.305159341402785, 37.460198352339589 ], [ 127.304931191276268, 37.458013093371697 ], [ 127.304457230864585, 37.458476533072478 ], [ 127.303877315807483, 37.457058035093404 ], [ 127.304676681136002, 37.454062823161983 ], [ 127.303834105136687, 37.453081990553386 ], [ 127.302293400409368, 37.455825011233792 ], [ 127.301286950990033, 37.456251956857756 ] ] ] } },
{ "type": "Feature", "properties": { "wid": "13-366163-2-051", "name": "신성습지", "area_ha": 133.23827244093104, "bbox5186": "186807.6,384418.0,188475.2,386338.3" }, "geometry": { "type": "Polygon", "coordinates": [ [ [ 126.85357103619792, 36.061028766828699 ], [ 126.857222060415765, 36.062034430390888 ], [ 126.861141279998506, 36.064594903933852 ], [ 126.863512653038327, 36.074635443712793 ], [ 126.865174985125535, 36.07371988130172 ], [ 126.866786396431905, 36.074670669677005 ], [ 126.872059759688383, 36.073864413646255 ], [ 126.868174681325783, 36.064326169419395 ], [ 126.864421614973679, 36.060544955291107 ], [ 126.861520393939159, 36.058549032730916 ], [ 126.856210523196211, 36.057352264329722 ], [ 126.85357103619792, 36.061028766828699 ] ] ] } },
{ "type": "Feature", "properties": { "wid": "14-378044-3-006", "name": "경포호", "area_ha": 132.02482036913091, "bbox5186": "366815.7,577979.8,368308.8,579967.5" }, "geometry": { "type": "Polygon", "coordinates": [ [ [ 128.910992039558749, 37.800436287118146 ], [ 128.910815996340204, 37.79893565092263 ], [ 128.90788807226383, 37.798228220405377 ], [ 128.906447025790783, 37.79344379735317 ], [ 128.903766606348711, 37.790472055584885 ], [ 128.897550792156636, 37.78728790922748 ], [ 128.893682113982123, 37.786388977893488 ], [ 128.895915229795662, 37.791867081861206 ], [ 128.896786254869454, 37.792102589352432 ], [ 128.897585264842434, 37.796755152962596 ], [ 128.899046168647516, 37.798610749839114 ], [ 128.903139326221179, 37.801062511726577 ], [ 128.906191762161995, 37.804093098201797 ], [ 128.908487617231998, 37.803128955661116 ], [ 128.910992039558749, 37.800436287118146 ] ] ] } },
{ "type": "Feature", "properties": { "wid": "13-368092-2-036", "name": "병성천습지", "area_ha": 131.75742430586268, "bbox5186": "305143.3,425320.7,310891.3,427656.0" }, "geometry": { "type": "Polygon", "coordinates": [ [ [ 128.18853185152426, 36.420136924508817 ], [ 128.186938876711878, 36.420597020360702 ], [ 128.188496567655079, 36.421187071894167 ], [ 128.191471834192043, 36.424503245644011 ], [ 128.181140340090622, 36.422687437449255 ], [ 128.172403911575202, 36.422811396038327 ], [ 128.172608694729604, 36.423750147609006 ], [ 128.179938414795828, 36.423795976872597 ], [ 128.187909088378149, 36.425146999244312 ], [ 128.198771581926906, 36.428977175615408 ], [ 128.20151330588476, 36.434022860553945 ], [ 128.202658900521214, 36.438379900623396 ], [ 128.200550037161321, 36.441060300810385 ], [ 128.203386422496749, 36.439633219209369 ], [ 128.206419746028359, 36.440848832741963 ], [ 128.208521239089862, 36.44051128566376 ], [ 128.214364289080066, 36.436160009365317 ], [ 128.230272910473786, 36.437174855500018 ], [ 128.232210542030145, 36.436784515085094 ], [ 128.236671306561306, 36.433971089160714 ], [ 128.236075043282625, 36.433219434669795 ], [ 128.227293405544174, 36.43613320986973 ], [ 128.214590515172716, 36.434718638466919 ], [ 128.208348962690536, 36.43824764445278 ], [ 128.206411845553077, 36.438465481745695 ], [ 128.205140580240311, 36.437461872910312 ], [ 128.204988458187898, 36.434691598176215 ], [ 128.201199838380205, 36.427502880901152 ], [ 128.194398934857787, 36.42494978415403 ], [ 128.18853185152426, 36.420136924508817 ] ] ] } },
{ "type": "Feature", "properties": { "wid": "13-356163-2-010", "name": "산포습지", "area_ha": 131.29628529332473, "bbox5186": "178130.1,272293.1,182876.7,273312.9" }, "geometry": { "type": "Polygon", "coordinates": [ [ [ 126.788912054713578, 35.04794660404594 ], [ 126.77609940599605, 35.051414655387923 ], [ 126.763461438195705, 35.052851798613965 ], [ 126.763345349022742, 35.053956655364082 ], [ 126.760272334233818, 35.054130896261974 ], [ 126.760274042491872, 35.055046694237319 ], [ 126.765212995401072, 35.054789547280834 ], [ 126.766924450625595, 35.055824017882763 ], [ 126.775017059310017, 35.054787394204496 ], [ 126.792846179213143, 35.049985983899901 ], [ 126.802226180792957, 35.04969517039202 ], [ 126.801799779691081, 35.049250097026196 ], [ 126.803243859016959, 35.049028005388429 ], [ 126.811662917165236, 35.049490251559298 ], [ 126.812317544018569, 35.047459567691 ], [ 126.805924905978657, 35.046700467802388 ], [ 126.796692117208906, 35.047881471407024 ], [ 126.791595895652691, 35.04811709679295 ], [ 126.79149095839449, 35.047573387787565 ], [ 126.790684680048983, 35.048266057614555 ], [ 126.788912054713578, 35.04794660404594 ] ] ] } },
{ "type": "Feature", "properties": { "wid": "20-346064-5-302", "name": "삼산천하구습지", "area_ha": 130.57062096957455, "bbox5186": "153083.3,213848.2,159159.8,214944.6" }, "geometry": { "type": "Polygon", "coordinates": [ [ [ 126.506862099598251, 34.523065470319693 ], [ 126.49837632994381, 34.523662826295954 ], [ 126.496730038230254, 34.524486281776809 ], [ 126.495422306708804, 34.52388773797707 ], [ 126.488995226171042, 34.525319549964728 ], [ 126.491854618157944, 34.528850704457518 ], [ 126.499956727705438, 34.525476696933865 ], [ 126.506634326458922, 34.525121641162386 ], [ 126.513801415974839, 34.522991426529821 ], [ 126.521116120854643, 34.524311189830378 ], [ 126.530128129613345, 34.521726596527088 ], [ 126.537268010740689, 34.521009260758014 ], [ 126.542409705179381, 34.521805675541955 ], [ 126.547290670273867, 34.523907100520276 ], [ 126.547839332753114, 34.522949094942632 ], [ 126.548859055894056, 34.523097096591073 ], [ 126.552964825889958, 34.526004024853584 ], [ 126.555172134649325, 34.526498863420983 ], [ 126.555085981401106, 34.525699870275147 ], [ 126.54444455726059, 34.520536836614973 ], [ 126.537536411810791, 34.519148795268563 ], [ 126.529433435037021, 34.519954388489758 ], [ 126.521386017291334, 34.522444458194585 ], [ 126.514438994887158, 34.52103963501412 ], [ 126.506862099598251, 34.523065470319693 ] ] ] } },
{ "type": "Feature", "properties": { "wid": "17-358123-9-024", "name": "김해 화포천", "area_ha": 129.49177549881381, "bbox5186": "361372.2,301964.4,364482.5,303862.5" }, "geometry": { "type": "MultiPolygon", "coordinates": [ [ [ [ 128.807403150870641, 35.312355681365965 ], [ 128.804751690444618, 35.312373665978107 ], [ 128.805959664947466, 35.310579385881674 ], [ 128.804420104487974, 35.309919275030381 ], [ 128.804041101000195, 35.30879394068306 ], [ 128.802894697067671, 35.312025579766726 ], [ 128.791676306753999, 35.312089631164937 ], [ 128.788686761675223, 35.311333645022977 ], [ 128.786510822330257, 35.310226715727843 ], [ 128.786202700865545, 35.306713920600522 ], [ 128.784747896221887, 35.306298328137473 ], [ 128.781673945446158, 35.303285022017967 ], [ 128.781174477908991, 35.301562992897026 ], [ 128.780156175329353, 35.301195884509738 ], [ 128.779338473162994, 35.304165635996718 ], [ 128.778306963901883, 35.304050139678971 ], [ 128.778441385684005, 35.305269278515269 ], [ 128.777770763695599, 35.305117828059736 ], [ 128.781271307805895, 35.3094893533004 ], [ 128.787145483060385, 35.313338157203006 ], [ 128.799587594914811, 35.314358466180629 ], [ 128.803252924457297, 35.317959060466514 ], [ 128.807556074080395, 35.316806157665724 ], [ 128.80864164065747, 35.314501808305543 ], [ 128.807403150870641, 35.312355681365965 ] ], [ [ 128.801271148189556, 35.315361646825274 ], [ 128.800862317434792, 35.314973017904471 ], [ 128.800540211656426, 35.313685512785106 ], [ 128.801828876857712, 35.313739308072968 ], [ 128.801271148189556, 35.315361646825274 ] ], [ [ 128.789023185373054, 35.312830950486543 ], [ 128.792687299231119, 35.312664922164352 ], [ 128.792727067253622, 35.313022104552466 ], [ 128.789023185373054, 35.312830950486543 ] ] ], [ [ [ 128.807250041038373, 35.31209572503213 ], [ 128.806931304112851, 35.311408378008856 ], [ 128.806459695749908, 35.311262224400217 ], [ 128.807250041038373, 35.31209572503213 ] ] ], [ [ [ 128.78663641213069, 35.309488586972861 ], [ 128.786539892416044, 35.309398993104907 ], [ 128.786540625533519, 35.309432326327524 ], [ 128.78663641213069, 35.309488586972861 ] ] ], [ [ [ 128.77947673413729, 35.307968435085193 ], [ 128.775239163203508, 35.301957593440797 ], [ 128.774762854407101, 35.302144824863262 ], [ 128.775035086916375, 35.302831142682273 ], [ 128.774193677757836, 35.303012917258648 ], [ 128.775440363386082, 35.305832473727378 ], [ 128.77947673413729, 35.307968435085193 ] ] ] ] } },
{ "type": "Feature", "properties": { "wid": "13-358042-2-029", "name": "단포습지", "area_ha": 129.37094272672363, "bbox5186": "374393.4,375789.6,378649.3,380163.3" }, "geometry": { "type": "Polygon", "coordinates": [ [ [ 128.959279303524625, 35.963678342410233 ], [ 128.950734137842375, 35.967976967150555 ], [ 128.946322620172026, 35.968974031412699 ], [ 128.938563816260796, 35.967994048803355 ], [ 128.934331523714604, 35.965531241791197 ], [ 128.93325458365652, 35.966503745512718 ], [ 128.936872993924965, 35.968928746531731 ], [ 128.947997523824426, 35.970463353658651 ], [ 128.959799882528301, 35.965771143818912 ], [ 128.967033892800316, 35.967846853297239 ], [ 128.967797964259717, 35.969647279005407 ], [ 128.966288103470475, 35.976522888447562 ], [ 128.967365688522534, 35.976971973222341 ], [ 128.968777470858356, 35.981100041078342 ], [ 128.974756891335289, 35.987885005746556 ], [ 128.974862639789052, 35.992126394867014 ], [ 128.976234763659363, 35.992682276540386 ], [ 128.977563328541748, 35.998952526310852 ], [ 128.976778166268986, 36.001836270426054 ], [ 128.978346351731773, 36.002775449349798 ], [ 128.979434674580347, 35.999112676146503 ], [ 128.978630292792985, 35.994568356177304 ], [ 128.980829444047316, 35.99547006086307 ], [ 128.981139945859837, 35.994983761991485 ], [ 128.978789776886714, 35.993540310308383 ], [ 128.976429528571174, 35.986890605775642 ], [ 128.970168160948759, 35.98004908355621 ], [ 128.968566754682456, 35.975831334232808 ], [ 128.968905023555095, 35.970750947373439 ], [ 128.971855294762975, 35.970196082649345 ], [ 128.964797003389066, 35.964892851440894 ], [ 128.959279303524625, 35.963678342410233 ] ] ] } },
{ "type": "Feature", "properties": { "wid": "13-368132-2-029", "name": "강호습지", "area_ha": 129.13804116731967, "bbox5186": "310108.6,399291.0,314179.1,401701.1" }, "geometry": { "type": "Polygon", "coordinates": [ [ [ 128.226107582437066, 36.185196578852661 ], [ 128.22408972084321, 36.18789362622848 ], [ 128.224679729152598, 36.188660770989422 ], [ 128.229783413765261, 36.18972765900002 ], [ 128.234740734606135, 36.192934245376897 ], [ 128.238345109490837, 36.197390991719558 ], [ 128.243184973089512, 36.199936996140856 ], [ 128.254320703026991, 36.202216023403359 ], [ 128.264919110429986, 36.206511023239642 ], [ 128.269610265954725, 36.204650962726234 ], [ 128.269100863910865, 36.203126237835647 ], [ 128.26277014912381, 36.202935482715574 ], [ 128.255852877356915, 36.199782202558872 ], [ 128.24661602050773, 36.198461285539665 ], [ 128.237411641554587, 36.193109417359786 ], [ 128.232973414988038, 36.188700880568902 ], [ 128.226107582437066, 36.185196578852661 ] ] ] } },
{ "type": "Feature", "properties": { "wid": "14-378044-2-003", "name": "연곡천하구습지", "area_ha": 126.98433006490011, "bbox5186": "358664.1,584425.7,362907.9,586773.2" }, "geometry": { "type": "Polygon", "coordinates": [ [ [ 128.810817885860445, 37.846157809176709 ], [ 128.802600102264051, 37.845885753867933 ], [ 128.80295064003235, 37.847451453946896 ], [ 128.809781383547602, 37.84767274698892 ], [ 128.819204311141988, 37.850100307253228 ], [ 128.82727115286653, 37.853855278604037 ], [ 128.836135829040501, 37.855159580831327 ], [ 128.846523040962069, 37.861872271067483 ], [ 128.848057637179522, 37.863308439009188 ], [ 128.846850250587551, 37.865648838260498 ], [ 128.849210992002241, 37.866309918703145 ], [ 128.848771831319851, 37.86442416642479 ], [ 128.851208930363498, 37.861825693357446 ], [ 128.84255736009095, 37.856984326938488 ], [ 128.838462364466722, 37.852677497545031 ], [ 128.828045984731887, 37.850956964231344 ], [ 128.821600704833173, 37.848362465898227 ], [ 128.810817885860445, 37.846157809176709 ] ] ] } },
{ "type": "Feature", "properties": { "wid": "14-357151-2-044", "name": "파도습지", "area_ha": 126.17755756951146, "bbox5186": "247469.9,287615.5,251224.7,288897.7" }, "geometry": { "type": "Polygon", "coordinates": [ [ [ 127.531353347998902, 35.183960606650544 ], [ 127.525531022950773, 35.184771080140386 ], [ 127.524988094857434, 35.183828827098907 ], [ 127.524116421586513, 35.185032290145642 ], [ 127.521175994118138, 35.185334310260323 ], [ 127.52166172175211, 35.18695193261771 ], [ 127.531962807742318, 35.188193340132102 ], [ 127.53379455392232, 35.190267380544491 ], [ 127.531367219488644, 35.191994210036427 ], [ 127.534397548087242, 35.190802822300952 ], [ 127.540572251725052, 35.192417661801649 ], [ 127.543338737002529, 35.192019507276768 ], [ 127.543123922943593, 35.19141837494896 ], [ 127.544154235289895, 35.190985612764912 ], [ 127.552740481967945, 35.19083856722402 ], [ 127.558418663900184, 35.192206891655609 ], [ 127.561517071120022, 35.195221968473057 ], [ 127.562462460128316, 35.194423500809968 ], [ 127.559745747388632, 35.191190362508074 ], [ 127.553517104614514, 35.188139109188391 ], [ 127.541508064127456, 35.188660295137112 ], [ 127.540561193528774, 35.188095778473262 ], [ 127.539856421621224, 35.185621132750214 ], [ 127.539701062339432, 35.187695813369707 ], [ 127.539004431027337, 35.187945883471464 ], [ 127.531353347998902, 35.183960606650544 ] ], [ [ 127.554341059459318, 35.188860018810999 ], [ 127.553511175850574, 35.188560062608694 ], [ 127.554411321546127, 35.188697455792848 ], [ 127.554341059459318, 35.188860018810999 ] ] ] } },
{ "type": "Feature", "properties": { "wid": "13-377164-2-054", "name": "용대습지", "area_ha": 125.76876873393371, "bbox5186": "281167.1,491082.6,284996.0,492122.3" }, "geometry": { "type": "Polygon", "coordinates": [ [ [ 127.918533226566211, 37.018068831009685 ], [ 127.915815570923655, 37.015115476439377 ], [ 127.912067396446787, 37.017393359137564 ], [ 127.921864001969595, 37.022550039550687 ], [ 127.945986347434953, 37.022563822186285 ], [ 127.953726690957396, 37.024185013391438 ], [ 127.955152384054671, 37.022271441718793 ], [ 127.950212085270266, 37.020166618505073 ], [ 127.944351754794511, 37.019059161420827 ], [ 127.923946177902991, 37.020313666441368 ], [ 127.918533226566211, 37.018068831009685 ] ] ] } },
{ "type": "Feature", "properties": { "wid": "13-358034-2-023", "name": "금강습지", "area_ha": 123.78506923163854, "bbox5186": "357063.9,363456.5,360174.5,365627.1" }, "geometry": { "type": "Polygon", "coordinates": [ [ [ 128.74454281946899, 35.858567458185263 ], [ 128.740369227650575, 35.855918324051636 ], [ 128.738799856653657, 35.85846329796167 ], [ 128.744350323771357, 35.862714516738976 ], [ 128.762541507614372, 35.867545676897038 ], [ 128.771175005956934, 35.875027698597805 ], [ 128.773555862536114, 35.872960543229475 ], [ 128.764833444937977, 35.865212364834555 ], [ 128.755354923752662, 35.863055214671434 ], [ 128.74454281946899, 35.858567458185263 ] ] ] } },
{ "type": "Feature", "properties": { "wid": "13-367152-2-063", "name": "초강습지", "area_ha": 123.3332194385702, "bbox5186": "263402.9,401696.2,264546.7,404114.1" }, "geometry": { "type": "Polygon", "coordinates": [ [ [ 127.706643365182131, 36.211255839439481 ], [ 127.707807462349976, 36.217405825331838 ], [ 127.705330875764304, 36.223489894176204 ], [ 127.705212202994005, 36.226252707607586 ], [ 127.706261942348064, 36.226845799943604 ], [ 127.708087973957788, 36.230266694951958 ], [ 127.70993964702366, 36.230599972232966 ], [ 127.711274853167936, 36.232735042864817 ], [ 127.715178706398532, 36.232804592427897 ], [ 127.715986920725499, 36.231411945385922 ], [ 127.717539365684942, 36.231007028279883 ], [ 127.717964085677664, 36.229526549240397 ], [ 127.716188169463607, 36.229207361558878 ], [ 127.711646292872459, 36.220694892364364 ], [ 127.710921356247596, 36.215431805714225 ], [ 127.711618098862743, 36.214512065381925 ], [ 127.709841233604791, 36.213924234670813 ], [ 127.708378567874263, 36.211055431656511 ], [ 127.706643365182131, 36.211255839439481 ] ] ] } },
{ "type": "Feature", "properties": { "wid": "15-368021-3-007", "name": "적성습지", "area_ha": 122.35372907027561, "bbox5186": "315626.4,482210.5,317639.4,483872.1" }, "geometry": { "type": "Polygon", "coordinates": [ [ [ 128.297871529107994, 36.935232704172236 ], [ 128.299127630802019, 36.937685981875809 ], [ 128.302941672619681, 36.940913119222472 ], [ 128.302682609766038, 36.941652099744239 ], [ 128.307277235236825, 36.94291169793744 ], [ 128.306786096099415, 36.945308424877858 ], [ 128.304300093667109, 36.943953584720212 ], [ 128.301434821088861, 36.945109502586206 ], [ 128.30130100182464, 36.94562365274929 ], [ 128.301744607107935, 36.946294559566581 ], [ 128.302404272730286, 36.946534206899585 ], [ 128.301746114257014, 36.945063742183784 ], [ 128.30360660053185, 36.944494607192347 ], [ 128.307062838332314, 36.946000069230536 ], [ 128.30818474663505, 36.943007123600594 ], [ 128.313187105693032, 36.944794504140646 ], [ 128.316762252056776, 36.942109505220763 ], [ 128.319966401402269, 36.936932685430236 ], [ 128.320405392408418, 36.931735196461368 ], [ 128.319472100561711, 36.931374346880354 ], [ 128.317845169988971, 36.933618846472491 ], [ 128.315374208891853, 36.935217630041237 ], [ 128.314802433893391, 36.937803597956623 ], [ 128.312898499186389, 36.939947478590582 ], [ 128.300022341161224, 36.933596339648531 ], [ 128.297871529107994, 36.935232704172236 ] ] ] } },
{ "type": "Feature", "properties": { "wid": "13-377123-2-004", "name": "문막교습지", "area_ha": 122.2097799604736, "bbox5186": "271136.6,522421.6,272228.5,526259.9" }, "geometry": { "type": "Polygon", "coordinates": [ [ [ 127.80749487754413, 37.303940793774871 ], [ 127.802843231262159, 37.320161810675387 ], [ 127.802625399313385, 37.326941582524015 ], [ 127.8042565834768, 37.3311481266824 ], [ 127.805709348478459, 37.332155480270593 ], [ 127.810444473273805, 37.332840340789538 ], [ 127.810584103090974, 37.331763581066745 ], [ 127.805724447492011, 37.330188476720053 ], [ 127.804551298161655, 37.326724874088157 ], [ 127.806975842810715, 37.318592070415718 ], [ 127.810065157366083, 37.313589276139609 ], [ 127.809362959425201, 37.311539776757677 ], [ 127.810760527919626, 37.307856787603953 ], [ 127.812274867988734, 37.306443528160642 ], [ 127.81464230516157, 37.298901102487882 ], [ 127.810252590888297, 37.298258181035195 ], [ 127.810029558644388, 37.302070089650101 ], [ 127.80884360541252, 37.304231620176246 ], [ 127.80749487754413, 37.303940793774871 ] ] ] } },
{ "type": "Feature", "properties": { "wid": "13-356163-2-033", "name": "드들습지", "area_ha": 120.25009007016699, "bbox5186": "184683.4,269142.7,187274.4,272609.0" }, "geometry": { "type": "Polygon", "coordinates": [ [ [ 126.852937949702039, 35.021610021697754 ], [ 126.856637782955573, 35.027494142773847 ], [ 126.856163886164452, 35.029037643015414 ], [ 126.857283741570484, 35.030969716956427 ], [ 126.857463483823523, 35.034743094936751 ], [ 126.849641437558176, 35.046463265228027 ], [ 126.847832622555259, 35.04782388963293 ], [ 126.845348234580442, 35.04819301616542 ], [ 126.834823228659758, 35.047355286476517 ], [ 126.832115982595823, 35.049484223591662 ], [ 126.850683533466267, 35.049611253285043 ], [ 126.855217772879769, 35.042946569704206 ], [ 126.860545058232717, 35.032210199106082 ], [ 126.860228331456653, 35.026430197787178 ], [ 126.856180663523659, 35.021335381526718 ], [ 126.855043062102183, 35.018372094998377 ], [ 126.852749230781768, 35.018696534501558 ], [ 126.852937949702039, 35.021610021697754 ] ] ] } },
{ "type": "Feature", "properties": { "wid": "13-377123-2-005", "name": "물구비습지", "area_ha": 119.83009529437784, "bbox5186": "270186.2,520451.0,272228.5,522496.3" }, "geometry": { "type": "Polygon", "coordinates": [ [ [ 127.793864643930547, 37.280613840981047 ], [ 127.791443386657505, 37.283164613843084 ], [ 127.800013100038427, 37.28826261221861 ], [ 127.808153711622282, 37.291303193256049 ], [ 127.810252590888297, 37.298258181035195 ], [ 127.81464230516157, 37.298901102487882 ], [ 127.813811878538587, 37.291751871563406 ], [ 127.808586523749028, 37.285695928008018 ], [ 127.805203316468507, 37.285672139039633 ], [ 127.793864643930547, 37.280613840981047 ] ] ] } },
{ "type": "Feature", "properties": { "wid": "12-368132-2-021", "name": "신촌리하도습지", "area_ha": 118.04727286659104, "bbox5186": "301848.1,392635.5,305923.4,395492.8" }, "geometry": { "type": "Polygon", "coordinates": [ [ [ 128.154153668729833, 36.135577185925513 ], [ 128.134441891353021, 36.126124018742409 ], [ 128.131379973248045, 36.126626990842354 ], [ 128.137375498121912, 36.130973274268825 ], [ 128.139263268774357, 36.13092469289176 ], [ 128.145693374566292, 36.133628110049507 ], [ 128.143574439379506, 36.132985108744762 ], [ 128.143111038833467, 36.133204008334197 ], [ 128.142575944286307, 36.13391832618683 ], [ 128.143482614946436, 36.133164414882806 ], [ 128.145437503622276, 36.133832416937999 ], [ 128.169157389739894, 36.143930448187163 ], [ 128.17409787139502, 36.147560620627289 ], [ 128.172165061335363, 36.150655192781677 ], [ 128.17357095518679, 36.15149571514273 ], [ 128.176966238534789, 36.147900132646093 ], [ 128.172428554904656, 36.142976585476305 ], [ 128.168489381262077, 36.140616212845607 ], [ 128.154153668729833, 36.135577185925513 ] ] ] } },
{ "type": "Feature", "properties": { "wid": "15-357053-3-003", "name": "옥정호 옥정습지", "area_ha": 118.01433628769682, "bbox5186": "207966.6,326946.6,210061.7,328353.3" }, "geometry": { "type": "Polygon", "coordinates": [ [ [ 127.102675504496247, 35.541445525382365 ], [ 127.1005060933321, 35.539427534359596 ], [ 127.099426071800494, 35.540840770461315 ], [ 127.093017299335088, 35.543994132159455 ], [ 127.091526100960863, 35.545723969926883 ], [ 127.088113034257702, 35.545824753978884 ], [ 127.087856730736789, 35.546420701339756 ], [ 127.090095010587888, 35.549979189849445 ], [ 127.097374330852148, 35.546688288506608 ], [ 127.102455280209355, 35.552104502747426 ], [ 127.103207011520468, 35.550039883010697 ], [ 127.101822008506133, 35.546702641043744 ], [ 127.102919473098936, 35.545966247403804 ], [ 127.101970739165651, 35.544842229009205 ], [ 127.103267934651285, 35.545086279181199 ], [ 127.104089188852583, 35.546539372430018 ], [ 127.106077868711026, 35.545933767498816 ], [ 127.107510357333268, 35.546717532401644 ], [ 127.108282337404091, 35.544262597653649 ], [ 127.1109560505015, 35.54227189540881 ], [ 127.108101239139543, 35.539973463819727 ], [ 127.105086576941716, 35.541807574547711 ], [ 127.102675504496247, 35.541445525382365 ] ] ] } },
{ "type": "Feature", "properties": { "wid": "13-356153-3-111", "name": "대동제습지", "area_ha": 117.58362003041438, "bbox5186": "156460.4,279980.2,157915.9,282306.5" }, "geometry": { "type": "Polygon", "coordinates": [ [ [ 126.522352971707861, 35.120642739504653 ], [ 126.52384311915192, 35.12133182943149 ], [ 126.52483342901786, 35.122520095823162 ], [ 126.52456745937063, 35.123358213980204 ], [ 126.52700079474252, 35.12505957669218 ], [ 126.528217188095724, 35.128913099764524 ], [ 126.528986503809051, 35.128112985623183 ], [ 126.529973283803216, 35.128415164674983 ], [ 126.530819022220427, 35.129207126351709 ], [ 126.530503031357341, 35.129782769159362 ], [ 126.532182887752853, 35.130914154561388 ], [ 126.532379716648975, 35.136211266486747 ], [ 126.533982812479735, 35.136206625431996 ], [ 126.534930735246533, 35.130434393637586 ], [ 126.5327970172535, 35.123664226834769 ], [ 126.530375743139786, 35.12022972063729 ], [ 126.5383350905893, 35.11801682267761 ], [ 126.535668938479972, 35.116935828141663 ], [ 126.528683273119682, 35.116759242588657 ], [ 126.527506300318692, 35.11522415850186 ], [ 126.525391495107925, 35.116336281973695 ], [ 126.523970622207656, 35.119969481640517 ], [ 126.522352971707861, 35.120642739504653 ] ] ] } },
{ "type": "Feature", "properties": { "wid": "13-368071-2-058", "name": "오신교습지", "area_ha": 114.91872403300538, "bbox5186": "337097.0,456048.0,341982.7,457085.5" }, "geometry": { "type": "Polygon", "coordinates": [ [ [ 128.534016762751349, 36.693067655972357 ], [ 128.539808470342706, 36.697750343052491 ], [ 128.545885769192864, 36.700622456991184 ], [ 128.55410772925336, 36.701448860283591 ], [ 128.566620360511052, 36.697275241645592 ], [ 128.573771074631196, 36.696606057022365 ], [ 128.582016245232836, 36.694587478108311 ], [ 128.586231456405613, 36.696841620456993 ], [ 128.585669683061809, 36.699506239098028 ], [ 128.586308442219462, 36.701676414524918 ], [ 128.588857863229492, 36.701696471872403 ], [ 128.588765673690546, 36.700805684812167 ], [ 128.587815427957963, 36.700902160396936 ], [ 128.587137537031538, 36.699714635941341 ], [ 128.587615292623212, 36.696177133761303 ], [ 128.582941727371633, 36.693286702139488 ], [ 128.579580574200804, 36.693279992216688 ], [ 128.57451632122951, 36.694908571503525 ], [ 128.565440583812403, 36.695542762011485 ], [ 128.550269704291225, 36.699111173110111 ], [ 128.543661456375673, 36.697162521275757 ], [ 128.537424944675735, 36.693412934382955 ], [ 128.534016762751349, 36.693067655972357 ] ] ] } },
{ "type": "Feature", "properties": { "wid": "15-377041-2-014", "name": "우두동습지", "area_ha": 113.93756788616089, "bbox5186": "264452.2,588244.0,266040.1,589967.0" }, "geometry": { "type": "Polygon", "coordinates": [ [ [ 127.739854654510623, 37.891760694241221 ], [ 127.732747549253006, 37.893752054965809 ], [ 127.733785996169956, 37.89735109667032 ], [ 127.739800863551196, 37.895927820453522 ], [ 127.742585039575118, 37.896936444098394 ], [ 127.743792232124207, 37.898383818055727 ], [ 127.744566038082567, 37.907253943486076 ], [ 127.749151436023539, 37.906987001776841 ], [ 127.750890471126155, 37.902667696578867 ], [ 127.750574061133008, 37.898941684763003 ], [ 127.744156953500109, 37.893278664247731 ], [ 127.739854654510623, 37.891760694241221 ] ] ] } },
{ "type": "Feature", "properties": { "wid": "13-377063-2-062", "name": "귀여습지", "area_ha": 113.44820115641835, "bbox5186": "227035.0,545302.9,228742.9,547835.6" }, "geometry": { "type": "Polygon", "coordinates": [ [ [ 127.311907511947652, 37.506785225650653 ], [ 127.311340052911632, 37.508491417471248 ], [ 127.309227191314804, 37.507092306183864 ], [ 127.305773534007159, 37.508857348778875 ], [ 127.310719856962919, 37.514398210525101 ], [ 127.315275696864575, 37.52320692491125 ], [ 127.317802251641268, 37.525989645579926 ], [ 127.321283936374286, 37.528268761096378 ], [ 127.32518018419286, 37.529569049365726 ], [ 127.318776160514332, 37.523035349007131 ], [ 127.317867782988927, 37.51930405629119 ], [ 127.319076629106576, 37.518150220257191 ], [ 127.317738555828853, 37.518172748450233 ], [ 127.317234109965128, 37.515513451565923 ], [ 127.315055413427388, 37.512787449814986 ], [ 127.316763289905765, 37.513040568205369 ], [ 127.316250647020468, 37.511370585627546 ], [ 127.315331739728379, 37.511524410458982 ], [ 127.31419667761206, 37.510301172926859 ], [ 127.316292476743612, 37.509221586320933 ], [ 127.315804988572694, 37.508412890574313 ], [ 127.316872893799498, 37.507663100584068 ], [ 127.311907511947652, 37.506785225650653 ] ] ] } },
{ "type": "Feature", "properties": { "wid": "13-377163-2-053", "name": "여우섬습지", "area_ha": 113.28670126053721, "bbox5186": "275794.0,497721.4,278373.4,498805.5" }, "geometry": { "type": "Polygon", "coordinates": [ [ [ 127.856569204877019, 37.07818700556011 ], [ 127.85237443250324, 37.078475827009214 ], [ 127.853345769424905, 37.081058438735703 ], [ 127.860196774539034, 37.081446851450643 ], [ 127.871589709629646, 37.085035410824474 ], [ 127.874728112543195, 37.083324654275778 ], [ 127.877143618140479, 37.079303488330339 ], [ 127.881362801939815, 37.076853813894175 ], [ 127.879580506982919, 37.075208227940763 ], [ 127.874914416187593, 37.077125918395922 ], [ 127.873238223101552, 37.076385901918897 ], [ 127.872405824119426, 37.077542658295407 ], [ 127.867067296109866, 37.079198277193477 ], [ 127.861901124801989, 37.079211606393045 ], [ 127.856569204877019, 37.07818700556011 ] ] ] } },
{ "type": "Feature", "properties": { "wid": "13-377164-2-049", "name": "두모소습지", "area_ha": 112.98438275019903, "bbox5186": "278216.6,496030.9,280974.5,497921.8" }, "geometry": { "type": "Polygon", "coordinates": [ [ [ 127.886767215934697, 37.060519983130149 ], [ 127.887192193628707, 37.063994831632733 ], [ 127.884271421459857, 37.071478174505984 ], [ 127.882816624835328, 37.073440668513143 ], [ 127.879580506982919, 37.075208227940763 ], [ 127.881362801939815, 37.076853813894175 ], [ 127.885965273342521, 37.0758626162296 ], [ 127.890186537637376, 37.071611431899036 ], [ 127.891610060066597, 37.071126791443184 ], [ 127.897224230337727, 37.072727953444243 ], [ 127.904088454367269, 37.073518300742187 ], [ 127.903331261613502, 37.076611934609311 ], [ 127.903857901719235, 37.076831380088919 ], [ 127.905014770485977, 37.073685136773733 ], [ 127.910351432840258, 37.074515600161362 ], [ 127.910578640007927, 37.073956112395095 ], [ 127.897265921166778, 37.071971664736338 ], [ 127.892784679002929, 37.070225924531293 ], [ 127.891970502065092, 37.068875081460099 ], [ 127.892529533473891, 37.066780458890534 ], [ 127.892008386047081, 37.065485076456881 ], [ 127.893052352974493, 37.06390129786891 ], [ 127.892640241206436, 37.061931116616201 ], [ 127.890012560614323, 37.059898285662904 ], [ 127.886767215934697, 37.060519983130149 ] ] ] } },
{ "type": "Feature", "properties": { "wid": "13-377163-2-060", "name": "하청나루습지", "area_ha": 111.60006969213801, "bbox5186": "273622.8,498062.0,275877.8,499060.9" }, "geometry": { "type": "Polygon", "coordinates": [ [ [ 127.837633044689653, 37.07883855628112 ], [ 127.832041195039906, 37.083119131840874 ], [ 127.828007765020828, 37.083076178883275 ], [ 127.830588962661949, 37.084120459590238 ], [ 127.829838969008662, 37.086094489802178 ], [ 127.833228515602926, 37.087612407397827 ], [ 127.83585689117001, 37.086070247418469 ], [ 127.841290700523018, 37.086010198931042 ], [ 127.853345769424905, 37.081058438735703 ], [ 127.85237443250324, 37.078475827009214 ], [ 127.841835476638266, 37.08025227274338 ], [ 127.839640075534163, 37.080235398446625 ], [ 127.837633044689653, 37.07883855628112 ] ] ] } },
{ "type": "Feature", "properties": { "wid": "20-347034-5-303", "name": "쌍봉천하구습지", "area_ha": 110.39854567893639, "bbox5186": "257301.9,245088.8,258602.2,248824.7" }, "geometry": { "type": "Polygon", "coordinates": [ [ [ 127.639591961877628, 34.824068244885702 ], [ 127.640076252978844, 34.819695758276026 ], [ 127.639376610660449, 34.816993461826733 ], [ 127.637666250802312, 34.813467180635605 ], [ 127.633213413962437, 34.810294999339952 ], [ 127.630751239263759, 34.803568071652379 ], [ 127.630765647231698, 34.802160020232897 ], [ 127.632207989389471, 34.799995500759614 ], [ 127.630762958730898, 34.801376723023452 ], [ 127.630022575880076, 34.803455566381672 ], [ 127.632553080742781, 34.810837466332792 ], [ 127.637019752457377, 34.815664553718925 ], [ 127.637736188863144, 34.818713812252923 ], [ 127.636481749075315, 34.821172163577558 ], [ 127.62694211615846, 34.829589302074254 ], [ 127.62642500473352, 34.832469201776775 ], [ 127.627894791124703, 34.833692922206367 ], [ 127.636264125517755, 34.827838179880267 ], [ 127.639939315533198, 34.830112938746467 ], [ 127.640616661745739, 34.829495527891133 ], [ 127.639313473145933, 34.827070434937205 ], [ 127.638957530907348, 34.824576356819982 ], [ 127.639591961877628, 34.824068244885702 ] ] ] } },
{ "type": "Feature", "properties": { "wid": "14-366033-3-034", "name": "성암습지", "area_ha": 109.73106265462181, "bbox5186": "157652.1,465003.2,159498.3,466882.4" }, "geometry": { "type": "Polygon", "coordinates": [ [ [ 126.531298585924873, 36.785736500315416 ], [ 126.529586082418561, 36.785664860642235 ], [ 126.530875302165541, 36.786440397943018 ], [ 126.531269467089714, 36.788126119156857 ], [ 126.529657876254603, 36.791698048227865 ], [ 126.529442485679965, 36.796139644241244 ], [ 126.528619587526237, 36.797498855921475 ], [ 126.527476724269135, 36.797678146284852 ], [ 126.525488505808056, 36.799393142001954 ], [ 126.527574191843087, 36.798045282957744 ], [ 126.53129658528438, 36.797284159247788 ], [ 126.531872609407145, 36.7996608380544 ], [ 126.531180778102737, 36.796614182062484 ], [ 126.532217790029463, 36.796333515999436 ], [ 126.531981863495318, 36.794963809554304 ], [ 126.533962285407156, 36.792458403231471 ], [ 126.53507402941915, 36.792963768613355 ], [ 126.537239594428769, 36.791131254866954 ], [ 126.537824674061454, 36.789039359486125 ], [ 126.539046082981187, 36.78844035787278 ], [ 126.543822763639341, 36.789840168615477 ], [ 126.546221189270398, 36.791595686389286 ], [ 126.545105686423312, 36.789063822698047 ], [ 126.545688364349445, 36.788857894030677 ], [ 126.544055633346005, 36.786464615581046 ], [ 126.538847124097117, 36.782754504815884 ], [ 126.531298585924873, 36.785736500315416 ] ] ] } },
{ "type": "Feature", "properties": { "wid": "11-358054-2-029", "name": "합천리하도습지", "area_ha": 109.48776612274803, "bbox5186": "301857.3,329490.6,304599.5,330960.4" }, "geometry": { "type": "Polygon", "coordinates": [ [ [ 128.123531762927286, 35.564996963426218 ], [ 128.128004030558458, 35.569375788704527 ], [ 128.135389891588432, 35.570298712355516 ], [ 128.139590178408952, 35.567324636757164 ], [ 128.151526204660144, 35.561400010564498 ], [ 128.151643542571748, 35.559810904193014 ], [ 128.153685105716391, 35.55850621518794 ], [ 128.152675939952758, 35.556888227821027 ], [ 128.145195695354658, 35.559257681357245 ], [ 128.137822710107258, 35.56565691382486 ], [ 128.134567281373506, 35.567267473582248 ], [ 128.131098842666148, 35.567152265408097 ], [ 128.128427413210204, 35.565114359933368 ], [ 128.123531762927286, 35.564996963426218 ] ] ] } },
{ "type": "Feature", "properties": { "wid": "13-367152-2-064", "name": "심천습지", "area_ha": 108.85261032549879, "bbox5186": "262656.3,403267.7,264293.6,405231.0" }, "geometry": { "type": "Polygon", "coordinates": [ [ [ 127.702075978863107, 36.229649670230522 ], [ 127.699016009498251, 36.225272536024029 ], [ 127.696902498931237, 36.225620103159194 ], [ 127.699645106685878, 36.233465080075185 ], [ 127.697961877037855, 36.239821005234923 ], [ 127.69898768137449, 36.241834554103391 ], [ 127.70262103326219, 36.242829797360713 ], [ 127.707704757077067, 36.242914280957237 ], [ 127.710982946374742, 36.241036617838873 ], [ 127.713758613631384, 36.237740708779718 ], [ 127.715178706398532, 36.232804592427897 ], [ 127.711274853167936, 36.232735042864817 ], [ 127.711029347631381, 36.235473377850106 ], [ 127.70965309750936, 36.237663298790672 ], [ 127.706581514367741, 36.239371185815244 ], [ 127.703048751520555, 36.239285659588511 ], [ 127.701888601534577, 36.238055155287576 ], [ 127.701324373900093, 36.235663134224097 ], [ 127.703493605722358, 36.23020818471857 ], [ 127.702075978863107, 36.229649670230522 ] ] ] } },
{ "type": "Feature", "properties": { "wid": "15-376042-2-020", "name": "두지습지", "area_ha": 108.19429336286971, "bbox5186": "188574.9,596158.9,190931.2,597886.5" }, "geometry": { "type": "Polygon", "coordinates": [ [ [ 126.895120751532005, 37.967241308506082 ], [ 126.888815545184599, 37.965341754484186 ], [ 126.882461677709017, 37.96561757027046 ], [ 126.873043315839197, 37.969083586457387 ], [ 126.869971869121812, 37.971574916446798 ], [ 126.87221441741147, 37.973251307713412 ], [ 126.88196377134598, 37.968125272329402 ], [ 126.888277605685346, 37.967375554367507 ], [ 126.890259807647482, 37.968301778470497 ], [ 126.892071618749881, 37.970599934919555 ], [ 126.892572927050438, 37.974905053065463 ], [ 126.891170600988957, 37.980391344099651 ], [ 126.894493481263169, 37.980911506538334 ], [ 126.896788767668284, 37.971540238172821 ], [ 126.895120751532005, 37.967241308506082 ] ] ] } },
{ "type": "Feature", "properties": { "wid": "15-357142-2-022", "name": "월전습지", "area_ha": 108.18919506949906, "bbox5186": "244625.6,287800.7,247363.6,289869.2" }, "geometry": { "type": "Polygon", "coordinates": [ [ [ 127.502328039041288, 35.192773420607487 ], [ 127.49745600607244, 35.192198645036534 ], [ 127.496697702895176, 35.194611047892764 ], [ 127.493323517063232, 35.199158594744262 ], [ 127.490040095183588, 35.200596949190043 ], [ 127.491072736845126, 35.204133237669531 ], [ 127.496977553246865, 35.201798105925377 ], [ 127.499008877744572, 35.203740255290533 ], [ 127.498629861552317, 35.204253778655499 ], [ 127.499227761606193, 35.203977307211389 ], [ 127.499981058882739, 35.203434295509872 ], [ 127.497853289284876, 35.201885544063458 ], [ 127.49722847245063, 35.199906060183743 ], [ 127.49802094305835, 35.197329471106073 ], [ 127.512001666696278, 35.192464308304878 ], [ 127.520024056208541, 35.187708892840384 ], [ 127.519256969419345, 35.185522821687165 ], [ 127.507849517598402, 35.190951311422879 ], [ 127.502328039041288, 35.192773420607487 ] ] ] } },
{ "type": "Feature", "properties": { "wid": "22-000000-9-029", "name": "경남 고성 마동호", "area_ha": 108.07008256504983, "bbox5186": "323158.4,268527.1,324849.2,270175.1" }, "geometry": { "type": "MultiPolygon", "coordinates": [ [ [ [ 128.360554621932806, 35.009108147248625 ], [ 128.360238480184449, 35.005628186620704 ], [ 128.355006291000024, 35.007520851754904 ], [ 128.354934590791203, 35.008287753369714 ], [ 128.355443924663518, 35.008749838102247 ], [ 128.358051593691926, 35.007786944132484 ], [ 128.357198975120809, 35.007499054613369 ], [ 128.35945719647242, 35.007267383320624 ], [ 128.360158916871598, 35.007902144084312 ], [ 128.359717251976747, 35.00808825348399 ], [ 128.359836007637085, 35.008644824338376 ], [ 128.360227910490181, 35.009422756160966 ], [ 128.361298248039247, 35.01041930315921 ], [ 128.362190540459409, 35.010850924943362 ], [ 128.362310547767549, 35.010953226660703 ], [ 128.363651879887016, 35.012961566351727 ], [ 128.367861698117622, 35.016108369424622 ], [ 128.363756665878014, 35.013004552212678 ], [ 128.363069915664141, 35.0114277934263 ], [ 128.362722231532416, 35.011468651157678 ], [ 128.362387908255158, 35.010928023275611 ], [ 128.361409247830011, 35.010374795875272 ], [ 128.361661714978624, 35.010141232080535 ], [ 128.361704673214518, 35.009692806823004 ], [ 128.361260250601134, 35.009580624374244 ], [ 128.360869035319325, 35.009241618741427 ], [ 128.360554621932806, 35.009108147248625 ] ], [ [ 128.361269505348872, 35.009610263279441 ], [ 128.361295769240371, 35.010269716117357 ], [ 128.359874594428561, 35.008196448498083 ], [ 128.360146967622427, 35.007974381584312 ], [ 128.360495225074771, 35.00909349111987 ], [ 128.361269505348872, 35.009610263279441 ] ], [ [ 128.356643838893945, 35.008110931828938 ], [ 128.356177500656173, 35.007864682536606 ], [ 128.356455207013909, 35.007766041650761 ], [ 128.356643838893945, 35.008110931828938 ] ] ], [ [ [ 128.364983022349975, 35.020087544806096 ], [ 128.367843542676638, 35.016136514144598 ], [ 128.363522414176344, 35.012883707249443 ], [ 128.360196446692612, 35.009441134701973 ], [ 128.359768019851344, 35.008574383835921 ], [ 128.359679008386877, 35.008094089722697 ], [ 128.355769367647696, 35.009419470354644 ], [ 128.354386742010007, 35.008146957416571 ], [ 128.352741705335148, 35.00537128760061 ], [ 128.35309699377504, 35.009318607537629 ], [ 128.354792604824439, 35.010438927614459 ], [ 128.35542722068908, 35.01278331958359 ], [ 128.355242174819068, 35.01338654978283 ], [ 128.356327151316236, 35.012748929821832 ], [ 128.356069643793234, 35.013873017976728 ], [ 128.356949084705548, 35.014918602945961 ], [ 128.357951787178166, 35.017321952877985 ], [ 128.358630917924245, 35.018043497588522 ], [ 128.36273546956852, 35.017945197320898 ], [ 128.363964211867142, 35.019961103333827 ], [ 128.364983022349975, 35.020087544806096 ] ] ], [ [ [ 128.355862095326728, 35.009064225431722 ], [ 128.35805585226575, 35.008309647577811 ], [ 128.359608983071922, 35.007701909693111 ], [ 128.359421241282661, 35.00734529743491 ], [ 128.355426480075096, 35.008821235258317 ], [ 128.354865992201638, 35.008312854192262 ], [ 128.355401869316211, 35.008856660637434 ], [ 128.355862095326728, 35.009064225431722 ] ] ], [ [ [ 128.355403144351328, 35.017697445174754 ], [ 128.357919782508816, 35.017572870673114 ], [ 128.35676823733462, 35.01491341469432 ], [ 128.356207579483026, 35.014397832439187 ], [ 128.355915922322879, 35.014316369924778 ], [ 128.356777292682267, 35.015196319822664 ], [ 128.355403144351328, 35.017697445174754 ] ] ], [ [ [ 128.355378006752574, 35.012788375725428 ], [ 128.35464168036836, 35.012247708803578 ], [ 128.355213310587033, 35.013164252353683 ], [ 128.355378006752574, 35.012788375725428 ] ] ], [ [ [ 128.354578584580423, 35.012274550651689 ], [ 128.352115877610316, 35.013336701391502 ], [ 128.351256712982604, 35.013851897658462 ], [ 128.351817370662786, 35.01450269748706 ], [ 128.354670534913453, 35.013465937220388 ], [ 128.354578584580423, 35.012274550651689 ] ] ], [ [ [ 128.354285951446229, 35.01133596347038 ], [ 128.352638222608164, 35.011993358481938 ], [ 128.353148946024248, 35.012805139433404 ], [ 128.354796919885985, 35.012095459587933 ], [ 128.354285951446229, 35.01133596347038 ] ] ], [ [ [ 128.352553143718893, 35.01194924198893 ], [ 128.352387122808295, 35.012045728229921 ], [ 128.353108702092669, 35.012822712766344 ], [ 128.352553143718893, 35.01194924198893 ] ] ], [ [ [ 128.352493007545576, 35.013087346608749 ], [ 128.351459355133215, 35.012585124032206 ], [ 128.352055707729619, 35.01327518242897 ], [ 128.352493007545576, 35.013087346608749 ] ] ], [ [ [ 128.352255691002568, 35.011714614904321 ], [ 128.351269155946966, 35.011877922636486 ], [ 128.351237092778831, 35.012326223413446 ], [ 128.352255691002568, 35.011714614904321 ] ] ], [ [ [ 128.351025787625531, 35.012200592085179 ], [ 128.350242152195477, 35.013378293656146 ], [ 128.349305178459758, 35.014092626923691 ], [ 128.350007087043139, 35.014473278668284 ], [ 128.351939385341893, 35.01332965477954 ], [ 128.351025787625531, 35.012200592085179 ] ] ], [ [ [ 128.351400381819332, 35.014593866192513 ], [ 128.350894879095279, 35.014032579952122 ], [ 128.350075707851772, 35.014515777427242 ], [ 128.351400381819332, 35.014593866192513 ] ] ] ] } },
{ "type": "Feature", "properties": { "wid": "15-376144-3-082", "name": "대호방조제", "area_ha": 108.03525195985706, "bbox5186": "152967.2,491900.0,154678.3,494261.7" }, "geometry": { "type": "Polygon", "coordinates": [ [ [ 126.475123041368562, 37.025255681385062 ], [ 126.47142180385282, 37.027604555407095 ], [ 126.49052762906949, 37.046201443378386 ], [ 126.487310834447726, 37.04246077863089 ], [ 126.488055592665432, 37.041864785605014 ], [ 126.483257668933931, 37.03728999757314 ], [ 126.487798552507627, 37.03411270100144 ], [ 126.486133137506755, 37.032739482264802 ], [ 126.48238516580092, 37.03352424056667 ], [ 126.481990008183033, 37.032462861129886 ], [ 126.482771128093461, 37.030639804944528 ], [ 126.486456096012347, 37.029676349504939 ], [ 126.4854372181793, 37.027773385454495 ], [ 126.486697607602594, 37.02551896489112 ], [ 126.485729457112782, 37.025266979283039 ], [ 126.485092859548161, 37.026842890446794 ], [ 126.482794075379985, 37.027587087315872 ], [ 126.479461125935202, 37.026710191533475 ], [ 126.47563467464451, 37.027827788920533 ], [ 126.477355700764122, 37.025470078196555 ], [ 126.47659681716928, 37.024860314544206 ], [ 126.47515917034157, 37.025884786657819 ], [ 126.475123041368562, 37.025255681385062 ] ] ] } },
{ "type": "Feature", "properties": { "wid": "04-356124-9-009", "name": "담양 하천습지", "area_ha": 107.74423881686805, "bbox5186": "190266.2,294786.5,193315.2,296137.3" }, "geometry": { "type": "Polygon", "coordinates": [ [ [ 126.926537848142402, 35.261755588667654 ], [ 126.924341474639505, 35.261310773929885 ], [ 126.925143954452849, 35.258642392051435 ], [ 126.912299273837334, 35.258297562992809 ], [ 126.914610344303242, 35.258209982755602 ], [ 126.905467991173566, 35.256873702670518 ], [ 126.894940302478503, 35.249556913474848 ], [ 126.893043947024069, 35.251963647745619 ], [ 126.900147362006862, 35.25766171123869 ], [ 126.906054929222378, 35.26056336283191 ], [ 126.911145362970188, 35.261382023020218 ], [ 126.926537848142402, 35.261755588667654 ] ], [ [ 126.911124373751392, 35.258462553185147 ], [ 126.911655229266998, 35.258381820900127 ], [ 126.911902517047054, 35.258348651435426 ], [ 126.911124373751392, 35.258462553185147 ] ], [ [ 126.907402681989169, 35.258219103508644 ], [ 126.910665039556534, 35.258457708226736 ], [ 126.909488121474112, 35.258455932289337 ], [ 126.908607990730573, 35.258378656475756 ], [ 126.907402664560891, 35.258234426353411 ], [ 126.905481786962667, 35.258241954666403 ], [ 126.907402681989169, 35.258219103508644 ] ], [ [ 126.904065819918458, 35.257809997667579 ], [ 126.902792334073979, 35.256783251103123 ], [ 126.904395350970034, 35.257925630578512 ], [ 126.904065819918458, 35.257809997667579 ] ], [ [ 126.90275062636664, 35.256741755732598 ], [ 126.902712225015648, 35.256692150902644 ], [ 126.902768187897976, 35.256758895395272 ], [ 126.90275062636664, 35.256741755732598 ] ], [ [ 126.895420912156794, 35.251778245332403 ], [ 126.898712568631865, 35.252960906213083 ], [ 126.900164159261124, 35.25382109447844 ], [ 126.900974128986988, 35.254619450428926 ], [ 126.901565555560111, 35.255323883417752 ], [ 126.898689487745344, 35.252965393619228 ], [ 126.895420912156794, 35.251778245332403 ] ] ] } },
{ "type": "Feature", "properties": { "wid": "13-367154-2-010", "name": "내도리습지", "area_ha": 106.70798779085078, "bbox5186": "257148.6,380088.6,259391.9,382063.7" }, "geometry": { "type": "Polygon", "coordinates": [ [ [ 127.635922295237975, 36.029918649544882 ], [ 127.638778726667795, 36.02600752731562 ], [ 127.640288645379556, 36.021753861939764 ], [ 127.644295530201092, 36.019414482265113 ], [ 127.648537214417061, 36.018276819034803 ], [ 127.65300242875459, 36.018431930979062 ], [ 127.65544072090853, 36.019501887484502 ], [ 127.656925704744793, 36.022657918385107 ], [ 127.655747834958575, 36.024568625478466 ], [ 127.652339340920506, 36.025869639625107 ], [ 127.645050105815955, 36.026110941637683 ], [ 127.642391091616062, 36.027788852637464 ], [ 127.638770550809241, 36.03282794283362 ], [ 127.634480643790965, 36.033878099915817 ], [ 127.634336769005955, 36.034477265539479 ], [ 127.638784209375274, 36.034519443695956 ], [ 127.644066903457997, 36.02812592902891 ], [ 127.645725144025405, 36.027123875793357 ], [ 127.652590723625082, 36.027428269151571 ], [ 127.657009717171007, 36.025427783008965 ], [ 127.658900833469701, 36.023240981207408 ], [ 127.658008962643507, 36.019114721888791 ], [ 127.652058115872975, 36.016648161182864 ], [ 127.645607337992615, 36.017035434391424 ], [ 127.641096545463967, 36.018637656657717 ], [ 127.637398359221862, 36.021296121609993 ], [ 127.635201798752732, 36.024197966564294 ], [ 127.634063136210699, 36.029408495092007 ], [ 127.635922295237975, 36.029918649544882 ] ] ] } },
{ "type": "Feature", "properties": { "wid": "13-366123-3-035", "name": "반산습지", "area_ha": 106.16153814927726, "bbox5186": "185171.8,407904.8,187494.9,408895.6" }, "geometry": { "type": "Polygon", "coordinates": [ [ [ 126.848857919469211, 36.269008194114498 ], [ 126.847178390219156, 36.270246100313244 ], [ 126.841195689764774, 36.271765826470933 ], [ 126.839357490411402, 36.271051430075104 ], [ 126.838996551098447, 36.269598223320138 ], [ 126.837379620758824, 36.271158702527799 ], [ 126.8372808682021, 36.269942860359976 ], [ 126.836532809600271, 36.270034663054666 ], [ 126.837110930645892, 36.270852832863525 ], [ 126.83497267847126, 36.272077324696156 ], [ 126.836609979416522, 36.273057365551921 ], [ 126.838288740845371, 36.272841558876301 ], [ 126.838819015623741, 36.27475640526383 ], [ 126.838292945997637, 36.275659589884633 ], [ 126.845770627022432, 36.277572782452218 ], [ 126.850767951964471, 36.274102326846055 ], [ 126.854670091071284, 36.274642440026042 ], [ 126.852775836332427, 36.277007552691614 ], [ 126.855801860395218, 36.276520991575673 ], [ 126.855739659839443, 36.277661824537468 ], [ 126.857769266261613, 36.277948130750652 ], [ 126.859006515471663, 36.276324748143502 ], [ 126.86081943581182, 36.276402571790449 ], [ 126.858994285113312, 36.274461069849444 ], [ 126.856578491290108, 36.274216677854753 ], [ 126.848857919469211, 36.269008194114498 ] ] ] } },
{ "type": "Feature", "properties": { "wid": "20-376123-5-301", "name": "동화천하구습지", "area_ha": 104.56230895242432, "bbox5186": "182661.3,519029.5,185784.7,521850.4" }, "geometry": { "type": "Polygon", "coordinates": [ [ [ 126.811582362834258, 37.295735058054824 ], [ 126.81553163750381, 37.294506859541677 ], [ 126.821727275453952, 37.290919415312786 ], [ 126.82579994997927, 37.286368933662025 ], [ 126.827866583536661, 37.280117851265096 ], [ 126.828940596596652, 37.278882281963327 ], [ 126.833092544771517, 37.277768217411733 ], [ 126.834849256581691, 37.278297789064361 ], [ 126.839126646868337, 37.275934847108566 ], [ 126.838436510732905, 37.27386421940578 ], [ 126.839728630283417, 37.270672690146 ], [ 126.838094495230393, 37.270356904598742 ], [ 126.83636713567833, 37.273009894589933 ], [ 126.8364447173484, 37.275194121893122 ], [ 126.835742882945496, 37.275950023270823 ], [ 126.827574456123116, 37.276692577346275 ], [ 126.824940312415421, 37.281159665652005 ], [ 126.823564608971921, 37.28599709848838 ], [ 126.818706911943494, 37.290544501537966 ], [ 126.813570777279793, 37.292515199921773 ], [ 126.804486864000708, 37.292809599013026 ], [ 126.804448932126874, 37.295700060308924 ], [ 126.811582362834258, 37.295735058054824 ] ] ] } },
{ "type": "Feature", "properties": { "wid": "14-366082-3-053", "name": "송악습지", "area_ha": 104.39875220983518, "bbox5186": "197678.3,456347.9,199802.6,458293.0" }, "geometry": { "type": "Polygon", "coordinates": [ [ [ 126.997790630246655, 36.711575808474379 ], [ 126.996564035387863, 36.709630247553406 ], [ 126.996824852668269, 36.708606574980799 ], [ 126.994502598549815, 36.70763777914037 ], [ 126.993534637690217, 36.706110320349829 ], [ 126.992467007777549, 36.705653386149876 ], [ 126.993824430799989, 36.706962801865615 ], [ 126.991792814839542, 36.710028312142065 ], [ 126.990134482151362, 36.716121600234082 ], [ 126.992254122416369, 36.719264882056571 ], [ 126.982951551780033, 36.717826618602118 ], [ 126.977851353354978, 36.719746076508983 ], [ 126.975466570731072, 36.721506406802042 ], [ 126.974010814695902, 36.723178585051834 ], [ 126.976172913846227, 36.721457889554181 ], [ 126.981802202740269, 36.721731022927464 ], [ 126.986611322900927, 36.720267333220107 ], [ 126.98809442003035, 36.72063154524421 ], [ 126.988075240501828, 36.721603856952775 ], [ 126.990980091841593, 36.721097680414182 ], [ 126.993814261398299, 36.722133253716571 ], [ 126.996215399163162, 36.721107874369402 ], [ 126.99524636633204, 36.715519061114165 ], [ 126.997790630246655, 36.711575808474379 ] ] ] } },
{ "type": "Feature", "properties": { "wid": "20-346082-5-301", "name": "남상천하구습지", "area_ha": 103.21779641327535, "bbox5186": "195144.8,225152.8,198941.1,226309.2" }, "geometry": { "type": "Polygon", "coordinates": [ [ [ 126.968898821059597, 34.626801144193678 ], [ 126.984407746666164, 34.628001223229084 ], [ 126.986821205798364, 34.627124407967003 ], [ 126.988282400110535, 34.627742944072736 ], [ 126.988453326112932, 34.621928677889677 ], [ 126.985572153188627, 34.62325348717674 ], [ 126.978699764564496, 34.62452080581474 ], [ 126.966398908372568, 34.622574534593923 ], [ 126.964179973955638, 34.624812176889023 ], [ 126.962278079261424, 34.625035160467604 ], [ 126.956341718310611, 34.630865487990398 ], [ 126.947053023470986, 34.628091689619446 ], [ 126.955730220075381, 34.632345428865996 ], [ 126.960848619716259, 34.629335474220376 ], [ 126.964048585510014, 34.626043503910715 ], [ 126.967380357147874, 34.625246666878688 ], [ 126.968898821059597, 34.626801144193678 ] ] ] } },
{ "type": "Feature", "properties": { "wid": "15-368122-2-007", "name": "길안습지", "area_ha": 103.01599304299494, "bbox5186": "367644.5,430077.0,370461.2,434976.3" }, "geometry": { "type": "Polygon", "coordinates": [ [ [ 128.886367788262532, 36.470635574459749 ], [ 128.885027755539767, 36.484947792710805 ], [ 128.878326246668792, 36.491458838015099 ], [ 128.873772845550633, 36.493888418917756 ], [ 128.87105891528725, 36.497458505957539 ], [ 128.872760248673103, 36.498363454763137 ], [ 128.876003524205402, 36.494580474490895 ], [ 128.880647463622012, 36.492804420176576 ], [ 128.887088664218624, 36.485593671634298 ], [ 128.889014294628282, 36.46917910104073 ], [ 128.898251077714576, 36.458381565055866 ], [ 128.89971951978751, 36.458039233692809 ], [ 128.901440739495342, 36.454437478939049 ], [ 128.899045148705625, 36.453804370996956 ], [ 128.899577757718816, 36.454788815427364 ], [ 128.899108873156536, 36.456051397576687 ], [ 128.896631583523003, 36.459071369652008 ], [ 128.893511355025879, 36.461393296394768 ], [ 128.890759645480074, 36.464841883704224 ], [ 128.887906244763684, 36.465993520157376 ], [ 128.886367788262532, 36.470635574459749 ] ] ] } },
{ "type": "Feature", "properties": { "wid": "14-388153-2-027", "name": "임천습지", "area_ha": 102.90053012224861, "bbox5186": "340487.4,607141.8,342549.9,609253.2" }, "geometry": { "type": "Polygon", "coordinates": [ [ [ 128.605135887070048, 38.055128341009727 ], [ 128.605448948042181, 38.055795186956672 ], [ 128.607964837551691, 38.05523830609755 ], [ 128.610520313803534, 38.056229363948475 ], [ 128.61157572309736, 38.057547229633855 ], [ 128.612452835255539, 38.061173666386111 ], [ 128.610454983242988, 38.067229439945386 ], [ 128.600986212093659, 38.070948650227926 ], [ 128.602069468279524, 38.072443682674695 ], [ 128.612627508700484, 38.07001204478631 ], [ 128.613907724440594, 38.070659282548355 ], [ 128.61652391813638, 38.07008372222996 ], [ 128.622380845963647, 38.071728094294528 ], [ 128.624467671088723, 38.069992188085031 ], [ 128.619985607770076, 38.067029973007756 ], [ 128.614436338403493, 38.064640765439194 ], [ 128.613700495111232, 38.061124110250553 ], [ 128.612776118584748, 38.060744937422314 ], [ 128.61360525486171, 38.060419164500608 ], [ 128.613183181182535, 38.05712700623625 ], [ 128.613754941717247, 38.05675612011521 ], [ 128.610151074443536, 38.053313016205465 ], [ 128.607123949721284, 38.053514799851293 ], [ 128.605135887070048, 38.055128341009727 ] ] ] } },
{ "type": "Feature", "properties": { "wid": "13-358063-2-007", "name": "성산습지", "area_ha": 102.12319656761505, "bbox5186": "314992.9,330879.4,319167.8,332051.3" }, "geometry": { "type": "Polygon", "coordinates": [ [ [ 128.283660296702891, 35.569904994094429 ], [ 128.278156129185504, 35.576086407330436 ], [ 128.276287720657535, 35.576730755497643 ], [ 128.276644807654321, 35.577196511570328 ], [ 128.268615563806378, 35.577651696372214 ], [ 128.268788115430311, 35.578799843272087 ], [ 128.279023538165688, 35.578328463355255 ], [ 128.281165306408553, 35.575660623201934 ], [ 128.287092209993375, 35.571098567399673 ], [ 128.289980769423352, 35.57176433374066 ], [ 128.29521805256411, 35.576554944175001 ], [ 128.303804103837052, 35.575488148419034 ], [ 128.309705645858998, 35.572769166501949 ], [ 128.310429424786776, 35.571627563351072 ], [ 128.314551010781116, 35.570310158844876 ], [ 128.311099409843735, 35.569825945733506 ], [ 128.309508775117337, 35.571042763064661 ], [ 128.308276232061104, 35.570541549985968 ], [ 128.306721614151314, 35.572281549808338 ], [ 128.301534285202251, 35.574762864424436 ], [ 128.296534238477818, 35.573689325032291 ], [ 128.29032080160647, 35.569030887285486 ], [ 128.286973885154765, 35.568045581760451 ], [ 128.283660296702891, 35.569904994094429 ] ] ] } },
{ "type": "Feature", "properties": { "wid": "13-366123-2-058", "name": "분향습지", "area_ha": 101.19915285117862, "bbox5186": "187043.6,413489.1,192764.4,415250.9" }, "geometry": { "type": "Polygon", "coordinates": [ [ [ 126.86297471937435, 36.32319833543913 ], [ 126.85919605906264, 36.325072011700357 ], [ 126.855695951045661, 36.33100753748424 ], [ 126.858216563341955, 36.335221780901591 ], [ 126.859758956807468, 36.334121454505244 ], [ 126.858230630358506, 36.331761256220631 ], [ 126.858170634470824, 36.328607044028942 ], [ 126.861242975733262, 36.32508882433067 ], [ 126.863911252276495, 36.323868084042175 ], [ 126.872510257674648, 36.324304726125298 ], [ 126.874347869368961, 36.323576712696976 ], [ 126.879121286242068, 36.324845095533369 ], [ 126.892826545627315, 36.326229771962161 ], [ 126.902023365259197, 36.33431677496683 ], [ 126.901438751897814, 36.332438228727632 ], [ 126.902753265896123, 36.32775945905825 ], [ 126.912857167066903, 36.32755186949413 ], [ 126.914559080254861, 36.325371331134207 ], [ 126.913986540325553, 36.322426750350502 ], [ 126.915410091816284, 36.321105727894505 ], [ 126.919049859571544, 36.320681086429218 ], [ 126.918632818280443, 36.32013648743203 ], [ 126.919424239067084, 36.319401656329759 ], [ 126.914602529282163, 36.320253533761942 ], [ 126.912825987290347, 36.322548470751755 ], [ 126.912760765594058, 36.325112293421405 ], [ 126.911543220662693, 36.326354131784804 ], [ 126.90884408486292, 36.325947472106144 ], [ 126.907803006443913, 36.324810280155091 ], [ 126.90746545810218, 36.32584007304105 ], [ 126.900157762352649, 36.325560232359642 ], [ 126.902206433212427, 36.32686503836328 ], [ 126.903707028098751, 36.326514794864757 ], [ 126.902548962143612, 36.327260937917281 ], [ 126.899502709187161, 36.325719193017605 ], [ 126.900407931745306, 36.326758114831264 ], [ 126.898918255767455, 36.32639999543634 ], [ 126.900393195496378, 36.328710968145053 ], [ 126.899590510254072, 36.329332113312148 ], [ 126.900653607559278, 36.328869793220548 ], [ 126.899827365709001, 36.329622493194059 ], [ 126.901185966819256, 36.329756999282701 ], [ 126.900820596120099, 36.330684014552439 ], [ 126.899933888862648, 36.329932589589681 ], [ 126.90057513367536, 36.331026260335939 ], [ 126.900057914872349, 36.331363772749818 ], [ 126.895280880154317, 36.327253890099058 ], [ 126.894039502387074, 36.324481654764703 ], [ 126.883560498654205, 36.324784617099759 ], [ 126.874458015348665, 36.322948702923924 ], [ 126.871966611211832, 36.323730991876822 ], [ 126.866164923283648, 36.322791009866975 ], [ 126.86297471937435, 36.32319833543913 ] ] ] } },
{ "type": "Feature", "properties": { "wid": "13-366162-2-044", "name": "하황습지", "area_ha": 101.189687712197, "bbox5186": "196846.3,400307.3,197696.1,402895.8" }, "geometry": { "type": "Polygon", "coordinates": [ [ [ 126.970148950276041, 36.210788880104893 ], [ 126.972210555845493, 36.204936968064281 ], [ 126.974381832847968, 36.202801601335707 ], [ 126.970132792582319, 36.200631420019469 ], [ 126.965632392196611, 36.209341239018222 ], [ 126.966408233826982, 36.217994796352222 ], [ 126.964924022068772, 36.221800140583966 ], [ 126.965670189005522, 36.222098654263469 ], [ 126.965896274978064, 36.223957894742227 ], [ 126.969263191140683, 36.223590216142163 ], [ 126.970148950276041, 36.210788880104893 ] ] ] } },
{ "type": "Feature", "properties": { "wid": "14-388151-3-025", "name": "영랑호", "area_ha": 100.7203632145505, "bbox5186": "337212.2,624748.8,339277.6,625901.4" }, "geometry": { "type": "Polygon", "coordinates": [ [ [ 128.570253812647451, 38.212931858085312 ], [ 128.571053317488634, 38.21448497590638 ], [ 128.567234998252616, 38.215271092374195 ], [ 128.566767861863241, 38.21616913773375 ], [ 128.571255096904281, 38.215903762533415 ], [ 128.571111071270764, 38.217170436233289 ], [ 128.572500820283437, 38.219193972516827 ], [ 128.575061275874162, 38.218897499989048 ], [ 128.576312604473145, 38.220003115061289 ], [ 128.580972841365224, 38.22070521986776 ], [ 128.582969223594063, 38.22267361196549 ], [ 128.586663652131733, 38.221694081672055 ], [ 128.588070900020199, 38.220559840133305 ], [ 128.590453025460903, 38.220884303541524 ], [ 128.589704106266083, 38.217428119671666 ], [ 128.587291309973494, 38.216212248603675 ], [ 128.585196240663606, 38.216690972309202 ], [ 128.583716477260907, 38.213531073545283 ], [ 128.584284047933608, 38.2122730820548 ], [ 128.581938957339361, 38.213381188430532 ], [ 128.582979331419779, 38.214867918788116 ], [ 128.583860353031326, 38.214901073200132 ], [ 128.583476304292049, 38.215988134030205 ], [ 128.580873119466531, 38.215306178892213 ], [ 128.578204904541025, 38.215945635342976 ], [ 128.576677418602515, 38.21452756336199 ], [ 128.573966507011505, 38.215994446009709 ], [ 128.572678752624967, 38.213456994825243 ], [ 128.570253812647451, 38.212931858085312 ] ] ] } },
{ "type": "Feature", "properties": { "wid": "13-367152-2-079", "name": "구강습지", "area_ha": 100.40063325596532, "bbox5186": "261277.6,394517.4,263627.2,396952.7" }, "geometry": { "type": "Polygon", "coordinates": [ [ [ 127.696957955901766, 36.146428116213571 ], [ 127.704019252705763, 36.154394789843103 ], [ 127.703701214575688, 36.158224911731253 ], [ 127.699014131924542, 36.160016893510054 ], [ 127.687157597814419, 36.159012204869327 ], [ 127.682608201722203, 36.160198958768909 ], [ 127.681317360267883, 36.161799614466361 ], [ 127.681032978542049, 36.163869462718665 ], [ 127.682341305345219, 36.166589914075352 ], [ 127.685117070286083, 36.168443128639936 ], [ 127.686792577147756, 36.167744120010632 ], [ 127.685307108880636, 36.164228081429748 ], [ 127.687117887086472, 36.161720507952865 ], [ 127.701470856681624, 36.16109476747976 ], [ 127.7070923404642, 36.157917455521357 ], [ 127.706917580948556, 36.153428762334016 ], [ 127.706130098349831, 36.152231221385307 ], [ 127.69965192056253, 36.146995478430455 ], [ 127.696957955901766, 36.146428116213571 ] ], [ [ 127.682523355390373, 36.162077522180624 ], [ 127.684043196902323, 36.161894018410955 ], [ 127.682588227730719, 36.164560830845872 ], [ 127.681994653355446, 36.163138531417196 ], [ 127.682523355390373, 36.162077522180624 ] ] ] } },
{ "type": "Feature", "properties": { "wid": "13-377152-2-066", "name": "삼합리섬습지", "area_ha": 100.1978473060138, "bbox5186": "263285.4,513921.1,264848.1,514886.3" }, "geometry": { "type": "Polygon", "coordinates": [ [ [ 127.721520459762914, 37.222831982082745 ], [ 127.717708265373915, 37.225514081887773 ], [ 127.713095413858852, 37.226602457447818 ], [ 127.714183938376934, 37.23079018644426 ], [ 127.719812834071192, 37.230232609688393 ], [ 127.726743667872071, 37.23090569642892 ], [ 127.730282144691685, 37.230225277965111 ], [ 127.730699456127624, 37.226177990066226 ], [ 127.728120815733945, 37.225882115935981 ], [ 127.726067952619374, 37.224012470563601 ], [ 127.726036058132564, 37.222213311542511 ], [ 127.721520459762914, 37.222831982082745 ] ] ] } },
{ "type": "Feature", "properties": { "wid": "14-357154-2-011", "name": "두곡습지(하동)", "area_ha": 99.770338307861209, "bbox5186": "266083.7,274794.0,267570.7,276348.5" }, "geometry": { "type": "Polygon", "coordinates": [ [ [ 127.738789616435753, 35.07876560405672 ], [ 127.74079015214096, 35.067186416658942 ], [ 127.737656650743361, 35.067155039222115 ], [ 127.73696191593416, 35.069751538573009 ], [ 127.732862320060349, 35.075224123594275 ], [ 127.724588538056025, 35.078538519430573 ], [ 127.725935596212508, 35.080836108534193 ], [ 127.733679927318434, 35.081190600793164 ], [ 127.738789616435753, 35.07876560405672 ] ] ] } },
{ "type": "Feature", "properties": { "wid": "20-388151-5-304", "name": "청초천하구습지", "area_ha": 99.590067595750853, "bbox5186": "337318.2,622485.7,339800.9,624166.8" }, "geometry": { "type": "Polygon", "coordinates": [ [ [ 128.583141566919295, 38.192896617514428 ], [ 128.56746990097173, 38.1924754553838 ], [ 128.581704716088325, 38.193750144694818 ], [ 128.583113272930348, 38.19454189268712 ], [ 128.583003336425861, 38.197266547079224 ], [ 128.584384623328503, 38.198534277909367 ], [ 128.58353551003043, 38.199385297700253 ], [ 128.592323647293767, 38.201407649550781 ], [ 128.592185786734433, 38.203987654321899 ], [ 128.594347447244814, 38.206894067914334 ], [ 128.596122054687157, 38.206864543712577 ], [ 128.59298739886114, 38.20368311183622 ], [ 128.593255997762554, 38.201498591474632 ], [ 128.595314036074228, 38.202012928832275 ], [ 128.59577636579408, 38.201071597656203 ], [ 128.593431258464221, 38.200583685924805 ], [ 128.593526611272466, 38.191761596011723 ], [ 128.590591255198319, 38.192406756291952 ], [ 128.583399904619171, 38.192070686183328 ], [ 128.583141566919295, 38.192896617514428 ] ] ] } },
{ "type": "Feature", "properties": { "wid": "13-368062-2-059", "name": "대왕교습지", "area_ha": 98.82790019278184, "bbox5186": "326851.3,445938.9,329706.4,450670.5" }, "geometry": { "type": "Polygon", "coordinates": [ [ [ 128.417737318943011, 36.603420681112389 ], [ 128.419487143421208, 36.611880637965442 ], [ 128.424315009510735, 36.623089867653007 ], [ 128.424563499427165, 36.628998739226908 ], [ 128.425435218064138, 36.628801792334457 ], [ 128.425681379129145, 36.627721181411488 ], [ 128.427263327582722, 36.629180873431238 ], [ 128.433688417966266, 36.632032151177384 ], [ 128.439356488672473, 36.63875775214472 ], [ 128.443681776241306, 36.641304045226583 ], [ 128.446680515692805, 36.642019138409353 ], [ 128.448523990963935, 36.643972742148343 ], [ 128.448872504180002, 36.645446229545975 ], [ 128.450436392894034, 36.645661468065292 ], [ 128.450178601902905, 36.6419315457577 ], [ 128.44152830479598, 36.637825026578099 ], [ 128.434680818614027, 36.630746109058038 ], [ 128.427298219187293, 36.627253994285311 ], [ 128.42557629511532, 36.620984324935613 ], [ 128.420795437540733, 36.611486598146989 ], [ 128.419832993977082, 36.6064205918141 ], [ 128.420576089792092, 36.604098709390556 ], [ 128.417737318943011, 36.603420681112389 ] ] ] } },
{ "type": "Feature", "properties": { "wid": "14-357152-2-045", "name": "평사습지", "area_ha": 98.456710489480216, "bbox5186": "261859.4,280712.6,263469.6,283298.7" }, "geometry": { "type": "Polygon", "coordinates": [ [ [ 127.689474323746936, 35.131637802073953 ], [ 127.67879978261638, 35.142318568176364 ], [ 127.67998473712305, 35.144148856527956 ], [ 127.684917153024529, 35.140993425951613 ], [ 127.692184185988893, 35.134214612480427 ], [ 127.694513547926164, 35.133181868823954 ], [ 127.694275026456367, 35.131838434451929 ], [ 127.695661749033007, 35.129505021545029 ], [ 127.696331174967497, 35.126174324761855 ], [ 127.696197593204303, 35.12079047268135 ], [ 127.69352611441083, 35.120762523353868 ], [ 127.693136937840166, 35.125196651428851 ], [ 127.689474323746936, 35.131637802073953 ] ] ] } },
{ "type": "Feature", "properties": { "wid": "15-359012-2-003", "name": "오금습지", "area_ha": 97.024427658977828, "bbox5186": "401709.8,377331.4,405164.0,379682.3" }, "geometry": { "type": "Polygon", "coordinates": [ [ [ 129.238909102507904, 35.975141480135434 ], [ 129.236203906783146, 35.972727652324288 ], [ 129.242422215768215, 35.979892706397244 ], [ 129.247444434261126, 35.982450395235333 ], [ 129.250025565041, 35.987341381548426 ], [ 129.253218691275578, 35.989063638357571 ], [ 129.251044692809074, 35.991212852254101 ], [ 129.250563262371969, 35.993154573058142 ], [ 129.252888675404563, 35.993597453565052 ], [ 129.252962993782006, 35.991455239282111 ], [ 129.255089936373025, 35.988433790208468 ], [ 129.262770585674986, 35.984547179377181 ], [ 129.264318972589138, 35.982479852715571 ], [ 129.269848810810487, 35.981057125332875 ], [ 129.273493425240758, 35.983518135610041 ], [ 129.274652241740796, 35.981097659135962 ], [ 129.27408744319834, 35.979147761918668 ], [ 129.274654215400489, 35.978386467388724 ], [ 129.272483840741103, 35.979626865586361 ], [ 129.267694247251058, 35.978904813129539 ], [ 129.258544382405262, 35.984734972892618 ], [ 129.255914839467351, 35.985633228235173 ], [ 129.256566891252163, 35.986534591813125 ], [ 129.255605342954823, 35.987105907365688 ], [ 129.252811657027451, 35.98746026553512 ], [ 129.25417718213896, 35.986864259348458 ], [ 129.253969248476579, 35.986258178614669 ], [ 129.250526208787562, 35.984866798847584 ], [ 129.248700863973681, 35.98121497021689 ], [ 129.24665417619633, 35.980032448095756 ], [ 129.247165067608904, 35.979323684188984 ], [ 129.243122608286626, 35.977966739879236 ], [ 129.240120804719623, 35.974518772775113 ], [ 129.238909102507904, 35.975141480135434 ] ] ] } },
{ "type": "Feature", "properties": { "wid": "15-377041-2-015", "name": "율문리습지", "area_ha": 96.960141006554935, "bbox5186": "266063.5,591570.9,269512.2,592491.1" }, "geometry": { "type": "Polygon", "coordinates": [ [ [ 127.751349683888776, 37.921660744657999 ], [ 127.752222170285577, 37.924134508644713 ], [ 127.769987048001198, 37.928140422115547 ], [ 127.778687693584232, 37.928961565297762 ], [ 127.785608319712665, 37.928700245279749 ], [ 127.789586285715572, 37.92970066816423 ], [ 127.790637677606, 37.92782780474046 ], [ 127.786144153793572, 37.926040755409595 ], [ 127.771656240893435, 37.92569790348896 ], [ 127.751349683888776, 37.921660744657999 ] ] ] } },
{ "type": "Feature", "properties": { "wid": "14-378142-2-030", "name": "영월습지", "area_ha": 95.925811528201734, "bbox5186": "329924.5,508047.1,331583.7,509761.2" }, "geometry": { "type": "Polygon", "coordinates": [ [ [ 128.465883575792532, 37.170849644198519 ], [ 128.46287687829124, 37.171167912333068 ], [ 128.463292313734343, 37.173093573813517 ], [ 128.465297445266543, 37.172971485425364 ], [ 128.469172640269221, 37.177846420165388 ], [ 128.472107146330927, 37.176871176043029 ], [ 128.471266917634694, 37.175058041127386 ], [ 128.473112070035455, 37.170174351975739 ], [ 128.475387040947084, 37.168185521299826 ], [ 128.475187830243016, 37.166972585974229 ], [ 128.476349738751537, 37.16645536899874 ], [ 128.477039522958819, 37.167190076414663 ], [ 128.481417920731815, 37.164023443449388 ], [ 128.480963518589959, 37.162256004398067 ], [ 128.477630308556058, 37.162493131868906 ], [ 128.468828932674853, 37.166433520440208 ], [ 128.465883575792532, 37.170849644198519 ] ] ] } },
{ "type": "Feature", "properties": { "wid": "15-346082-2-024", "name": "송암리습지", "area_ha": 95.159154118216577, "bbox5186": "186677.5,227204.6,190444.0,229576.0" }, "geometry": { "type": "Polygon", "coordinates": [ [ [ 126.86227072127862, 34.641158456293454 ], [ 126.862124820988228, 34.640346999160947 ], [ 126.85966437769369, 34.641563835428791 ], [ 126.855647621521101, 34.640773996692374 ], [ 126.854689817289696, 34.642754214722075 ], [ 126.859836880880934, 34.644053798733061 ], [ 126.864436372714735, 34.643452332243569 ], [ 126.866866858216468, 34.645275007804905 ], [ 126.872238569489838, 34.651809846325136 ], [ 126.876098683349923, 34.654967947776534 ], [ 126.881992217047113, 34.656823536205117 ], [ 126.886350170477414, 34.661748601036123 ], [ 126.885255919246063, 34.658595263978626 ], [ 126.882569114820413, 34.655408842034149 ], [ 126.890482414623662, 34.656184228019093 ], [ 126.895751102565342, 34.659039179960168 ], [ 126.89493363627443, 34.656733512274563 ], [ 126.889212310498451, 34.654777745002825 ], [ 126.8860203075143, 34.654067177254554 ], [ 126.879610200752523, 34.654213359323393 ], [ 126.874854591616838, 34.652395787188965 ], [ 126.874971794395677, 34.650620983011827 ], [ 126.869053096173246, 34.644336276404943 ], [ 126.865596424043517, 34.641719254071162 ], [ 126.86227072127862, 34.641158456293454 ] ] ] } },
{ "type": "Feature", "properties": { "wid": "13-356161-2-017", "name": "월산보습지", "area_ha": 94.416819655505478, "bbox5186": "186660.1,290775.1,188620.3,293724.1" }, "geometry": { "type": "Polygon", "coordinates": [ [ [ 126.857617643144664, 35.213362082490072 ], [ 126.85348881084056, 35.213563565932752 ], [ 126.860037802476867, 35.220034896437049 ], [ 126.863858183112768, 35.226482098022167 ], [ 126.86703780412769, 35.22877145254899 ], [ 126.870609501289607, 35.238845181252728 ], [ 126.871589924576753, 35.239958487615013 ], [ 126.874980351924066, 35.237811422838398 ], [ 126.872993791820946, 35.236566396589808 ], [ 126.870793830035865, 35.233455320044726 ], [ 126.870519108759922, 35.234197737120901 ], [ 126.86955739550055, 35.22968365449222 ], [ 126.866346220109008, 35.227145559274739 ], [ 126.867963169674326, 35.226471322069962 ], [ 126.863796557147381, 35.218660118169808 ], [ 126.857617643144664, 35.213362082490072 ] ] ] } },
{ "type": "Feature", "properties": { "wid": "13-368112-2-002", "name": "미천보2습지", "area_ha": 94.402067950657084, "bbox5186": "348573.3,426931.0,350826.0,432087.8" }, "geometry": { "type": "Polygon", "coordinates": [ [ [ 128.666123641828932, 36.428936809649301 ], [ 128.660523316003491, 36.431103498159295 ], [ 128.660039460524246, 36.434405390346001 ], [ 128.656858355886072, 36.433212440954506 ], [ 128.659844877091302, 36.43485051488193 ], [ 128.660363672108105, 36.436066932600248 ], [ 128.662871407268511, 36.437835032009474 ], [ 128.667017142146591, 36.439380175449543 ], [ 128.673901230165143, 36.437309616097863 ], [ 128.675959616916543, 36.437924081856188 ], [ 128.678187938879432, 36.44031750338177 ], [ 128.680466379295922, 36.447044233137362 ], [ 128.678461186935152, 36.450101786575516 ], [ 128.672659007366946, 36.452998138337406 ], [ 128.663987855983663, 36.453768122243424 ], [ 128.660602450562209, 36.457000502455486 ], [ 128.659750136772431, 36.459610995889676 ], [ 128.658452753603541, 36.459658769474842 ], [ 128.65971153283607, 36.460207128420663 ], [ 128.660864159416292, 36.462367131198057 ], [ 128.658479162125815, 36.466763197598141 ], [ 128.658948705215636, 36.471154700795388 ], [ 128.660697124038791, 36.473883987297526 ], [ 128.664673924636787, 36.475422522611332 ], [ 128.665436153593049, 36.474650497946925 ], [ 128.660455374870878, 36.471390541300018 ], [ 128.659860161294063, 36.468956975624337 ], [ 128.660163787581126, 36.466559559374872 ], [ 128.662127401957008, 36.462860437428077 ], [ 128.661156455812346, 36.459440950740365 ], [ 128.66169879844125, 36.457726806512838 ], [ 128.665347223302433, 36.454433058033686 ], [ 128.671931829809154, 36.454350895530908 ], [ 128.678760860587857, 36.451327505917483 ], [ 128.682290111061178, 36.447675404851971 ], [ 128.67794637178423, 36.43811061758749 ], [ 128.674566520927272, 36.435783810580013 ], [ 128.666988541845228, 36.438356076246471 ], [ 128.661611184949095, 36.436156797353576 ], [ 128.66085364770683, 36.434412985887946 ], [ 128.661106497275398, 36.432411826523946 ], [ 128.666091172115898, 36.430182521779209 ], [ 128.666123641828932, 36.428936809649301 ] ] ] } },
{ "type": "Feature", "properties": { "wid": "21-377163-9-028", "name": "충주 비내섬", "area_ha": 92.955536867395452, "bbox5186": "271638.5,500353.1,273088.1,502143.0" }, "geometry": { "type": "Polygon", "coordinates": [ [ [ 127.813817822660155, 37.106181633557618 ], [ 127.806029762782316, 37.115010973102713 ], [ 127.806923361265632, 37.115565341554877 ], [ 127.818021238955069, 37.111769794833954 ], [ 127.819773963322774, 37.106226201350474 ], [ 127.822205490622579, 37.102624122689434 ], [ 127.820767297965148, 37.099342581792989 ], [ 127.816682784101175, 37.101222425307419 ], [ 127.813817822660155, 37.106181633557618 ] ] ] } },
{ "type": "Feature", "properties": { "wid": "13-356154-2-054", "name": "영산습지", "area_ha": 92.023855323046376, "bbox5186": "172820.5,266960.8,176105.1,268738.3" }, "geometry": { "type": "Polygon", "coordinates": [ [ [ 126.710477946606332, 35.000550883865529 ], [ 126.702723376995564, 34.998427421038954 ], [ 126.702265800243524, 35.000460712874379 ], [ 126.708704691346867, 35.001715730700134 ], [ 126.711389710533098, 35.003255389928228 ], [ 126.716693652038501, 35.008752774186846 ], [ 126.722367997037026, 35.010219808839253 ], [ 126.725982958782382, 35.009025584583163 ], [ 126.726466135919509, 35.008026144069532 ], [ 126.731002175590078, 35.006861784372859 ], [ 126.73536998501838, 35.010612107380268 ], [ 126.736559270188053, 35.014527577682351 ], [ 126.738073619003458, 35.014465054518126 ], [ 126.736606138832073, 35.00947725621819 ], [ 126.737439368023203, 35.009287067752133 ], [ 126.737616871722778, 35.012024037090384 ], [ 126.738220324689991, 35.00865328240706 ], [ 126.735940594746964, 35.005214089911334 ], [ 126.731945127091237, 35.004935820263086 ], [ 126.723179610129876, 35.007027176906298 ], [ 126.719802962982129, 35.007100553534251 ], [ 126.720252642309646, 35.008236426399421 ], [ 126.718223964140805, 35.008161426506504 ], [ 126.717240216282661, 35.007511949097193 ], [ 126.718674769150851, 35.007683840148779 ], [ 126.718268457453689, 35.007006863817516 ], [ 126.718866153098546, 35.006820762811891 ], [ 126.715737657898515, 35.005782299523752 ], [ 126.710477946606332, 35.000550883865529 ] ], [ [ 126.720437991268398, 35.009142738794807 ], [ 126.724908677506519, 35.008236251144368 ], [ 126.722903058579064, 35.009768539570643 ], [ 126.720437991268398, 35.009142738794807 ] ], [ [ 126.718423325603368, 35.009128166813085 ], [ 126.719480408490199, 35.009163965387877 ], [ 126.719851068610438, 35.009378448111519 ], [ 126.718423325603368, 35.009128166813085 ] ] ] } },
{ "type": "Feature", "properties": { "wid": "13-377164-2-050", "name": "버레습지", "area_ha": 91.959178227283545, "bbox5186": "284867.6,490132.2,288326.6,492309.3" }, "geometry": { "type": "Polygon", "coordinates": [ [ [ 127.976894180711497, 37.011901839080764 ], [ 127.960408131791439, 37.022811094290631 ], [ 127.955164698749201, 37.022267738415877 ], [ 127.953734210042853, 37.024247124997487 ], [ 127.95708730845557, 37.025842906631631 ], [ 127.961732013977525, 37.025494491866866 ], [ 127.973298868877805, 37.016317663177503 ], [ 127.97886267742507, 37.013477763167174 ], [ 127.988137529130299, 37.010664428644994 ], [ 127.992391362038688, 37.007815875632119 ], [ 127.99106929132131, 37.007666537689332 ], [ 127.992236005012117, 37.006581843679207 ], [ 127.991300854215567, 37.005945412026875 ], [ 127.987118482460943, 37.009536693193994 ], [ 127.983947396995703, 37.010809170824132 ], [ 127.976894180711497, 37.011901839080764 ] ] ] } },
{ "type": "Feature", "properties": { "wid": "15-377072-2-005", "name": "반곡리습지", "area_ha": 91.407546987661661, "bbox5186": "257289.3,565537.4,260252.3,566944.2" }, "geometry": { "type": "Polygon", "coordinates": [ [ [ 127.650635620854771, 37.689824152335262 ], [ 127.649574527487104, 37.695294335968555 ], [ 127.650838355491771, 37.698231708338099 ], [ 127.653704425317017, 37.69973757669419 ], [ 127.661115213649083, 37.700329633728494 ], [ 127.667259182279167, 37.698732760675831 ], [ 127.671568833248017, 37.69644147847314 ], [ 127.683106945309305, 37.688410711250889 ], [ 127.681817831112738, 37.687537031782391 ], [ 127.680711600971051, 37.687815512843152 ], [ 127.667050767726934, 37.69572022739807 ], [ 127.657738946139489, 37.698592543630184 ], [ 127.654377755694043, 37.698423845011632 ], [ 127.651683539876885, 37.696727841053161 ], [ 127.652522154250207, 37.689949773694913 ], [ 127.650635620854771, 37.689824152335262 ] ] ] } },
{ "type": "Feature", "properties": { "wid": "13-356125-2-003", "name": "임곡습지", "area_ha": 90.847630989207673, "bbox5186": "175529.6,288152.2,178070.2,292485.5" }, "geometry": { "type": "Polygon", "coordinates": [ [ [ 126.745995425497227, 35.214025728250405 ], [ 126.738193170731293, 35.216065984862844 ], [ 126.735350873257403, 35.221768039592888 ], [ 126.731301523397534, 35.226296499216282 ], [ 126.731195803268193, 35.228043073591792 ], [ 126.732998893398189, 35.228568042120443 ], [ 126.73309733410008, 35.226013843780869 ], [ 126.735858011359397, 35.224918453452396 ], [ 126.739277414222414, 35.21806481039485 ], [ 126.74683395556626, 35.214916214202105 ], [ 126.751714822533032, 35.209870655560302 ], [ 126.757371964936112, 35.205773771658905 ], [ 126.758779352804439, 35.203709787406773 ], [ 126.759185209518463, 35.200518011168548 ], [ 126.757729293028959, 35.194539147834639 ], [ 126.751938054561819, 35.189550157947032 ], [ 126.75086196883629, 35.189935530577948 ], [ 126.750955886147537, 35.190821752982366 ], [ 126.754845629606095, 35.193883469984023 ], [ 126.756499901030992, 35.196242940731629 ], [ 126.757216556026393, 35.203011722882422 ], [ 126.75384324955256, 35.206583272532683 ], [ 126.748376368730447, 35.210163011649229 ], [ 126.745995425497227, 35.214025728250405 ] ] ] } },
{ "type": "Feature", "properties": { "wid": "15-387133-2-038", "name": "조개못습지", "area_ha": 90.784988352609076, "bbox5186": "200481.5,609127.5,201682.5,611614.8" }, "geometry": { "type": "Polygon", "coordinates": [ [ [ 127.006691796076083, 38.082231572879977 ], [ 127.005488406098223, 38.085499259788243 ], [ 127.006204477110018, 38.088356930162114 ], [ 127.011654575241494, 38.097016113444006 ], [ 127.01371354965444, 38.103499769876798 ], [ 127.015655154384135, 38.103284208884951 ], [ 127.016744289774351, 38.104639032655733 ], [ 127.019182844127513, 38.103746755513733 ], [ 127.015580943746741, 38.097434583699773 ], [ 127.016656890713264, 38.096324509320766 ], [ 127.016147007427051, 38.094994830258273 ], [ 127.01535698305976, 38.094985026093745 ], [ 127.012537879636255, 38.089040220265183 ], [ 127.01003799896516, 38.08862964276026 ], [ 127.008656265714578, 38.087196395323588 ], [ 127.008605561861216, 38.082512534383405 ], [ 127.006691796076083, 38.082231572879977 ] ] ] } },
{ "type": "Feature", "properties": { "wid": "14-358082-2-013", "name": "오진습지", "area_ha": 89.801274281476935, "bbox5186": "376735.9,346771.3,378463.2,347974.0" }, "geometry": { "type": "Polygon", "coordinates": [ [ [ 128.969165595528295, 35.702035444953282 ], [ 128.965114068347049, 35.706382846896226 ], [ 128.962774944155541, 35.707498754181024 ], [ 128.957523158326893, 35.708920660178677 ], [ 128.953391619449377, 35.707947930875406 ], [ 128.952913822726003, 35.709738081558555 ], [ 128.953891396289436, 35.710226830440988 ], [ 128.952994466317705, 35.711050589551419 ], [ 128.956208532615136, 35.713084438003015 ], [ 128.960503483168111, 35.711875524458023 ], [ 128.964579457452913, 35.711923474923651 ], [ 128.966789975756853, 35.710470818027048 ], [ 128.97055850975471, 35.711138146595459 ], [ 128.970644166841197, 35.710040097557957 ], [ 128.968050014221689, 35.70837946961241 ], [ 128.971240167037763, 35.705708628116469 ], [ 128.971855731193443, 35.703967515515124 ], [ 128.969165595528295, 35.702035444953282 ] ] ] } },
{ "type": "Feature", "properties": { "wid": "14-376062-4-100", "name": "고려저수지습지", "area_ha": 89.372535862504463, "bbox5186": "146216.7,568397.5,147544.6,570002.7" }, "geometry": { "type": "Polygon", "coordinates": [ [ [ 126.396419278488366, 37.728194063159066 ], [ 126.39852044704493, 37.724081113778659 ], [ 126.400704733242165, 37.7237003207375 ], [ 126.403561381021959, 37.724763524880288 ], [ 126.405006208072109, 37.72380319551587 ], [ 126.401256491231123, 37.722651704646083 ], [ 126.397642242669946, 37.720052944704058 ], [ 126.397536311701899, 37.717867575515072 ], [ 126.398923529029517, 37.715607840055178 ], [ 126.40009422574802, 37.715154312922415 ], [ 126.396823532229575, 37.713733928413504 ], [ 126.396435850152443, 37.714829314411212 ], [ 126.393973156139211, 37.716002345015781 ], [ 126.39464077366695, 37.716887814954113 ], [ 126.394264347182215, 37.717987755654519 ], [ 126.38998652561358, 37.718639616673038 ], [ 126.390204219720644, 37.720723761334362 ], [ 126.391896127557743, 37.721600124512605 ], [ 126.391981929278131, 37.722759200642052 ], [ 126.390997219457205, 37.723473083177133 ], [ 126.391397525037476, 37.727365490198849 ], [ 126.396419278488366, 37.728194063159066 ] ] ] } },
{ "type": "Feature", "properties": { "wid": "14-357163-2-050", "name": "흥룡습지", "area_ha": 89.170810276642626, "bbox5186": "263063.1,278434.9,263770.4,280615.1" }, "geometry": { "type": "Polygon", "coordinates": [ [ [ 127.693482573524847, 35.103454258972668 ], [ 127.692015975233986, 35.107843177451208 ], [ 127.692625624938103, 35.112227441306942 ], [ 127.691794949084169, 35.11712107447687 ], [ 127.693277336418873, 35.119885137083813 ], [ 127.696301959878198, 35.119776763795329 ], [ 127.697124448998437, 35.113564484540007 ], [ 127.6969150064876, 35.107130992057435 ], [ 127.699420022116527, 35.101463329495012 ], [ 127.697417633655178, 35.100210276908861 ], [ 127.693482573524847, 35.103454258972668 ] ] ] } },
{ "type": "Feature", "properties": { "wid": "13-356164-2-116", "name": "죽청습지", "area_ha": 88.830656217938724, "bbox5186": "192252.2,267155.1,196120.1,268926.1" }, "geometry": { "type": "Polygon", "coordinates": [ [ [ 126.935001040257504, 35.008816305903281 ], [ 126.929375871439859, 35.008260616222913 ], [ 126.921979675839907, 35.010770041355961 ], [ 126.918383480776882, 35.010187186787206 ], [ 126.915843246553408, 35.008739635866668 ], [ 126.915117562571041, 35.010217396589368 ], [ 126.922822563054368, 35.012687818546127 ], [ 126.930284753720741, 35.010044074984172 ], [ 126.938855769182211, 35.010973512780325 ], [ 126.940918109065223, 35.011855183977133 ], [ 126.94270106612926, 35.015948309605939 ], [ 126.943993555204216, 35.016493346966236 ], [ 126.941465986670721, 35.010201414065079 ], [ 126.942782271818018, 35.009471922384634 ], [ 126.947613436489604, 35.009859895031518 ], [ 126.949231867910015, 35.009399976574599 ], [ 126.950048751642555, 35.00825916582685 ], [ 126.951112331357876, 35.008581392256069 ], [ 126.957497554416349, 35.001495322944308 ], [ 126.955696053645369, 35.00053470570289 ], [ 126.952184640027951, 35.005213353607992 ], [ 126.947648302890229, 35.008441134839799 ], [ 126.943292964679728, 35.007648666167896 ], [ 126.935001040257504, 35.008816305903281 ] ] ] } },
{ "type": "Feature", "properties": { "wid": "13-368063-2-034", "name": "삼강습지", "area_ha": 88.502296342209391, "bbox5186": "315646.2,441298.6,316903.0,444093.8" }, "geometry": { "type": "Polygon", "coordinates": [ [ [ 128.294997151829108, 36.56350431984405 ], [ 128.293800034230856, 36.571961346359139 ], [ 128.292026130117478, 36.574314385241379 ], [ 128.29283972592026, 36.57607438298632 ], [ 128.294283801293005, 36.576984119393288 ], [ 128.295745656770805, 36.581963817532021 ], [ 128.298900636702086, 36.586618684766307 ], [ 128.302799486202019, 36.588107058197899 ], [ 128.306297349796125, 36.588004792993189 ], [ 128.306251170782474, 36.586458150528429 ], [ 128.300113069541652, 36.585026776800191 ], [ 128.298117255818966, 36.582808452056497 ], [ 128.297004903596132, 36.571282244606202 ], [ 128.298311167878808, 36.56696536641504 ], [ 128.3014660588955, 36.566850766812955 ], [ 128.301478149100518, 36.565174625625183 ], [ 128.298007816330852, 36.564724979325113 ], [ 128.297025865502349, 36.562983065006023 ], [ 128.294997151829108, 36.56350431984405 ] ] ] } },
{ "type": "Feature", "properties": { "wid": "20-358151-5-301", "name": "남천하구습지(창원)", "area_ha": 88.467646413287582, "bbox5186": "345913.0,291426.1,350232.8,292869.8" }, "geometry": { "type": "Polygon", "coordinates": [ [ [ 128.631895147652784, 35.220098824731259 ], [ 128.634911993660069, 35.21889462649672 ], [ 128.644344063952445, 35.221156900732552 ], [ 128.650057131975643, 35.220343747353752 ], [ 128.649865610785213, 35.219345999039795 ], [ 128.643408734021989, 35.219868235248754 ], [ 128.630201166878919, 35.216614074807609 ], [ 128.622910635319073, 35.212106766446439 ], [ 128.616250823956335, 35.211402792281341 ], [ 128.608728811991767, 35.212075277973476 ], [ 128.603781047657463, 35.208690114140175 ], [ 128.602429891606562, 35.210898905568513 ], [ 128.609235061389285, 35.213355507478504 ], [ 128.617541037967527, 35.212727490118617 ], [ 128.621821487581656, 35.215980429517522 ], [ 128.627147387931501, 35.217177878925348 ], [ 128.631895147652784, 35.220098824731259 ] ] ] } },
{ "type": "Feature", "properties": { "wid": "13-356161-2-019", "name": "유덕습지", "area_ha": 88.361267549784799, "bbox5186": "183497.0,284888.0,185386.4,286483.5" }, "geometry": { "type": "Polygon", "coordinates": [ [ [ 126.822635051690099, 35.160252267298645 ], [ 126.818853819006819, 35.166232588710301 ], [ 126.819454754155288, 35.166494879370333 ], [ 126.821036303694555, 35.165072180208981 ], [ 126.82221765710905, 35.165441673415771 ], [ 126.826764758848441, 35.169789196801943 ], [ 126.835794565353297, 35.174651972973024 ], [ 126.839581059301636, 35.172268452161759 ], [ 126.836304890202214, 35.169243622659245 ], [ 126.833070540881053, 35.169506911968405 ], [ 126.830114798971636, 35.167749663545237 ], [ 126.826780223122128, 35.16353199688502 ], [ 126.82597703697499, 35.160312997963317 ], [ 126.822635051690099, 35.160252267298645 ] ] ] } },
{ "type": "Feature", "properties": { "wid": "14-367011-2-041", "name": "팽성습지", "area_ha": 88.242903688982508, "bbox5186": "202779.7,486440.2,204138.3,488067.9" }, "geometry": { "type": "Polygon", "coordinates": [ [ [ 127.040287472529798, 36.982010634813207 ], [ 127.035426170392171, 36.976812020633965 ], [ 127.03122043456608, 36.980296798090684 ], [ 127.032647166235904, 36.98104701838389 ], [ 127.033525078192113, 36.982680441034503 ], [ 127.034948362243938, 36.988024363229002 ], [ 127.036642333560096, 36.990527063742739 ], [ 127.038208701703766, 36.991478114317282 ], [ 127.046484812433377, 36.988759295377463 ], [ 127.041752864850267, 36.987513953534702 ], [ 127.039471827408818, 36.985945044932244 ], [ 127.040287472529798, 36.982010634813207 ] ] ] } },
{ "type": "Feature", "properties": { "wid": "20-358133-5-301", "name": "가화천하구습지", "area_ha": 87.903418672100429, "bbox5186": "293789.9,275720.1,295160.2,279218.0" }, "geometry": { "type": "Polygon", "coordinates": [ [ [ 128.032748973075542, 35.080834849837451 ], [ 128.033357865416718, 35.082254651249144 ], [ 128.036137395951812, 35.083293589483063 ], [ 128.036584546752152, 35.08414331829696 ], [ 128.03377123748237, 35.087034436573823 ], [ 128.035871865787954, 35.091604226416301 ], [ 128.031919328618528, 35.097664152724789 ], [ 128.030141077233878, 35.098144356314414 ], [ 128.0286349769639, 35.099687584277845 ], [ 128.028758345472284, 35.10453112510131 ], [ 128.030347770177485, 35.104896179845305 ], [ 128.029548514766475, 35.102041284705244 ], [ 128.030600876256131, 35.099735782957829 ], [ 128.033029993539003, 35.098425321548383 ], [ 128.038683441692882, 35.092548189333279 ], [ 128.038835242673173, 35.09076948737772 ], [ 128.035853635048227, 35.088341604880853 ], [ 128.038637577687155, 35.084001367835391 ], [ 128.037929650236691, 35.081696443846084 ], [ 128.03498007160772, 35.081254770904245 ], [ 128.035762007688163, 35.07849185428168 ], [ 128.041342469852054, 35.078812701227534 ], [ 128.043356311257071, 35.075603813801038 ], [ 128.041148242600769, 35.073276651636867 ], [ 128.039990134305839, 35.075840032589888 ], [ 128.035209258743947, 35.07665697699165 ], [ 128.033165194496092, 35.078800627102723 ], [ 128.032748973075542, 35.080834849837451 ] ] ] } },
{ "type": "Feature", "properties": { "wid": "15-368122-2-008", "name": "만음습지", "area_ha": 87.323798406733431, "bbox5186": "369795.9,427343.6,371521.6,430151.5" }, "geometry": { "type": "Polygon", "coordinates": [ [ [ 128.895297314840093, 36.435916536705967 ], [ 128.893608561837823, 36.437501209978812 ], [ 128.894736498113048, 36.439083521537029 ], [ 128.893831810408642, 36.439896186344427 ], [ 128.89565061179394, 36.441408956154625 ], [ 128.899238501172789, 36.448469965088464 ], [ 128.899670267446197, 36.450991351535762 ], [ 128.899045148705625, 36.453804370996956 ], [ 128.901440739495342, 36.454437478939049 ], [ 128.901578384315513, 36.44806148079541 ], [ 128.896664701948225, 36.439868316363757 ], [ 128.89640257144012, 36.438078549454076 ], [ 128.907253786759753, 36.439265263280163 ], [ 128.910314737460965, 36.435850999165673 ], [ 128.912731211526676, 36.436354708130018 ], [ 128.911381520643914, 36.435109499348748 ], [ 128.91271643931745, 36.431982299511496 ], [ 128.912500691049189, 36.428961034266159 ], [ 128.910866834782723, 36.429580975978638 ], [ 128.910573699296748, 36.433132983544148 ], [ 128.905628317125974, 36.436271913041409 ], [ 128.90096030761751, 36.437038341963259 ], [ 128.896182404690734, 36.436088087867475 ], [ 128.895135182748618, 36.435027100015532 ], [ 128.895297314840093, 36.435916536705967 ] ] ] } },
{ "type": "Feature", "properties": { "wid": "15-356104-2-027", "name": "와탄천습지", "area_ha": 86.882808678863526, "bbox5186": "150598.0,302460.1,154968.8,303709.6" }, "geometry": { "type": "Polygon", "coordinates": [ [ [ 126.494051210752943, 35.325661703752438 ], [ 126.495783415402315, 35.325479662147522 ], [ 126.498323602673238, 35.327135143843329 ], [ 126.497959390419695, 35.325740186305858 ], [ 126.494986017980708, 35.324249633053114 ], [ 126.496694767260067, 35.322345952052274 ], [ 126.504789397048796, 35.318479345158856 ], [ 126.50430557173533, 35.31775179625712 ], [ 126.495575281035386, 35.321982560007442 ], [ 126.491690010825238, 35.326004217181435 ], [ 126.489537177952229, 35.32696316778619 ], [ 126.489263899245131, 35.326172454890276 ], [ 126.487722013780754, 35.326864456826335 ], [ 126.475161349055639, 35.325975058221857 ], [ 126.467598568697028, 35.324051018655723 ], [ 126.461067947650506, 35.326233928884619 ], [ 126.457742480311239, 35.325361903187151 ], [ 126.45666725674117, 35.326950612120342 ], [ 126.462893365076667, 35.327767989191138 ], [ 126.468527380464181, 35.325974920969543 ], [ 126.476647198943823, 35.328872038993097 ], [ 126.480164685470271, 35.328151735436222 ], [ 126.48498356693807, 35.328933074949994 ], [ 126.491424635021488, 35.327812056187341 ], [ 126.494051210752943, 35.325661703752438 ] ] ] } },
{ "type": "Feature", "properties": { "wid": "13-366124-2-037", "name": "구드레습지", "area_ha": 86.702677236012249, "bbox5186": "190085.1,408220.2,191653.5,410386.8" }, "geometry": { "type": "Polygon", "coordinates": [ [ [ 126.889653451460376, 36.272600784381297 ], [ 126.891149600638926, 36.275546349568934 ], [ 126.889766840930776, 36.276651746381503 ], [ 126.890169490772976, 36.278422056807543 ], [ 126.895637860180074, 36.284193674470899 ], [ 126.896701082683023, 36.287411846787364 ], [ 126.904637377040771, 36.291433239579597 ], [ 126.907088241473346, 36.289901344388916 ], [ 126.894308671518587, 36.278523115194652 ], [ 126.892999250927616, 36.274818053375519 ], [ 126.892980976545445, 36.271898174665075 ], [ 126.889653451460376, 36.272600784381297 ] ] ] } },
{ "type": "Feature", "properties": { "wid": "15-367042-2-046", "name": "서우습지", "area_ha": 85.070046186238045, "bbox5186": "278848.0,482610.5,281687.1,483910.8" }, "geometry": { "type": "Polygon", "coordinates": [ [ [ 127.887947452767435, 36.939936847764947 ], [ 127.885132850906743, 36.941841076593931 ], [ 127.886309743678282, 36.94536896262337 ], [ 127.888490147557022, 36.947231379935609 ], [ 127.888916440245424, 36.950682852938868 ], [ 127.89090023090489, 36.950683304217584 ], [ 127.889401069148349, 36.944470920978695 ], [ 127.889989544675117, 36.94227152871305 ], [ 127.894972907921897, 36.941722275714497 ], [ 127.90529269524545, 36.942874002906514 ], [ 127.916992298704614, 36.940922651770101 ], [ 127.916212129379915, 36.939047261591263 ], [ 127.905876591025461, 36.941275575871892 ], [ 127.900305156661574, 36.940969233130829 ], [ 127.893225277057113, 36.938949353231408 ], [ 127.887947452767435, 36.939936847764947 ] ] ] } },
{ "type": "Feature", "properties": { "wid": "13-366124-2-076", "name": "호암습지", "area_ha": 84.955117130499204, "bbox5186": "191433.5,410216.6,193285.4,412152.5" }, "geometry": { "type": "Polygon", "coordinates": [ [ [ 126.904637377040771, 36.291433239579597 ], [ 126.911347806490738, 36.29632014452752 ], [ 126.912497769319259, 36.295366632632735 ], [ 126.913445384216956, 36.298180833521556 ], [ 126.914361637990652, 36.298173382598812 ], [ 126.915263036235928, 36.296460865208523 ], [ 126.918790373975241, 36.299218246503699 ], [ 126.920884756447549, 36.303392151509641 ], [ 126.920370772307891, 36.304099242639914 ], [ 126.921554086453767, 36.304311804004612 ], [ 126.92024857489389, 36.304922846650342 ], [ 126.921929902566035, 36.307056165714783 ], [ 126.921277131976254, 36.307357635376128 ], [ 126.92523808244934, 36.30685551308855 ], [ 126.92296872233392, 36.303666572253647 ], [ 126.920009172813579, 36.295131276175127 ], [ 126.918193280355709, 36.293162751669179 ], [ 126.911832938287134, 36.29258958055749 ], [ 126.907088241473346, 36.289901344388916 ], [ 126.904637377040771, 36.291433239579597 ] ] ] } },
{ "type": "Feature", "properties": { "wid": "20-346074-5-301", "name": "도암천하구습지", "area_ha": 84.749559401030098, "bbox5186": "174797.7,212750.5,177936.3,215032.0" }, "geometry": { "type": "Polygon", "coordinates": [ [ [ 126.759139166307648, 34.518463435903051 ], [ 126.759731184364369, 34.509892688439344 ], [ 126.744227812486841, 34.511197167225212 ], [ 126.742571524841608, 34.512945210620025 ], [ 126.74345007701406, 34.517301072536632 ], [ 126.742821289190275, 34.518492370942653 ], [ 126.737918418908478, 34.520167664266552 ], [ 126.727871211338041, 34.525916780687822 ], [ 126.725499411679692, 34.526114299616459 ], [ 126.727183645113115, 34.526674267813448 ], [ 126.728972145647049, 34.525987738787556 ], [ 126.728302549159693, 34.527922565699413 ], [ 126.728213920863766, 34.530393242008842 ], [ 126.728788166164492, 34.53032690981393 ], [ 126.72892938033894, 34.527757190251364 ], [ 126.73059105515982, 34.525192635440305 ], [ 126.738160933827629, 34.520977687513955 ], [ 126.743801286345004, 34.518907295095531 ], [ 126.744572776405548, 34.516987917103371 ], [ 126.743516226373558, 34.513484463325327 ], [ 126.744861529642421, 34.511936782107227 ], [ 126.747028079943661, 34.511762800057795 ], [ 126.754418412765858, 34.513488837315336 ], [ 126.752757660454463, 34.517542022763415 ], [ 126.753985708339769, 34.518058329785319 ], [ 126.755948340754202, 34.515780691239563 ], [ 126.757837523738601, 34.516268530800865 ], [ 126.75823636515122, 34.518445426308702 ], [ 126.759139166307648, 34.518463435903051 ] ] ] } },
{ "type": "Feature", "properties": { "wid": "13-358041-3-020", "name": "문천지", "area_ha": 84.526405415815091, "bbox5186": "365971.1,366895.7,367069.2,368485.5" }, "geometry": { "type": "Polygon", "coordinates": [ [ [ 128.843880766490486, 35.890920085184106 ], [ 128.841398448394102, 35.888262079134826 ], [ 128.841519682400872, 35.886181373098886 ], [ 128.838916955105049, 35.885440905767027 ], [ 128.838338085368918, 35.88784670767344 ], [ 128.840201620194875, 35.892816583728234 ], [ 128.838210449874737, 35.893629243681133 ], [ 128.8397377071351, 35.893921237089508 ], [ 128.838913663192642, 35.895256680982008 ], [ 128.840600051620527, 35.899740858231546 ], [ 128.847223832037258, 35.89644201497179 ], [ 128.850436865170963, 35.896453810825456 ], [ 128.850202216278575, 35.895603183144623 ], [ 128.845435582302741, 35.894404189634258 ], [ 128.847786846050383, 35.891600741082293 ], [ 128.847162724809749, 35.891143573577921 ], [ 128.850242559253957, 35.888486559992288 ], [ 128.848873053720496, 35.887737213331071 ], [ 128.843880766490486, 35.890920085184106 ] ] ] } },
{ "type": "Feature", "properties": { "wid": "20-359131-5-302", "name": "수영강하구습지", "area_ha": 83.877250255453802, "bbox5186": "392519.1,286559.3,394821.2,290632.4" }, "geometry": { "type": "Polygon", "coordinates": [ [ [ 129.117661751153321, 35.181674569218409 ], [ 129.113747650134854, 35.193706608823774 ], [ 129.114549431882807, 35.193595281617661 ], [ 129.120758384273898, 35.175729562200992 ], [ 129.122818587022635, 35.174004707275323 ], [ 129.127650523793761, 35.166199764497826 ], [ 129.138116810829132, 35.159257713716698 ], [ 129.135132496843738, 35.156626750812286 ], [ 129.128500423726109, 35.164198698181501 ], [ 129.125194942010552, 35.166046436166546 ], [ 129.118704964730426, 35.175520400209024 ], [ 129.117661751153321, 35.181674569218409 ] ] ] } },
{ "type": "Feature", "properties": { "wid": "20-379141-5-301", "name": "가곡천하구습지", "area_ha": 82.685690756916259, "bbox5186": "406417.8,509266.0,409118.7,510081.8" }, "geometry": { "type": "Polygon", "coordinates": [ [ [ 129.328441752310738, 37.160345684187632 ], [ 129.324599156974784, 37.159686962200603 ], [ 129.323760859518018, 37.161936632913978 ], [ 129.326364662140577, 37.162571071693037 ], [ 129.334320184662317, 37.166844948469425 ], [ 129.343612650430657, 37.165247101552389 ], [ 129.347178060344021, 37.165882765700545 ], [ 129.352007276550978, 37.165272578825821 ], [ 129.35287534322768, 37.161940207808136 ], [ 129.354134160803454, 37.161046775007982 ], [ 129.346403437924238, 37.162819904706218 ], [ 129.334961881785858, 37.163738769095218 ], [ 129.328441752310738, 37.160345684187632 ] ] ] } },
{ "type": "Feature", "properties": { "wid": "15-368052-2-020", "name": "막곡리습지", "area_ha": 82.47748392939296, "bbox5186": "307249.7,446239.5,308798.9,449590.5" }, "geometry": { "type": "Polygon", "coordinates": [ [ [ 128.211007489628543, 36.611058896365272 ], [ 128.200396930965127, 36.630945925243125 ], [ 128.199219486451398, 36.638724197005317 ], [ 128.201639113735695, 36.638654758698877 ], [ 128.203570920481411, 36.629795658622761 ], [ 128.210106878975324, 36.617298130525803 ], [ 128.212873740236432, 36.613107898191622 ], [ 128.216090093973037, 36.610015939598973 ], [ 128.214053699805561, 36.608378713673495 ], [ 128.211007489628543, 36.611058896365272 ] ] ] } },
{ "type": "Feature", "properties": { "wid": "13-366124-2-036", "name": "외리습지", "area_ha": 82.199250464898867, "bbox5186": "189852.4,406690.0,190793.7,408304.6" }, "geometry": { "type": "Polygon", "coordinates": [ [ [ 126.894052430923423, 36.258109067868638 ], [ 126.887862344582715, 36.263534920854809 ], [ 126.887074195791484, 36.265276186160641 ], [ 126.88939628600825, 36.272655519555663 ], [ 126.892980976545445, 36.271898174665075 ], [ 126.894700767211731, 36.263370810963643 ], [ 126.897555286355256, 36.260681423886851 ], [ 126.894052430923423, 36.258109067868638 ] ] ] } },
{ "type": "Feature", "properties": { "wid": "14-388134-2-047", "name": "이평리습지", "area_ha": 82.196354521760796, "bbox5186": "303771.7,611667.8,305912.5,613809.1" }, "geometry": { "type": "Polygon", "coordinates": [ [ [ 128.188105860661949, 38.100139538986745 ], [ 128.183666690782786, 38.099155554649073 ], [ 128.183062987572953, 38.100105744667928 ], [ 128.191168761131081, 38.103488578573256 ], [ 128.195302911576334, 38.104272685094607 ], [ 128.200585588241552, 38.104103509416895 ], [ 128.202521768859413, 38.106070116224139 ], [ 128.20278317658304, 38.107758364370966 ], [ 128.201229513413153, 38.109798504436419 ], [ 128.198324241289271, 38.109861506803647 ], [ 128.197701015604281, 38.111215556442474 ], [ 128.200218966835877, 38.111936675760248 ], [ 128.206442872019835, 38.118214104274742 ], [ 128.207753528041877, 38.117410579331356 ], [ 128.204049216832573, 38.113065902476322 ], [ 128.205201425662864, 38.107203872800532 ], [ 128.20179647164673, 38.102301108644582 ], [ 128.193667665707153, 38.10018676387871 ], [ 128.188105860661949, 38.100139538986745 ] ], [ [ 128.192607877867033, 38.101475856503185 ], [ 128.195015578587601, 38.101961282181243 ], [ 128.19528858754569, 38.102553977776218 ], [ 128.194358360951639, 38.102767934695862 ], [ 128.192607877867033, 38.101475856503185 ] ], [ [ 128.191326269176614, 38.1024464804281 ], [ 128.191493461316156, 38.101369149901714 ], [ 128.193433965442097, 38.102780030923611 ], [ 128.191326269176614, 38.1024464804281 ] ] ] } },
{ "type": "Feature", "properties": { "wid": "15-368083-2-032", "name": "정상습지", "area_ha": 81.858489519263728, "bbox5186": "357293.9,439784.7,359685.7,440846.5" }, "geometry": { "type": "Polygon", "coordinates": [ [ [ 128.770414011765212, 36.543539068028181 ], [ 128.768371381700007, 36.543281957618476 ], [ 128.765210860197072, 36.54463888901973 ], [ 128.75886026615558, 36.545422940310878 ], [ 128.756669377170482, 36.547052765256474 ], [ 128.758285020040034, 36.548915696101034 ], [ 128.765018091652962, 36.546719508924781 ], [ 128.769272683730975, 36.547159212295554 ], [ 128.774796549675671, 36.550019846032917 ], [ 128.776945040271983, 36.550209490861903 ], [ 128.777991186837909, 36.552050900937438 ], [ 128.780145213124314, 36.552673796590895 ], [ 128.782787718285846, 36.550446622084209 ], [ 128.783382027381407, 36.547199456278619 ], [ 128.78187842888093, 36.54722554477101 ], [ 128.781004223421064, 36.548546894526616 ], [ 128.778156950382254, 36.549294000021398 ], [ 128.770414011765212, 36.543539068028181 ] ] ] } },
{ "type": "Feature", "properties": { "wid": "14-358054-2-054", "name": "용주습지", "area_ha": 81.680736161132955, "bbox5186": "298148.8,326207.7,300784.0,327772.4" }, "geometry": { "type": "Polygon", "coordinates": [ [ [ 128.093369100092303, 35.529582185444873 ], [ 128.094727431493141, 35.53096409731981 ], [ 128.082277321631892, 35.538988554333919 ], [ 128.084744371168398, 35.540084838152119 ], [ 128.093488314073113, 35.532923842402653 ], [ 128.099450690155578, 35.530074855141777 ], [ 128.101384164070907, 35.529887777762646 ], [ 128.107436133170268, 35.532311691152188 ], [ 128.108053817150136, 35.537621580634138 ], [ 128.107295697745883, 35.541828359455181 ], [ 128.110695275028689, 35.54126896214958 ], [ 128.11028498135596, 35.536701612667571 ], [ 128.111264641765217, 35.533942880777843 ], [ 128.109010739176483, 35.530160359851443 ], [ 128.101605604837602, 35.527778632759222 ], [ 128.093369100092303, 35.529582185444873 ] ] ] } },
{ "type": "Feature", "properties": { "wid": "15-359012-2-001", "name": "오야리습지", "area_ha": 79.776207264150514, "bbox5186": "401484.8,372682.6,402372.4,376243.6" }, "geometry": { "type": "Polygon", "coordinates": [ [ [ 129.238832406251049, 35.94118328967474 ], [ 129.23317591906013, 35.953774242396875 ], [ 129.233932903106677, 35.960936818396476 ], [ 129.234884064731403, 35.962950911856147 ], [ 129.23644463888354, 35.961774820566319 ], [ 129.236831481338356, 35.960205230389654 ], [ 129.236163970061199, 35.952766195565943 ], [ 129.240426755612674, 35.943966532283895 ], [ 129.241924252449849, 35.937201583925209 ], [ 129.242430026182802, 35.933182562259844 ], [ 129.239335536816583, 35.93078235021823 ], [ 129.238832406251049, 35.94118328967474 ] ] ] } },
{ "type": "Feature", "properties": { "wid": "15-377133-2-043", "name": "방이습지(평택)", "area_ha": 79.729258519773225, "bbox5186": "207649.8,499568.6,212022.1,500981.2" }, "geometry": { "type": "Polygon", "coordinates": [ [ [ 127.088088145829587, 37.095081572508732 ], [ 127.086049825652026, 37.09599494945283 ], [ 127.087370027882457, 37.097616806468835 ], [ 127.091808924998205, 37.096760142229655 ], [ 127.099996617066964, 37.100833551986682 ], [ 127.106574462466469, 37.102690327035674 ], [ 127.117140580932329, 37.10299753518656 ], [ 127.121780069301792, 37.105184253706653 ], [ 127.130203471242908, 37.106153860857674 ], [ 127.132824972025276, 37.107568329273128 ], [ 127.13498538823346, 37.107765926017358 ], [ 127.135251044386635, 37.106583425501363 ], [ 127.122040845228625, 37.10364226177667 ], [ 127.117716274006369, 37.101356123313003 ], [ 127.107922505788835, 37.101342914564007 ], [ 127.101763180796809, 37.099462427657741 ], [ 127.093934726291664, 37.09567719649187 ], [ 127.088088145829587, 37.095081572508732 ] ] ] } },
{ "type": "Feature", "properties": { "wid": "15-357103-2-057", "name": "용전습지(남원)", "area_ha": 79.284163809845694, "bbox5186": "228167.9,300789.0,229234.2,302946.2" }, "geometry": { "type": "Polygon", "coordinates": [ [ [ 127.321044144311173, 35.305610315938409 ], [ 127.311738767871105, 35.303303811640113 ], [ 127.311439630106392, 35.306153697801598 ], [ 127.314044409116278, 35.307000524396791 ], [ 127.315384464285088, 35.309190881564206 ], [ 127.309778461864482, 35.322076392917296 ], [ 127.312455636325993, 35.322745502554376 ], [ 127.317663817009986, 35.311703238793584 ], [ 127.321458490003366, 35.310290737932839 ], [ 127.321044144311173, 35.305610315938409 ] ] ] } },
{ "type": "Feature", "properties": { "wid": "14-366044-3-037", "name": "신정호습지", "area_ha": 79.095948022968969, "bbox5186": "197152.1,462426.6,198383.9,464151.7" }, "geometry": { "type": "Polygon", "coordinates": [ [ [ 126.971999152610991, 36.760426891573005 ], [ 126.968104722481115, 36.761354063626413 ], [ 126.971487663703613, 36.765598288525027 ], [ 126.970876345349026, 36.767998718304284 ], [ 126.971520140216398, 36.771666421773197 ], [ 126.975782527672621, 36.774027390929653 ], [ 126.976458521444485, 36.775898244640196 ], [ 126.980155060721188, 36.775973711356755 ], [ 126.981897651326207, 36.772887664675537 ], [ 126.978463884511896, 36.770964108867453 ], [ 126.976386180963587, 36.76705917255925 ], [ 126.972396987010413, 36.762842883490379 ], [ 126.971999152610991, 36.760426891573005 ] ] ] } },
{ "type": "Feature", "properties": { "wid": "14-358054-2-062", "name": "임북습지", "area_ha": 78.591701370063035, "bbox5186": "307000.5,332172.2,308777.6,333342.2" }, "geometry": { "type": "Polygon", "coordinates": [ [ [ 128.1976905242866, 35.580932360973719 ], [ 128.197725381156403, 35.583050812014349 ], [ 128.194309434866852, 35.586446308308098 ], [ 128.189905535995479, 35.587741682909765 ], [ 128.183144903440564, 35.586719555988623 ], [ 128.180620648886475, 35.589504789138402 ], [ 128.190036706993425, 35.591237168526099 ], [ 128.196104933020479, 35.590259637271608 ], [ 128.198339147838084, 35.588406138937273 ], [ 128.200140831215208, 35.584930184656855 ], [ 128.200094866742432, 35.580593012458408 ], [ 128.1976905242866, 35.580932360973719 ] ] ] } },
{ "type": "Feature", "properties": { "wid": "15-359021-2-030", "name": "국당습지", "area_ha": 78.570203740540251, "bbox5186": "405039.5,378314.8,406903.6,380105.0" }, "geometry": { "type": "Polygon", "coordinates": [ [ [ 129.274912586766874, 35.980860258835826 ], [ 129.273427970578751, 35.983748234287219 ], [ 129.282379547809796, 35.987815657410124 ], [ 129.285217480606207, 35.993610073542634 ], [ 129.288101915656824, 35.995320144874071 ], [ 129.291756816279502, 35.995718867076903 ], [ 129.291784315007334, 35.996668906627313 ], [ 129.294310007930648, 35.995250168439092 ], [ 129.294391031392394, 35.994028651416826 ], [ 129.290780094300743, 35.993652594769088 ], [ 129.288060955937709, 35.991293408578066 ], [ 129.286838938800969, 35.989020042889322 ], [ 129.286653864697882, 35.985988964832686 ], [ 129.274912586766874, 35.980860258835826 ] ] ] } },
{ "type": "Feature", "properties": { "wid": "20-378044-5-301", "name": "남대천하구습지(강릉)", "area_ha": 78.396591052109784, "bbox5186": "369164.3,575877.9,371945.5,576478.6" }, "geometry": { "type": "Polygon", "coordinates": [ [ [ 128.950318499667219, 37.766530179652896 ], [ 128.942722545322596, 37.769401436266641 ], [ 128.930327883126296, 37.769745724817632 ], [ 128.92556319346923, 37.768976018091394 ], [ 128.921013751672035, 37.76713601584045 ], [ 128.919884174146517, 37.768741706291451 ], [ 128.924162241093143, 37.770529431321073 ], [ 128.924421001173158, 37.771317940534281 ], [ 128.927246074010043, 37.771902339765909 ], [ 128.942974916688598, 37.772062842022784 ], [ 128.949395963470948, 37.770291115365758 ], [ 128.951381452073178, 37.768978157620843 ], [ 128.951409243382102, 37.767358899791127 ], [ 128.950318499667219, 37.766530179652896 ] ] ] } },
{ "type": "Feature", "properties": { "wid": "15-377133-2-068", "name": "금암습지", "area_ha": 77.841369102697954, "bbox5186": "203124.0,499448.8,205031.7,501732.6" }, "geometry": { "type": "Polygon", "coordinates": [ [ [ 127.0528921085062, 37.094214941541708 ], [ 127.049674949135778, 37.094024405311885 ], [ 127.040065931038384, 37.097004267981283 ], [ 127.036063681139012, 37.097148822401905 ], [ 127.035142082992238, 37.098889961363355 ], [ 127.037732380341367, 37.100427287105681 ], [ 127.038449781390312, 37.099826044906905 ], [ 127.03943669932741, 37.100525849924978 ], [ 127.039307961729833, 37.101744135174819 ], [ 127.041655775704498, 37.103882465958549 ], [ 127.048571910924835, 37.105262070508047 ], [ 127.046411284482005, 37.109769166671107 ], [ 127.046860088845676, 37.111436862345116 ], [ 127.049687699975195, 37.113548708962846 ], [ 127.04993141876956, 37.114602852551471 ], [ 127.051593010663069, 37.114251626928365 ], [ 127.050744242965578, 37.111940761290938 ], [ 127.048655674676297, 37.10958264741285 ], [ 127.050481830800024, 37.106457888668672 ], [ 127.050499914629384, 37.104889124691837 ], [ 127.049881624161841, 37.103870280287083 ], [ 127.042080981846226, 37.101782830471265 ], [ 127.040417618726082, 37.09837016691251 ], [ 127.050603758905027, 37.095259376694408 ], [ 127.054923448963422, 37.097171322386501 ], [ 127.056600278113706, 37.096675847833247 ], [ 127.0528921085062, 37.094214941541708 ] ] ] } },
{ "type": "Feature", "properties": { "wid": "15-387132-3-034", "name": "학저수지", "area_ha": 77.47428285630815, "bbox5186": "219077.6,625459.7,220496.4,626400.8" }, "geometry": { "type": "Polygon", "coordinates": [ [ [ 127.225166615435796, 38.230084116051358 ], [ 127.218326482031529, 38.23044748532795 ], [ 127.217892439576431, 38.231965394671874 ], [ 127.220453289138945, 38.236186696959294 ], [ 127.224199064874654, 38.234859795474804 ], [ 127.228210277615602, 38.235915117123731 ], [ 127.228205015313051, 38.237520515853298 ], [ 127.229492624012138, 38.23762340957277 ], [ 127.230291892025747, 38.236807438325847 ], [ 127.230923056051665, 38.237378264227743 ], [ 127.231749859412787, 38.235527104571794 ], [ 127.23410899308297, 38.235685484189837 ], [ 127.230921333869745, 38.230332392751031 ], [ 127.227780263722124, 38.229148451245948 ], [ 127.225166615435796, 38.230084116051358 ] ] ] } },
{ "type": "Feature", "properties": { "wid": "20-366032-5-301", "name": "서원천하구습지", "area_ha": 76.929631968958589, "bbox5186": "174536.2,484724.6,176420.0,488135.5" }, "geometry": { "type": "Polygon", "coordinates": [ [ [ 126.719241470593019, 36.985679085730098 ], [ 126.721266989908301, 36.97912307997656 ], [ 126.726835470906323, 36.977561831136079 ], [ 126.722056188972999, 36.977988664917234 ], [ 126.724635088922696, 36.974812048886818 ], [ 126.730346827394257, 36.973918668672077 ], [ 126.732556040890614, 36.975159051123086 ], [ 126.735174712359097, 36.975908314852141 ], [ 126.731412746513698, 36.973880536001261 ], [ 126.732223480103428, 36.972310877213999 ], [ 126.735068198073691, 36.971968539399143 ], [ 126.732748317451353, 36.971881341623607 ], [ 126.733053891582472, 36.970242056038664 ], [ 126.730870392246985, 36.972580846252555 ], [ 126.726588620742291, 36.97310090065006 ], [ 126.721824105488764, 36.975101051423593 ], [ 126.720704807201159, 36.974373952724676 ], [ 126.720638841539056, 36.962922819829529 ], [ 126.721745726371196, 36.961769326554432 ], [ 126.720793975715736, 36.961030004721557 ], [ 126.719932560648246, 36.961690273803278 ], [ 126.720177654100425, 36.965902522456588 ], [ 126.716728007060567, 36.964377817392368 ], [ 126.719601188690731, 36.966316562515523 ], [ 126.71804780716694, 36.975239020146738 ], [ 126.716709661706233, 36.977510168083874 ], [ 126.714170839352306, 36.977066156826034 ], [ 126.714003948019652, 36.979646455367558 ], [ 126.720393523749323, 36.980566362357116 ], [ 126.718713112184048, 36.985493113278963 ], [ 126.718363151115554, 36.991759302568624 ], [ 126.719080537556906, 36.991567270073354 ], [ 126.719241470593019, 36.985679085730098 ] ] ] } },
{ "type": "Feature", "properties": { "wid": "13-356123-2-103", "name": "장성하천습지", "area_ha": 76.904960900529574, "bbox5186": "178113.9,298574.4,180181.6,302137.5" }, "geometry": { "type": "Polygon", "coordinates": [ [ [ 126.761068960103557, 35.283508555383207 ], [ 126.759417252896142, 35.284474220641314 ], [ 126.761487048282376, 35.287502309090272 ], [ 126.76451640807305, 35.290255522137912 ], [ 126.770628368806427, 35.293475126726477 ], [ 126.772191636567754, 35.295449305535314 ], [ 126.7700089432483, 35.299085673883106 ], [ 126.769141029107644, 35.298083536829601 ], [ 126.766439144942012, 35.298668724866225 ], [ 126.764973413286128, 35.30177279133644 ], [ 126.763555436945836, 35.302784931654962 ], [ 126.763983049117456, 35.303194973321538 ], [ 126.765466409053218, 35.302005391697797 ], [ 126.766445992965956, 35.299346543056643 ], [ 126.767665177559124, 35.298613400695743 ], [ 126.771850138551542, 35.300394296156938 ], [ 126.775599457188449, 35.305516392491313 ], [ 126.772992358880913, 35.312246302462874 ], [ 126.77441131889907, 35.315649692266824 ], [ 126.775233782357446, 35.315284380836445 ], [ 126.773878121879378, 35.312832928098167 ], [ 126.775610769988234, 35.308188872987003 ], [ 126.780816327064301, 35.31055991779305 ], [ 126.782076274285657, 35.310632498986358 ], [ 126.782041077066168, 35.308996512339895 ], [ 126.779829830085149, 35.309399910244402 ], [ 126.776990855630331, 35.307741659518896 ], [ 126.776645294065347, 35.303449762888043 ], [ 126.773893488365928, 35.300987607388606 ], [ 126.774153140944108, 35.295383581074837 ], [ 126.772201801400882, 35.291821441988205 ], [ 126.765184962993459, 35.289056239929899 ], [ 126.761908824322177, 35.285744629288871 ], [ 126.761068960103557, 35.283508555383207 ] ] ] } },
{ "type": "Feature", "properties": { "wid": "15-377152-2-085", "name": "개치나루습지", "area_ha": 76.715364202898087, "bbox5186": "266039.2,509617.6,266880.6,512144.9" }, "geometry": { "type": "Polygon", "coordinates": [ [ [ 127.747481900188205, 37.192408983900705 ], [ 127.743908971900282, 37.20464855979688 ], [ 127.746652469168438, 37.20608105652849 ], [ 127.749213397904455, 37.199860390028476 ], [ 127.752471926446646, 37.184417672618103 ], [ 127.753180902171792, 37.183913995336063 ], [ 127.749781669197858, 37.183289514767822 ], [ 127.747537634036775, 37.189151399797851 ], [ 127.747481900188205, 37.192408983900705 ] ] ] } },
{ "type": "Feature", "properties": { "wid": "15-367041-2-042", "name": "검단습지", "area_ha": 76.239104614126205, "bbox5186": "272339.2,485479.1,278367.9,487094.5" }, "geometry": { "type": "Polygon", "coordinates": [ [ [ 127.812458880641387, 36.978665225877748 ], [ 127.819200483576779, 36.979886688171959 ], [ 127.83567864144436, 36.972879633498827 ], [ 127.837125373976178, 36.970650130891663 ], [ 127.839186474666647, 36.969256958542218 ], [ 127.842683079903679, 36.968618570529934 ], [ 127.849357887840654, 36.969526130671639 ], [ 127.856375091194423, 36.966901396953006 ], [ 127.862498113976741, 36.968567284278244 ], [ 127.876035191174779, 36.965718142993239 ], [ 127.87820910928771, 36.967768208856739 ], [ 127.877567678954435, 36.970877995946836 ], [ 127.878658487921669, 36.973549671684196 ], [ 127.879236929622792, 36.97414278983625 ], [ 127.880108601125173, 36.973574972759415 ], [ 127.878807208167331, 36.970954427747166 ], [ 127.879369260644282, 36.967586618682084 ], [ 127.876761540558775, 36.964919850298614 ], [ 127.861870627259094, 36.967692407666085 ], [ 127.856653369822254, 36.966081227559528 ], [ 127.849141922441035, 36.968584266217725 ], [ 127.842918247463359, 36.967744675093932 ], [ 127.839513313618156, 36.968341874024084 ], [ 127.836794972076376, 36.969704544861138 ], [ 127.834198353862632, 36.972351210065035 ], [ 127.821235878019053, 36.978242608229017 ], [ 127.819144647783304, 36.97886887583882 ], [ 127.812843185143663, 36.977417329673472 ], [ 127.812458880641387, 36.978665225877748 ] ] ] } },
{ "type": "Feature", "properties": { "wid": "13-366161-3-047", "name": "복심저수지", "area_ha": 76.022259319541632, "bbox5186": "182643.5,393528.0,184922.5,394422.4" }, "geometry": { "type": "Polygon", "coordinates": [ [ [ 126.831913689828369, 36.147063867907718 ], [ 126.8324678127818, 36.14565875588157 ], [ 126.831667257234685, 36.144349075361767 ], [ 126.826951825824821, 36.141744163746409 ], [ 126.827034957083939, 36.140316765175747 ], [ 126.824331536215212, 36.139410717981285 ], [ 126.820957898504091, 36.141091888769438 ], [ 126.81860513993054, 36.140875662755143 ], [ 126.811512761840319, 36.142904151545622 ], [ 126.809381224790613, 36.144007464700543 ], [ 126.807142686465198, 36.146584046116203 ], [ 126.808069509126938, 36.14744619063292 ], [ 126.810384741003148, 36.14577993617695 ], [ 126.814057976968527, 36.14539186649619 ], [ 126.815808467707583, 36.143772392418391 ], [ 126.817801639062097, 36.145284968919434 ], [ 126.817817937083177, 36.143041880377716 ], [ 126.822515530791293, 36.145573225061632 ], [ 126.822900543131837, 36.141864411335916 ], [ 126.82459538324656, 36.140670998184078 ], [ 126.82541273459475, 36.142353852453425 ], [ 126.824584543082082, 36.14354404320752 ], [ 126.824846696365015, 36.14457451080289 ], [ 126.830506747476619, 36.14716372178782 ], [ 126.831913689828369, 36.147063867907718 ] ] ] } },
{ "type": "Feature", "properties": { "wid": "14-378144-2-043", "name": "사평습지", "area_ha": 75.879377115850716, "bbox5186": "322827.7,491077.3,323807.5,493923.6" }, "geometry": { "type": "Polygon", "coordinates": [ [ [ 128.382830797607994, 37.025858980453094 ], [ 128.383193241843344, 37.01572834515153 ], [ 128.384658512055296, 37.011895489929003 ], [ 128.383325004892157, 37.010538808285823 ], [ 128.381130981486507, 37.011605029082894 ], [ 128.380104555462736, 37.013060386014047 ], [ 128.380576248718313, 37.025592409149091 ], [ 128.383196688165071, 37.030791323286898 ], [ 128.385456610901514, 37.033385975911543 ], [ 128.389579098958194, 37.036111050655443 ], [ 128.391493388209653, 37.03391088742088 ], [ 128.389815274599698, 37.033591780876861 ], [ 128.387228081414293, 37.031610118935241 ], [ 128.385064467665956, 37.029182863034492 ], [ 128.383619940125186, 37.025936276810008 ], [ 128.382830797607994, 37.025858980453094 ] ] ] } },
{ "type": "Feature", "properties": { "wid": "14-378112-2-052", "name": "정선습지", "area_ha": 75.87766801463286, "bbox5186": "345592.2,531673.6,348025.6,533060.5" }, "geometry": { "type": "Polygon", "coordinates": [ [ [ 128.657949892449807, 37.376402959500659 ], [ 128.654265093384993, 37.380204221840742 ], [ 128.648800443643523, 37.380803092144774 ], [ 128.647750540375199, 37.38116638712286 ], [ 128.647914680650075, 37.381856911027597 ], [ 128.644750486734608, 37.382804600251262 ], [ 128.643925339689901, 37.385293621502967 ], [ 128.644917785021278, 37.385449191420882 ], [ 128.64593988400182, 37.383759245423938 ], [ 128.648835748491649, 37.382672920532052 ], [ 128.657243148452949, 37.382299508544811 ], [ 128.659528120139811, 37.377479045485231 ], [ 128.660886025719151, 37.376753653506107 ], [ 128.665273562341213, 37.37555407196507 ], [ 128.667095195520034, 37.376555454676485 ], [ 128.66734650228716, 37.377759148676148 ], [ 128.670369332885741, 37.37773900480294 ], [ 128.670012943991424, 37.37439530676852 ], [ 128.67113966223593, 37.37358567367724 ], [ 128.664478522378346, 37.372680506957117 ], [ 128.657949892449807, 37.376402959500659 ] ] ] } },
{ "type": "Feature", "properties": { "wid": "13-367092-2-028", "name": "장암습지(공주)", "area_ha": 75.862652595301341, "bbox5186": "216153.7,426313.8,218958.5,427815.0" }, "geometry": { "type": "Polygon", "coordinates": [ [ [ 127.19138302447017, 36.442927601866323 ], [ 127.180180385984656, 36.446331615081363 ], [ 127.181099814387409, 36.448392990298132 ], [ 127.187749809700151, 36.447358092075625 ], [ 127.203783233191857, 36.438512995166462 ], [ 127.209712236623702, 36.436882431153094 ], [ 127.211434190179276, 36.434814822289063 ], [ 127.204354389733439, 36.436007678325886 ], [ 127.19138302447017, 36.442927601866323 ] ] ] } },
{ "type": "Feature", "properties": { "wid": "13-358102-0-011", "name": "번개늪", "area_ha": 75.414812058752347, "bbox5186": "333760.9,316398.6,335320.7,317777.9" }, "geometry": { "type": "Polygon", "coordinates": [ [ [ 128.475486346743082, 35.435382897421469 ], [ 128.473078039461086, 35.436831729652724 ], [ 128.473126186783617, 35.438628174252038 ], [ 128.475490989821822, 35.439076939301401 ], [ 128.478974365048003, 35.444926478014487 ], [ 128.481045279848331, 35.444951554516997 ], [ 128.484049341032346, 35.446254768163108 ], [ 128.484259382703044, 35.447437285863124 ], [ 128.48522311973781, 35.446122271693845 ], [ 128.486174664024503, 35.446361999163948 ], [ 128.486479714350821, 35.447678525242978 ], [ 128.487462797868432, 35.447596119558568 ], [ 128.487604993611569, 35.446645386218627 ], [ 128.490433998540823, 35.446569031602372 ], [ 128.489232291730076, 35.446201748249287 ], [ 128.489835854714613, 35.445486845314974 ], [ 128.488411632954012, 35.443680352917092 ], [ 128.481309569246235, 35.44038274141537 ], [ 128.483215416203365, 35.440120516558025 ], [ 128.482910029025305, 35.439321283095907 ], [ 128.480461112199549, 35.437949946565048 ], [ 128.479085470919642, 35.438057832439881 ], [ 128.475486346743082, 35.435382897421469 ] ] ] } },
{ "type": "Feature", "properties": { "wid": "13-368112-2-001", "name": "미천보1습지", "area_ha": 75.144924444864515, "bbox5186": "347411.4,431477.6,351127.8,433815.3" }, "geometry": { "type": "Polygon", "coordinates": [ [ [ 128.663544328931749, 36.478999225818292 ], [ 128.672430708470955, 36.478197393665489 ], [ 128.680227519951416, 36.479442112268259 ], [ 128.684071332359963, 36.477538065222831 ], [ 128.686251057412136, 36.475151940741434 ], [ 128.685377419006443, 36.473552312793167 ], [ 128.681796707177568, 36.471203352066205 ], [ 128.680815914274234, 36.469698006451878 ], [ 128.67770905567491, 36.469961590050154 ], [ 128.6723497568033, 36.473288715699503 ], [ 128.673605074563199, 36.474024389683343 ], [ 128.677063444408873, 36.471581741263876 ], [ 128.680475945957312, 36.47157156887647 ], [ 128.684316911573319, 36.474502576078855 ], [ 128.684289057125852, 36.475380588987655 ], [ 128.681868889940944, 36.477588957790822 ], [ 128.678448733826002, 36.478342644837319 ], [ 128.672042918375155, 36.476973799558792 ], [ 128.663265964983708, 36.477877696513303 ], [ 128.658053412293839, 36.480448865429992 ], [ 128.649217166780772, 36.48137238110877 ], [ 128.647634446792296, 36.482452985437597 ], [ 128.646930830789188, 36.484951403255472 ], [ 128.644983143610375, 36.484397098702466 ], [ 128.651557440906316, 36.491170458205445 ], [ 128.652686370669699, 36.490679969582473 ], [ 128.648411326768297, 36.485941933230976 ], [ 128.64882916983828, 36.482807711729087 ], [ 128.652349342935963, 36.481748929168468 ], [ 128.658129397405787, 36.481448875453566 ], [ 128.663544328931749, 36.478999225818292 ] ] ] } },
{ "type": "Feature", "properties": { "wid": "13-356161-2-012", "name": "연제습지", "area_ha": 75.064323347985365, "bbox5186": "186502.8,288595.6,187363.0,290762.8" }, "geometry": { "type": "Polygon", "coordinates": [ [ [ 126.858205330476238, 35.193717800642361 ], [ 126.853440117212784, 35.195431909988088 ], [ 126.851790852862152, 35.197243425419288 ], [ 126.852680369338103, 35.2014574336335 ], [ 126.854153788046901, 35.201608841723889 ], [ 126.854592192217922, 35.202700906679461 ], [ 126.85416752171902, 35.206212063471327 ], [ 126.852372715810745, 35.206409988625552 ], [ 126.852316229657717, 35.207280625431942 ], [ 126.853727261690238, 35.207372473383039 ], [ 126.853602033510313, 35.208002366762038 ], [ 126.852279626073184, 35.208087290390317 ], [ 126.853297180904462, 35.213246058451823 ], [ 126.857198679830418, 35.213028990637419 ], [ 126.855926092081376, 35.210358582780913 ], [ 126.85661858911125, 35.200020897964798 ], [ 126.861240359251738, 35.19495797335577 ], [ 126.858205330476238, 35.193717800642361 ] ] ] } },
{ "type": "Feature", "properties": { "wid": "20-356143-5-301", "name": "우간천하구습지", "area_ha": 74.189640123150539, "bbox5186": "135852.8,276107.6,137632.4,278551.2" }, "geometry": { "type": "Polygon", "coordinates": [ [ [ 126.296853367924101, 35.100037477263491 ], [ 126.298915343509719, 35.098616279011232 ], [ 126.301667548646023, 35.098296861930478 ], [ 126.304100612542754, 35.095909665098638 ], [ 126.304891771569032, 35.094306201071404 ], [ 126.304715628061487, 35.091802150712546 ], [ 126.306313444947492, 35.088432150842308 ], [ 126.311335095541722, 35.082776871559787 ], [ 126.314764338361471, 35.081280228430167 ], [ 126.315413339733553, 35.083657146318217 ], [ 126.31614954836472, 35.07939972055226 ], [ 126.311636363887558, 35.079284952835593 ], [ 126.309355654370478, 35.080073284878537 ], [ 126.306665648194041, 35.083355068677044 ], [ 126.305356782640814, 35.083827996768392 ], [ 126.303447882312028, 35.088066902092052 ], [ 126.301470500127451, 35.090024970873266 ], [ 126.304257354541392, 35.09153001921117 ], [ 126.302923925150068, 35.093325955794967 ], [ 126.302714394941205, 35.095524036678626 ], [ 126.300279495946143, 35.097609244184497 ], [ 126.298048189940559, 35.098191234429002 ], [ 126.296460230751819, 35.099968496995174 ], [ 126.296573378652781, 35.101223826163746 ], [ 126.296853367924101, 35.100037477263491 ] ] ] } },
{ "type": "Feature", "properties": { "wid": "15-377071-2-004", "name": "모곡밤벌유원지습지", "area_ha": 74.186768964804443, "bbox5186": "252613.1,564861.6,253926.3,567489.6" }, "geometry": { "type": "Polygon", "coordinates": [ [ [ 127.606841775923385, 37.681857969495567 ], [ 127.606598802043948, 37.688075877544435 ], [ 127.608551743113523, 37.694122095131711 ], [ 127.607857475325957, 37.69907646835145 ], [ 127.605524705243923, 37.702937382893936 ], [ 127.601937134268411, 37.703811666405883 ], [ 127.597257280059111, 37.702827287487899 ], [ 127.596623481551504, 37.703969312868836 ], [ 127.605706915587007, 37.705541128308347 ], [ 127.608880921995123, 37.704287759705224 ], [ 127.610456019097313, 37.702629053054928 ], [ 127.61146302817275, 37.697666739910609 ], [ 127.60862498233486, 37.681857789879047 ], [ 127.606841775923385, 37.681857969495567 ] ], [ [ 127.609109420373898, 37.701170151489443 ], [ 127.608110934795562, 37.703591685935493 ], [ 127.604911565030022, 37.704652358153282 ], [ 127.607575054006659, 37.70156728348632 ], [ 127.609109420373898, 37.701170151489443 ] ] ] } },
{ "type": "Feature", "properties": { "wid": "15-357094-2-036", "name": "제월리습지", "area_ha": 73.979039856047805, "bbox5186": "219666.6,303643.2,221424.8,304562.0" }, "geometry": { "type": "Polygon", "coordinates": [ [ [ 127.224229595826003, 35.333612176792748 ], [ 127.220625659475928, 35.332977960655171 ], [ 127.218504238081934, 35.330634745384891 ], [ 127.2163102173634, 35.331544529356904 ], [ 127.219401124764843, 35.336514309355053 ], [ 127.226908850035613, 35.337500026769646 ], [ 127.230832022291807, 35.336584959320994 ], [ 127.233785532946186, 35.33472344342055 ], [ 127.235644519972269, 35.330214078774198 ], [ 127.233335205092757, 35.329206362091213 ], [ 127.230164743676923, 35.332843904695878 ], [ 127.224229595826003, 35.333612176792748 ] ] ] } },
{ "type": "Feature", "properties": { "wid": "14-358083-2-018", "name": "내호습지", "area_ha": 73.504844588464465, "bbox5186": "358988.4,330240.8,361809.2,331848.1" }, "geometry": { "type": "Polygon", "coordinates": [ [ [ 128.755439073663354, 35.558847607202367 ], [ 128.755337894453248, 35.556787221791296 ], [ 128.753876009732778, 35.55640117653806 ], [ 128.753529459748762, 35.558970025633499 ], [ 128.754885156678114, 35.561463635620292 ], [ 128.7610272948221, 35.564100962592327 ], [ 128.76733646366668, 35.565235991525562 ], [ 128.770207721451612, 35.568412792047241 ], [ 128.769012525921426, 35.569985740847763 ], [ 128.76946297663639, 35.57065770015808 ], [ 128.77252936453948, 35.569111310269761 ], [ 128.779744832954719, 35.568810321995862 ], [ 128.784830766975318, 35.56767805221078 ], [ 128.783897571978514, 35.565484035546767 ], [ 128.778806240051267, 35.567364304616987 ], [ 128.772288195400932, 35.566624957266733 ], [ 128.767109485160347, 35.563086449864592 ], [ 128.762202663046054, 35.562525677103537 ], [ 128.755439073663354, 35.558847607202367 ] ] ] } },
{ "type": "Feature", "properties": { "wid": "14-358083-2-015", "name": "평능습지", "area_ha": 73.250577051465186, "bbox5186": "359334.1,327159.5,360922.0,329853.9" }, "geometry": { "type": "Polygon", "coordinates": [ [ [ 128.76783525944569, 35.544410966194562 ], [ 128.766146750882541, 35.546503882258982 ], [ 128.762331669019773, 35.548270121802993 ], [ 128.762688700360172, 35.549166063910064 ], [ 128.758587810389884, 35.550326278898282 ], [ 128.757181146046776, 35.551606617522147 ], [ 128.758866617260963, 35.552841861277216 ], [ 128.766604524265063, 35.549828769325167 ], [ 128.773553743714331, 35.544175577567565 ], [ 128.774389797120875, 35.537932645033891 ], [ 128.773209123729629, 35.537738242895863 ], [ 128.770992553410565, 35.543080469928533 ], [ 128.768978061775783, 35.542526093663824 ], [ 128.771087707168363, 35.537329658350309 ], [ 128.771906420683081, 35.53209629225428 ], [ 128.770676173989642, 35.528388054878285 ], [ 128.770062119507742, 35.528537652343047 ], [ 128.770978033857091, 35.532291066042028 ], [ 128.769003084347617, 35.537340438100969 ], [ 128.76783525944569, 35.544410966194562 ] ] ] } },
{ "type": "Feature", "properties": { "wid": "20-347014-5-302", "name": "득량천하구습지", "area_ha": 73.150071233885285, "bbox5186": "218270.3,238021.4,220910.2,240449.6" }, "geometry": { "type": "Polygon", "coordinates": [ [ [ 127.228337104009597, 34.757121584041109 ], [ 127.208666800368647, 34.737752035192116 ], [ 127.208639282678803, 34.739837067143704 ], [ 127.211351583969886, 34.742764709249563 ], [ 127.199537545745045, 34.751626656941937 ], [ 127.200188712903682, 34.752183566250878 ], [ 127.212945595177217, 34.742631226913453 ], [ 127.219690672709902, 34.750340800495536 ], [ 127.215776840781174, 34.753829074383034 ], [ 127.219372493897424, 34.75309160042292 ], [ 127.220961929116086, 34.754860913950488 ], [ 127.217337903639503, 34.756882103752247 ], [ 127.217889259309629, 34.757633801844499 ], [ 127.218614378102501, 34.758004787492219 ], [ 127.222900299147497, 34.756392495146812 ], [ 127.226138710701022, 34.75960908993126 ], [ 127.228386349864934, 34.757949893875207 ], [ 127.228337104009597, 34.757121584041109 ] ] ] } },
{ "type": "Feature", "properties": { "wid": "15-359014-2-016", "name": "대천습지(경주)", "area_ha": 72.619531673249057, "bbox5186": "392253.8,359330.9,398708.5,361728.8" }, "geometry": { "type": "Polygon", "coordinates": [ [ [ 129.133991013368558, 35.825395469447862 ], [ 129.143230939783081, 35.822566556691932 ], [ 129.147681289249419, 35.823735052848804 ], [ 129.154888753278186, 35.821787660435014 ], [ 129.160818448674405, 35.821487433563213 ], [ 129.171489856264913, 35.817165497005533 ], [ 129.176174386371599, 35.817061819773635 ], [ 129.178800683588548, 35.81483457280833 ], [ 129.188397940421794, 35.81219217389512 ], [ 129.192115762698904, 35.813311991071579 ], [ 129.19591191214846, 35.815705247159073 ], [ 129.197516155401132, 35.817757344192813 ], [ 129.198593602191949, 35.815909401353025 ], [ 129.190407906491799, 35.811586985567182 ], [ 129.188339087097006, 35.811418340079086 ], [ 129.179961122695119, 35.813417791115882 ], [ 129.17500000904198, 35.816188336751608 ], [ 129.171317921255849, 35.816092743716155 ], [ 129.161941623056777, 35.820312974013419 ], [ 129.156771303531997, 35.820666303957317 ], [ 129.148555953615016, 35.823019291159049 ], [ 129.145869364307231, 35.822843843073933 ], [ 129.143209026341765, 35.821546046250013 ], [ 129.140437225596685, 35.822109063275242 ], [ 129.133361670829402, 35.82486600933084 ], [ 129.130126992286222, 35.830511790561864 ], [ 129.127731066196304, 35.832610472657819 ], [ 129.127671866908997, 35.834081152877211 ], [ 129.128861722953786, 35.834093412186277 ], [ 129.133991013368558, 35.825395469447862 ] ] ] } },
{ "type": "Feature", "properties": { "wid": "15-356074-2-094", "name": "갈곡천하구하류부습지", "area_ha": 72.469059564822786, "bbox5186": "168856.0,327719.1,170657.5,329951.3" }, "geometry": { "type": "Polygon", "coordinates": [ [ [ 126.673114600457737, 35.550748672367327 ], [ 126.666202394317509, 35.554071741471851 ], [ 126.662705754684325, 35.558908275649962 ], [ 126.660977890752363, 35.558003035913522 ], [ 126.659793368326916, 35.558771207899575 ], [ 126.66045988309159, 35.559480603172176 ], [ 126.659430204671978, 35.560924276937826 ], [ 126.657385384941776, 35.560629167984771 ], [ 126.658600378554823, 35.561790777878912 ], [ 126.65646610813836, 35.563842370037101 ], [ 126.66417035885658, 35.566083062534211 ], [ 126.664864955662594, 35.560071559349069 ], [ 126.666354808023428, 35.556682315268198 ], [ 126.667842655743783, 35.556154658890129 ], [ 126.666665209137378, 35.555502476736059 ], [ 126.668521792384496, 35.554078140054592 ], [ 126.672414207985895, 35.553206409108164 ], [ 126.675147057918394, 35.551053395482171 ], [ 126.676402309520824, 35.547713861004844 ], [ 126.675454187798266, 35.545995243256016 ], [ 126.674183779288498, 35.546263107894447 ], [ 126.674181321307316, 35.54850642946321 ], [ 126.673114600457737, 35.550748672367327 ] ] ] } },
{ "type": "Feature", "properties": { "wid": "13-356124-2-062", "name": "남산습지", "area_ha": 72.320936526262557, "bbox5186": "194949.5,297426.3,196163.5,300850.9" }, "geometry": { "type": "Polygon", "coordinates": [ [ [ 126.951458211922073, 35.277111717349527 ], [ 126.945697853904207, 35.273384021160695 ], [ 126.944488937809425, 35.274857167468753 ], [ 126.946959683623206, 35.278345568547238 ], [ 126.951784167039975, 35.294630306627866 ], [ 126.954862133899113, 35.29916252620059 ], [ 126.955769706024881, 35.3042554235086 ], [ 126.956970486296626, 35.304053055636629 ], [ 126.957817343158354, 35.303608994292595 ], [ 126.95738951869653, 35.299634843189068 ], [ 126.951826683245926, 35.289671151886793 ], [ 126.949455308703008, 35.282822699019107 ], [ 126.949329682773225, 35.278032917428632 ], [ 126.954137120181827, 35.280517130620197 ], [ 126.954450790355963, 35.279804287907602 ], [ 126.951965062974551, 35.278731631127854 ], [ 126.951458211922073, 35.277111717349527 ] ] ] } },
{ "type": "Feature", "properties": { "wid": "20-346111-5-302", "name": "현산천하구습지", "area_ha": 71.932650852355124, "bbox5186": "155061.3,202705.1,158658.0,204323.1" }, "geometry": { "type": "Polygon", "coordinates": [ [ [ 126.546308261946109, 34.429185310525831 ], [ 126.541779606874613, 34.427326748445161 ], [ 126.541522951632317, 34.426314350777588 ], [ 126.53165105933671, 34.425031130974538 ], [ 126.52519036805441, 34.419427097360646 ], [ 126.523023586731469, 34.418643412868654 ], [ 126.516199225446371, 34.421033418599201 ], [ 126.513127432332993, 34.42118890061694 ], [ 126.511126894230728, 34.424561384868127 ], [ 126.511688936844806, 34.425000836710105 ], [ 126.522838808959932, 34.421107278547723 ], [ 126.530704671583493, 34.426189482096774 ], [ 126.543701826425121, 34.428544593168951 ], [ 126.546518833504336, 34.430282264106545 ], [ 126.549068911312773, 34.433327802360004 ], [ 126.550208724231354, 34.432993051969298 ], [ 126.546308261946109, 34.429185310525831 ] ] ] } },
{ "type": "Feature", "properties": { "wid": "18-356073-9-025", "name": "고창 인천강하구", "area_ha": 71.609141298978216, "bbox5186": "163281.5,322557.2,165085.7,326043.3" }, "geometry": { "type": "Polygon", "coordinates": [ [ [ 126.599720787046977, 35.524622321527495 ], [ 126.599924131644272, 35.521636995277689 ], [ 126.598530658549933, 35.516314702754677 ], [ 126.59866379681884, 35.513264247366564 ], [ 126.59947733734613, 35.512597285505436 ], [ 126.598724314809729, 35.512843541753639 ], [ 126.598462024138314, 35.512165792907815 ], [ 126.60079112797149, 35.511969829096735 ], [ 126.600404758020332, 35.50963418280049 ], [ 126.601978114017669, 35.509112123293782 ], [ 126.602522814862013, 35.509972858353414 ], [ 126.602493485704642, 35.508990344377224 ], [ 126.606839130260866, 35.508454791500917 ], [ 126.612980484176944, 35.505819416537555 ], [ 126.615177555707433, 35.501137873347531 ], [ 126.61299418666519, 35.49928682565826 ], [ 126.613934581074687, 35.501537685711639 ], [ 126.612828697757237, 35.504144311619832 ], [ 126.610921591599364, 35.505796570798857 ], [ 126.605226985230772, 35.507902437408219 ], [ 126.598769496245083, 35.508858143549993 ], [ 126.598476529431991, 35.508145141589083 ], [ 126.596287972932586, 35.510673194898814 ], [ 126.595705730068644, 35.515994319840679 ], [ 126.598441134786285, 35.522558602052733 ], [ 126.595942112244629, 35.522939617465077 ], [ 126.595423858537075, 35.523835573084497 ], [ 126.596207242870008, 35.523273084297756 ], [ 126.598260738873975, 35.523803595362899 ], [ 126.597716124863354, 35.526009058636063 ], [ 126.595150950023736, 35.529221712596375 ], [ 126.596189019529277, 35.530651945760177 ], [ 126.598184673348698, 35.528446827624691 ], [ 126.599720787046977, 35.524622321527495 ] ], [ [ 126.604090074073369, 35.508445801220539 ], [ 126.604302408080557, 35.508304092366537 ], [ 126.604291930555576, 35.50841762186883 ], [ 126.604090074073369, 35.508445801220539 ] ], [ [ 126.598367076943305, 35.511088423524505 ], [ 126.598661784081983, 35.510567551634601 ], [ 126.599545002268755, 35.510070265137571 ], [ 126.599387601727571, 35.510689836997649 ], [ 126.598367076943305, 35.511088423524505 ] ], [ [ 126.597849693105942, 35.512936167036749 ], [ 126.597445826603064, 35.511913647474444 ], [ 126.598658691814208, 35.511631976568005 ], [ 126.597849693105942, 35.512936167036749 ] ], [ [ 126.598235777144467, 35.515096065736465 ], [ 126.597317041246001, 35.514746002151227 ], [ 126.598099530082621, 35.513457950807314 ], [ 126.598493318051226, 35.513629607712133 ], [ 126.598235777144467, 35.515096065736465 ] ], [ [ 126.598149727728867, 35.522850553489796 ], [ 126.597934013429409, 35.522775928190995 ], [ 126.598265376569103, 35.52265175182248 ], [ 126.598149727728867, 35.522850553489796 ] ] ] } },
{ "type": "Feature", "properties": { "wid": "13-358124-2-001", "name": "감노습지", "area_ha": 71.351543198923295, "bbox5186": "374362.9,307447.3,375666.5,308640.4" }, "geometry": { "type": "Polygon", "coordinates": [ [ [ 128.924379471548747, 35.359148107624264 ], [ 128.932490591032888, 35.351688604346947 ], [ 128.928867643041315, 35.348324787695475 ], [ 128.920984502496566, 35.35305711537729 ], [ 128.918250997097886, 35.355890543529412 ], [ 128.924379471548747, 35.359148107624264 ] ] ] } },
{ "type": "Feature", "properties": { "wid": "20-346022-5-304", "name": "도림천하구습지", "area_ha": 70.892591606707626, "bbox5186": "144396.0,254234.5,147413.8,257119.2" }, "geometry": { "type": "Polygon", "coordinates": [ [ [ 126.417565377824459, 34.888242111456393 ], [ 126.414615918032482, 34.886886685298634 ], [ 126.39798902282044, 34.884566448525774 ], [ 126.395748872118176, 34.883654852900165 ], [ 126.395215332958927, 34.882573244015845 ], [ 126.391764814182864, 34.882940019126409 ], [ 126.395549606146375, 34.885771211247082 ], [ 126.401262705199656, 34.887170486987259 ], [ 126.401322990139462, 34.889868622862714 ], [ 126.405647546357244, 34.892577767147436 ], [ 126.403220122583988, 34.890593649096012 ], [ 126.402100058655421, 34.888459079059871 ], [ 126.402333456695501, 34.887196487750955 ], [ 126.408485498052386, 34.888282097910974 ], [ 126.408679803299506, 34.88910330199981 ], [ 126.409452680571874, 34.888413895285844 ], [ 126.411339129554705, 34.888648390698243 ], [ 126.412655638357421, 34.889806726645531 ], [ 126.41232022171846, 34.888517930053517 ], [ 126.413074563476655, 34.888276398111067 ], [ 126.416971063267212, 34.889215461142079 ], [ 126.41581656834245, 34.894061163224066 ], [ 126.418384386197502, 34.896052012202539 ], [ 126.418686677305502, 34.898799069522823 ], [ 126.422501175702536, 34.903874006868946 ], [ 126.422370204059533, 34.907889940526275 ], [ 126.424595476307118, 34.908718049281454 ], [ 126.422839286482329, 34.907623557464994 ], [ 126.423024589794167, 34.903814297392664 ], [ 126.419789267341173, 34.898987318364512 ], [ 126.419295740304946, 34.896048257070767 ], [ 126.4164405319314, 34.893543160973437 ], [ 126.418186595678023, 34.890588683854332 ], [ 126.417565377824459, 34.888242111456393 ] ] ] } },
{ "type": "Feature", "properties": { "wid": "15-368083-2-033", "name": "임하습지", "area_ha": 70.756298183712019, "bbox5186": "363649.8,436501.5,365295.8,439265.3" }, "geometry": { "type": "Polygon", "coordinates": [ [ [ 128.837667705168229, 36.512651690476865 ], [ 128.835745702663388, 36.515348312325614 ], [ 128.838097763620823, 36.519554078569186 ], [ 128.832671311689467, 36.532605966000155 ], [ 128.827381198698475, 36.535822709314466 ], [ 128.829412409403147, 36.537680992855748 ], [ 128.833688400781881, 36.533597665296121 ], [ 128.836041917355459, 36.532839729829931 ], [ 128.83882660439636, 36.533177042942107 ], [ 128.841000314342295, 36.535197815061728 ], [ 128.844894005670596, 36.536435989561994 ], [ 128.845738545671423, 36.534951559273317 ], [ 128.836851886824974, 36.530501727872299 ], [ 128.836573613342722, 36.52949867693961 ], [ 128.839716756457307, 36.520182349498427 ], [ 128.837759413463516, 36.516151639362675 ], [ 128.838870510355719, 36.513670222595557 ], [ 128.837667705168229, 36.512651690476865 ] ] ] } },
{ "type": "Feature", "properties": { "wid": "15-357024-2-007", "name": "원주평습지", "area_ha": 70.362351824716882, "bbox5186": "242004.0,357688.4,243573.4,359307.6" }, "geometry": { "type": "Polygon", "coordinates": [ [ [ 127.480240229870688, 35.826753290106481 ], [ 127.482195841565769, 35.823482034321863 ], [ 127.481804480633159, 35.820981732611848 ], [ 127.479720894451759, 35.823943463977557 ], [ 127.478487920908449, 35.824464795003145 ], [ 127.475617466476692, 35.820595402596553 ], [ 127.470085582499451, 35.820017832058056 ], [ 127.46747674390511, 35.818775266907785 ], [ 127.467729301767577, 35.817122290221789 ], [ 127.465806325146005, 35.815637284058731 ], [ 127.465170678527286, 35.816119211585359 ], [ 127.466297254424447, 35.81765688865363 ], [ 127.464797721337106, 35.818197138523125 ], [ 127.466556981101405, 35.820251485214158 ], [ 127.471489731514112, 35.822434895143346 ], [ 127.478580885372708, 35.830180150931696 ], [ 127.481110095419993, 35.828957872823288 ], [ 127.480240229870688, 35.826753290106481 ] ] ] } },
{ "type": "Feature", "properties": { "wid": "13-358114-0-025", "name": "산남저수지", "area_ha": 68.681438083205379, "bbox5186": "351664.8,305117.4,352408.5,306811.6" }, "geometry": { "type": "Polygon", "coordinates": [ [ [ 128.674335375866292, 35.335581854803969 ], [ 128.673743515689011, 35.332053723120971 ], [ 128.671408030940199, 35.331163207631285 ], [ 128.669287152794794, 35.335197477577246 ], [ 128.670747616039904, 35.339094836726687 ], [ 128.6705447824869, 35.341796749262244 ], [ 128.67164562427763, 35.342698052001857 ], [ 128.669874385529027, 35.343265064875908 ], [ 128.668369720616369, 35.346473407585655 ], [ 128.669839691475175, 35.346442289759118 ], [ 128.675617713297811, 35.343623552450687 ], [ 128.676448854621839, 35.341582514654775 ], [ 128.676133296844824, 35.338446195428823 ], [ 128.675259356204947, 35.337028101302209 ], [ 128.673249076275368, 35.3365026101553 ], [ 128.674335375866292, 35.335581854803969 ] ] ] } },
{ "type": "Feature", "properties": { "wid": "13-368071-2-047", "name": "석탑교습지", "area_ha": 68.570725263655433, "bbox5186": "342390.8,456862.6,344567.8,458887.0" }, "geometry": { "type": "Polygon", "coordinates": [ [ [ 128.593413642492379, 36.701176947672629 ], [ 128.595415135270031, 36.702406168506151 ], [ 128.596117575594349, 36.704069957541861 ], [ 128.596071368158192, 36.706867363160598 ], [ 128.594420765159697, 36.710278245981769 ], [ 128.594600203046355, 36.712516693049508 ], [ 128.597535715984975, 36.715977807382409 ], [ 128.600990137595403, 36.717195523140973 ], [ 128.606683668000102, 36.717689140201237 ], [ 128.610514280773259, 36.716866086413326 ], [ 128.613957466210792, 36.713630720584867 ], [ 128.618013898148007, 36.712649389237249 ], [ 128.617038284562568, 36.711807578446816 ], [ 128.614689544335704, 36.711660164158509 ], [ 128.611464307012994, 36.714661937991821 ], [ 128.608747703763129, 36.715715045889127 ], [ 128.60178657437902, 36.715450334558263 ], [ 128.597492767648049, 36.713147363478527 ], [ 128.596697047458719, 36.711956974945146 ], [ 128.59640026171806, 36.710215669724114 ], [ 128.598585327331961, 36.70495138070585 ], [ 128.597922734151979, 36.701972474413353 ], [ 128.593465553140305, 36.699626485521144 ], [ 128.593413642492379, 36.701176947672629 ] ] ] } },
{ "type": "Feature", "properties": { "wid": "20-347023-5-301", "name": "대강천하구습지", "area_ha": 68.145827689270376, "bbox5186": "232098.7,242184.8,235327.1,243487.5" }, "geometry": { "type": "Polygon", "coordinates": [ [ [ 127.352584670884326, 34.786652922235838 ], [ 127.357876447440347, 34.782176404644183 ], [ 127.363973144543266, 34.781258721894339 ], [ 127.368456538994266, 34.779464950584071 ], [ 127.373959931137762, 34.780052113585867 ], [ 127.378106208298178, 34.779139699562876 ], [ 127.380335509487267, 34.779748417632305 ], [ 127.38594943912932, 34.779182692136963 ], [ 127.385207166475169, 34.77485106665565 ], [ 127.373308377346575, 34.777533772126525 ], [ 127.368321498429125, 34.775874142040394 ], [ 127.367487122499298, 34.776671707286731 ], [ 127.36865656124624, 34.777766990392948 ], [ 127.363169568999609, 34.780630135110066 ], [ 127.357548495559058, 34.781879001731895 ], [ 127.353263206659861, 34.785891968392171 ], [ 127.350711058469088, 34.786697996834192 ], [ 127.352584670884326, 34.786652922235838 ] ] ] } },
{ "type": "Feature", "properties": { "wid": "13-358042-2-027", "name": "금노습지", "area_ha": 67.069377847235202, "bbox5186": "373064.4,372242.6,373737.8,375499.9" }, "geometry": { "type": "Polygon", "coordinates": [ [ [ 128.921575973847297, 35.936028459178559 ], [ 128.922091488900293, 35.944823790707758 ], [ 128.919542228388138, 35.957577074269757 ], [ 128.918369282618443, 35.960127875598076 ], [ 128.920134148866566, 35.960601543557118 ], [ 128.921481072605417, 35.957319865673803 ], [ 128.924740950257899, 35.9616270392861 ], [ 128.925381747641723, 35.961359948678577 ], [ 128.9223435688167, 35.955775111291032 ], [ 128.924056364609754, 35.949765373408688 ], [ 128.923596950499331, 35.938907482032988 ], [ 128.92520373421641, 35.934207792771304 ], [ 128.923580717727759, 35.932294686171915 ], [ 128.921575973847297, 35.936028459178559 ] ] ] } },
{ "type": "Feature", "properties": { "wid": "13-366161-3-048", "name": "복금리저수지", "area_ha": 66.994263796125296, "bbox5186": "185550.5,398279.3,187429.8,399137.7" }, "geometry": { "type": "Polygon", "coordinates": [ [ [ 126.839363932640225, 36.185776453635619 ], [ 126.843208273412884, 36.185187656493859 ], [ 126.846919147146508, 36.18745898909296 ], [ 126.849499035392242, 36.186525007532012 ], [ 126.852950757329268, 36.187799094654963 ], [ 126.852346282580484, 36.19000359775994 ], [ 126.854742217410063, 36.189960567665871 ], [ 126.860255388261365, 36.186246958022174 ], [ 126.85933613956044, 36.183682854178898 ], [ 126.85580388331222, 36.183327181649446 ], [ 126.854946508772969, 36.182270834414787 ], [ 126.852915667644453, 36.183971634511877 ], [ 126.845895218105085, 36.18349958372972 ], [ 126.839363932640225, 36.185776453635619 ] ] ] } },
{ "type": "Feature", "properties": { "wid": "13-358061-2-030", "name": "소가천습지", "area_ha": 66.654955758321947, "bbox5186": "314711.2,349070.9,316425.3,352194.7" }, "geometry": { "type": "Polygon", "coordinates": [ [ [ 128.277742537392953, 35.732126863119468 ], [ 128.277777982061025, 35.735867375776976 ], [ 128.274482096031363, 35.737614621339837 ], [ 128.274707803811253, 35.738390868168459 ], [ 128.280082966768731, 35.736580955262234 ], [ 128.28371442519196, 35.741839515620214 ], [ 128.284514751691063, 35.7462432460214 ], [ 128.268388187686668, 35.759903541559126 ], [ 128.268936784728282, 35.760333033824793 ], [ 128.278976109757593, 35.753138763974761 ], [ 128.285171912016892, 35.747443833546001 ], [ 128.285980053319776, 35.747582992985734 ], [ 128.286098321742458, 35.743939982175206 ], [ 128.287062236353222, 35.743114086925161 ], [ 128.287046242728763, 35.741639895396858 ], [ 128.284794368419654, 35.740048115837446 ], [ 128.282300725727396, 35.736746588474993 ], [ 128.280354353346894, 35.732060343738404 ], [ 128.277742537392953, 35.732126863119468 ] ] ] } },
{ "type": "Feature", "properties": { "wid": "14-366024-3-033", "name": "풍전습지", "area_ha": 66.650227619931997, "bbox5186": "147863.4,464023.6,149032.0,465371.9" }, "geometry": { "type": "Polygon", "coordinates": [ [ [ 126.429002826126919, 36.785600322460986 ], [ 126.426982467456199, 36.781901493818438 ], [ 126.428430409145946, 36.78182195398432 ], [ 126.428208274472112, 36.778397596145865 ], [ 126.426514693802261, 36.776423236264037 ], [ 126.42712265622427, 36.775708887104891 ], [ 126.419837747021646, 36.773406406595377 ], [ 126.418771040349966, 36.777311086949652 ], [ 126.419851381512416, 36.778434629231661 ], [ 126.415938547056058, 36.781979342671647 ], [ 126.419687361908231, 36.780428870634104 ], [ 126.422166403712367, 36.780429224054004 ], [ 126.424852645516523, 36.783283418567734 ], [ 126.427279990845435, 36.783920495218858 ], [ 126.429002826126919, 36.785600322460986 ] ] ] } },
{ "type": "Feature", "properties": { "wid": "13-366163-3-050", "name": "축동지", "area_ha": 66.009608908207312, "bbox5186": "181918.1,389226.6,183219.7,390489.8" }, "geometry": { "type": "Polygon", "coordinates": [ [ [ 126.799914736546711, 36.104087195622022 ], [ 126.799703853363937, 36.10491415988745 ], [ 126.801295001417344, 36.105911751900592 ], [ 126.801825251139292, 36.107479844798384 ], [ 126.799176652892839, 36.109588785613255 ], [ 126.799183866550109, 36.111990536707715 ], [ 126.801346883407788, 36.110447657129662 ], [ 126.801407690800616, 36.111881591584869 ], [ 126.803219477102374, 36.10864651363574 ], [ 126.805009084678076, 36.109382127903601 ], [ 126.804679853664467, 36.107783736008038 ], [ 126.807387844873134, 36.106736400790822 ], [ 126.8084626171227, 36.107766411272429 ], [ 126.809488272265114, 36.105232024111437 ], [ 126.811840472463558, 36.105691756529723 ], [ 126.81364311622221, 36.105145733001258 ], [ 126.812434495165121, 36.104347171706081 ], [ 126.812780555526771, 36.103125663123208 ], [ 126.809661532108379, 36.100623477045708 ], [ 126.804690822936152, 36.103352473517113 ], [ 126.799914736546711, 36.104087195622022 ] ] ] } },
{ "type": "Feature", "properties": { "wid": "15-357092-2-081", "name": "무수리습지", "area_ha": 65.88534866519224, "bbox5186": "217392.0,309087.5,219470.1,311044.4" }, "geometry": { "type": "Polygon", "coordinates": [ [ [ 127.192507566317857, 35.378349319154587 ], [ 127.191421204508217, 35.386206991910171 ], [ 127.194304064522385, 35.392306154112248 ], [ 127.198034217786201, 35.393595298456823 ], [ 127.207389161280943, 35.393543548382901 ], [ 127.212817667739031, 35.3959532571361 ], [ 127.214315544211829, 35.394608540016534 ], [ 127.208171166718074, 35.391592641872244 ], [ 127.200280096219203, 35.391974622485094 ], [ 127.195994164100938, 35.391152434196506 ], [ 127.193737469246898, 35.385975264905696 ], [ 127.19471860333293, 35.378846011842242 ], [ 127.192507566317857, 35.378349319154587 ] ] ] } },
{ "type": "Feature", "properties": { "wid": "13-367061-2-068", "name": "쌍청습지", "area_ha": 65.329451086867735, "bbox5186": "230869.7,447636.7,231992.2,451450.0" }, "geometry": { "type": "Polygon", "coordinates": [ [ [ 127.34770891127036, 36.634790309053969 ], [ 127.347849993161518, 36.631352073664736 ], [ 127.348766734318474, 36.630095015588836 ], [ 127.349576769023543, 36.630963136738892 ], [ 127.349137210490468, 36.629936232125559 ], [ 127.351205852908564, 36.628760480627726 ], [ 127.354584101539743, 36.632569478340521 ], [ 127.356808804329617, 36.633719891286177 ], [ 127.357704732293115, 36.633307189219146 ], [ 127.353805186562056, 36.628986183853812 ], [ 127.353201880042562, 36.626630607452562 ], [ 127.349885019915845, 36.627179271994947 ], [ 127.346426055058743, 36.632208694834318 ], [ 127.34623348984492, 36.634400810815798 ], [ 127.347615876022516, 36.636481105907244 ], [ 127.347765516472165, 36.64191179404984 ], [ 127.349531276490424, 36.647376494569613 ], [ 127.348253876347314, 36.650786510589782 ], [ 127.350171940425852, 36.648831741776441 ], [ 127.351983150383688, 36.654626078768175 ], [ 127.350784953746412, 36.65848554731236 ], [ 127.348990907168769, 36.659220732204687 ], [ 127.345269075483557, 36.659068474737161 ], [ 127.349390433822109, 36.661004697803406 ], [ 127.351903788197362, 36.658567854289643 ], [ 127.352888083104702, 36.654412536833696 ], [ 127.352274685186586, 36.650125873511577 ], [ 127.34888237164418, 36.640617206251299 ], [ 127.348401056853433, 36.636535583678814 ], [ 127.349004849068507, 36.63703034054339 ], [ 127.34770891127036, 36.634790309053969 ] ] ] } },
{ "type": "Feature", "properties": { "wid": "13-368081-4-010", "name": "송티재습지", "area_ha": 64.509437187991878, "bbox5186": "363691.9,457975.5,364435.6,459853.4" }, "geometry": { "type": "Polygon", "coordinates": [ [ [ 128.834589366910706, 36.707603130609172 ], [ 128.832092062915308, 36.713648526933987 ], [ 128.832132339345833, 36.71685183831157 ], [ 128.83388043914141, 36.718122340360075 ], [ 128.833879613498254, 36.720582062029507 ], [ 128.837083660768741, 36.723062623355638 ], [ 128.835682545877148, 36.717239512324817 ], [ 128.836380504232039, 36.717317040617132 ], [ 128.838884214587353, 36.713709546961169 ], [ 128.840268149134403, 36.70900209173233 ], [ 128.839605958554927, 36.706103924083322 ], [ 128.838034286541955, 36.706219208159197 ], [ 128.837660302844114, 36.708699111251114 ], [ 128.836913950780541, 36.709264744596922 ], [ 128.835261189598327, 36.708984807296474 ], [ 128.834589366910706, 36.707603130609172 ] ] ] } },
{ "type": "Feature", "properties": { "wid": "15-369052-2-029", "name": "반변천1습지", "area_ha": 64.437494144682844, "bbox5186": "389880.3,452637.9,392097.5,456763.3" }, "geometry": { "type": "Polygon", "coordinates": [ [ [ 129.127687726898102, 36.655499482507423 ], [ 129.12346280305141, 36.653288285390211 ], [ 129.125656012928914, 36.656477271702911 ], [ 129.130811958348488, 36.656918470572919 ], [ 129.137984021336024, 36.659336886141517 ], [ 129.140040798121049, 36.662578496504111 ], [ 129.140524015226674, 36.664278013276764 ], [ 129.139834005168296, 36.664964329676792 ], [ 129.145138881945883, 36.668531220504192 ], [ 129.147452305210919, 36.668955301008999 ], [ 129.144835956866416, 36.672444098438767 ], [ 129.145441412664695, 36.674591862366512 ], [ 129.144302529332066, 36.680624416721997 ], [ 129.145792584924664, 36.681273274917764 ], [ 129.146571715767692, 36.68423235459975 ], [ 129.144984801239985, 36.68891706199485 ], [ 129.143712662106765, 36.68927243204206 ], [ 129.142778504722287, 36.687174729586005 ], [ 129.137331931139983, 36.683341821722919 ], [ 129.132448856788216, 36.681991490759238 ], [ 129.132437047096573, 36.682616961938763 ], [ 129.140539448279299, 36.686264519068175 ], [ 129.143001965716763, 36.688454557053653 ], [ 129.143213778805801, 36.689717475504786 ], [ 129.144939678038639, 36.690071087862606 ], [ 129.146499564944889, 36.688235664776791 ], [ 129.147476367168736, 36.684100714464677 ], [ 129.146719613120865, 36.68102231240465 ], [ 129.145691717928713, 36.680783175495193 ], [ 129.145056429313598, 36.679134177857208 ], [ 129.146377271689488, 36.674661482143854 ], [ 129.14563390424405, 36.673227058418803 ], [ 129.148704193857384, 36.66945255868422 ], [ 129.142102379928531, 36.665341575817784 ], [ 129.139625910376566, 36.659711016071007 ], [ 129.143851030310287, 36.656135710670057 ], [ 129.143192350318145, 36.655891699253232 ], [ 129.139394006699035, 36.658807023747251 ], [ 129.127687726898102, 36.655499482507423 ] ] ] } },
{ "type": "Feature", "properties": { "wid": "13-359093-9-020", "name": "양산습지", "area_ha": 64.194608346945543, "bbox5186": "383006.1,300779.6,383820.2,302757.8" }, "geometry": { "type": "Polygon", "coordinates": [ [ [ 129.013067158630008, 35.286865321183328 ], [ 129.011636813650739, 35.287734408652163 ], [ 129.011866888217071, 35.289703207115139 ], [ 129.016617246281641, 35.304632760874071 ], [ 129.018334722565896, 35.304338259034679 ], [ 129.01894576031313, 35.302871795979677 ], [ 129.020943147255991, 35.302165262684674 ], [ 129.018316575971824, 35.301395402546852 ], [ 129.020294436204438, 35.299506896117791 ], [ 129.017631621735688, 35.295370019953552 ], [ 129.017449360296155, 35.294182639203861 ], [ 129.018482645121964, 35.293876123234469 ], [ 129.01388342038635, 35.288981155455467 ], [ 129.013067158630008, 35.286865321183328 ] ] ] } },
{ "type": "Feature", "properties": { "wid": "11-368054-2-003", "name": "이안습지", "area_ha": 64.169061082431497, "bbox5186": "301345.4,438956.1,304822.1,439960.7" }, "geometry": { "type": "Polygon", "coordinates": [ [ [ 128.152823939983165, 36.543356607878387 ], [ 128.142079195352807, 36.545062161450637 ], [ 128.131832197012358, 36.544939101066113 ], [ 128.132711452654775, 36.545958906357917 ], [ 128.141404617958415, 36.54665365377101 ], [ 128.152406591066523, 36.545107871377155 ], [ 128.15960468124004, 36.545518369343277 ], [ 128.16788372634079, 36.550520647593046 ], [ 128.166724323826259, 36.551775510873846 ], [ 128.167655325721, 36.552264702460356 ], [ 128.170200274782673, 36.55142425967135 ], [ 128.170730495495206, 36.549702467601655 ], [ 128.159861876114462, 36.543896595868901 ], [ 128.152823939983165, 36.543356607878387 ] ] ] } },
{ "type": "Feature", "properties": { "wid": "14-378112-2-051", "name": "어라전습지", "area_ha": 63.824945979911242, "bbox5186": "345619.1,536964.5,347005.7,539191.9" }, "geometry": { "type": "Polygon", "coordinates": [ [ [ 128.660576783384442, 37.420402235390242 ], [ 128.656570792768463, 37.420480976365575 ], [ 128.651882138868558, 37.422238528430626 ], [ 128.647208444051358, 37.426957009215847 ], [ 128.64524205626995, 37.430328612158817 ], [ 128.645259920114626, 37.432434711333471 ], [ 128.648962508040057, 37.438321053105454 ], [ 128.653419513525648, 37.440569625016359 ], [ 128.654509972632667, 37.439959756978858 ], [ 128.648719247470382, 37.432023428770023 ], [ 128.648598151958453, 37.429387229170679 ], [ 128.651963997925378, 37.424113097675097 ], [ 128.655993110763859, 37.421998111074188 ], [ 128.660679847057224, 37.421335039542001 ], [ 128.660576783384442, 37.420402235390242 ] ] ] } },
{ "type": "Feature", "properties": { "wid": "20-369064-5-302", "name": "송천하구습지(영덕)", "area_ha": 63.776803188370181, "bbox5186": "415563.4,442116.6,417226.2,444539.4" }, "geometry": { "type": "Polygon", "coordinates": [ [ [ 129.408635159684252, 36.555064899404378 ], [ 129.408340782913115, 36.556733040171842 ], [ 129.410173257557119, 36.556587881833778 ], [ 129.416335016991241, 36.554322524285062 ], [ 129.419351361269491, 36.556047838341698 ], [ 129.420007936400566, 36.563203979249295 ], [ 129.422544025455238, 36.566129962523732 ], [ 129.418531243667303, 36.570606134099229 ], [ 129.413463870497367, 36.567198925711963 ], [ 129.407905041852018, 36.565573525675781 ], [ 129.413342444798985, 36.567495984108639 ], [ 129.418349698518881, 36.570908922123742 ], [ 129.415200774743482, 36.57458996093029 ], [ 129.417293709555707, 36.574724995549268 ], [ 129.418346678294199, 36.573210815281435 ], [ 129.417785118457658, 36.57261049255235 ], [ 129.42082815310718, 36.568513515712176 ], [ 129.423056339029614, 36.566477207656547 ], [ 129.42470349852664, 36.567613984874484 ], [ 129.426478938098711, 36.565675116182092 ], [ 129.422329683554295, 36.562593732690921 ], [ 129.42140779865494, 36.55603129565899 ], [ 129.419397534762737, 36.553446861322186 ], [ 129.414928692785963, 36.552945603151045 ], [ 129.408635159684252, 36.555064899404378 ] ] ] } },
{ "type": "Feature", "properties": { "wid": "15-377071-3-002", "name": "관천리2습지", "area_ha": 63.498389615667655, "bbox5186": "244558.7,568149.1,245592.2,569321.6" }, "geometry": { "type": "Polygon", "coordinates": [ [ [ 127.509070656089747, 37.71494183744602 ], [ 127.509697402397293, 37.715209418821061 ], [ 127.506964793570518, 37.717806967475639 ], [ 127.506056090716044, 37.717774832938993 ], [ 127.506257002095211, 37.719131722752614 ], [ 127.505397925076693, 37.720062500186202 ], [ 127.50972006666106, 37.720834938156457 ], [ 127.510402739961123, 37.719988682918888 ], [ 127.510758787042889, 37.721956646506328 ], [ 127.511748134261978, 37.722492032884929 ], [ 127.511928520988548, 37.720849695011715 ], [ 127.513404691785325, 37.721419892126953 ], [ 127.517111330398805, 37.718799908503378 ], [ 127.515673697229033, 37.717077256557239 ], [ 127.517014702400544, 37.714035135396969 ], [ 127.513195122221987, 37.711921943482515 ], [ 127.511285013016177, 37.71435563830957 ], [ 127.509070656089747, 37.71494183744602 ] ] ] } },
{ "type": "Feature", "properties": { "wid": "15-377032-2-047", "name": "장학리습지", "area_ha": 63.495548640512361, "bbox5186": "265266.2,589967.0,266087.2,591820.4" }, "geometry": { "type": "Polygon", "coordinates": [ [ [ 127.744566038082567, 37.907253943486076 ], [ 127.744004416407577, 37.915054094321079 ], [ 127.742268265054989, 37.920294016916877 ], [ 127.747445538896557, 37.923028881977942 ], [ 127.751642084267573, 37.923906678296895 ], [ 127.751251662638566, 37.92163974831319 ], [ 127.748784570377282, 37.920377062779856 ], [ 127.746969394881887, 37.917783129082494 ], [ 127.747177967401456, 37.910858206398473 ], [ 127.74876064533953, 37.907247153045354 ], [ 127.744566038082567, 37.907253943486076 ] ] ] } },
{ "type": "Feature", "properties": { "wid": "13-367153-2-080", "name": "천내리습지", "area_ha": 63.434140227342418, "bbox5186": "250976.6,389204.8,253216.4,390550.1" }, "geometry": { "type": "Polygon", "coordinates": [ [ [ 127.574050797680627, 36.103175616912743 ], [ 127.566165534374136, 36.11037500529897 ], [ 127.56831165743192, 36.111354365695149 ], [ 127.573378331268913, 36.10737213908881 ], [ 127.590967219419966, 36.100479884736615 ], [ 127.590387394172893, 36.099123727475082 ], [ 127.583103568457773, 36.101491711444183 ], [ 127.574050797680627, 36.103175616912743 ] ] ] } },
{ "type": "Feature", "properties": { "wid": "15-377133-2-067", "name": "사리습지(평택)", "area_ha": 63.107663915199659, "bbox5186": "204447.2,501721.1,205619.5,504623.5" }, "geometry": { "type": "Polygon", "coordinates": [ [ [ 127.051677563449203, 37.114498481883707 ], [ 127.050037352558888, 37.114862314564782 ], [ 127.05177738506427, 37.11899204710177 ], [ 127.050130531846392, 37.124786594745366 ], [ 127.051771478840976, 37.126842115599722 ], [ 127.052071354142072, 37.130915688603601 ], [ 127.05971691823683, 37.136300434044657 ], [ 127.061012594697033, 37.138040624811943 ], [ 127.06158195150779, 37.140646198911242 ], [ 127.063248850236903, 37.140642618017125 ], [ 127.061726958022476, 37.134875727069783 ], [ 127.05626984078377, 37.132020274539926 ], [ 127.054099332248896, 37.129394688088851 ], [ 127.053378591866533, 37.11744871495106 ], [ 127.051677563449203, 37.114498481883707 ] ] ] } },
{ "type": "Feature", "properties": { "wid": "11-367123-2-049", "name": "보청습지", "area_ha": 63.047851705532274, "bbox5186": "266696.0,413458.4,268936.4,414923.1" }, "geometry": { "type": "Polygon", "coordinates": [ [ [ 127.742710908608615, 36.318278575622102 ], [ 127.746010335376894, 36.319559308182363 ], [ 127.750517241194316, 36.319703217002093 ], [ 127.758475980981046, 36.318554463948438 ], [ 127.762266167310912, 36.320002851798229 ], [ 127.765028069057934, 36.32891210426218 ], [ 127.767772887009968, 36.329885779160207 ], [ 127.766285417653179, 36.327317106654718 ], [ 127.765708482240527, 36.320596343098003 ], [ 127.762210837715912, 36.316722074727188 ], [ 127.747495912557099, 36.317817091557515 ], [ 127.742908948662048, 36.317086908565415 ], [ 127.742710908608615, 36.318278575622102 ] ] ] } },
{ "type": "Feature", "properties": { "wid": "13-358123-9-008", "name": "한림정늪", "area_ha": 62.665538324271303, "bbox5186": "364109.9,303415.0,365028.6,306195.2" }, "geometry": { "type": "Polygon", "coordinates": [ [ [ 128.808729313952057, 35.317450980056201 ], [ 128.808167527285661, 35.316466277637659 ], [ 128.804699441730946, 35.321451198575048 ], [ 128.804832739063016, 35.322649588078363 ], [ 128.805444142681836, 35.322601706263519 ], [ 128.805525365111947, 35.326253899323412 ], [ 128.808701956717556, 35.325058295919298 ], [ 128.808639517508283, 35.326105505914867 ], [ 128.806351565836025, 35.326715578054014 ], [ 128.805688106049161, 35.32778618655913 ], [ 128.805957314596697, 35.329111412175045 ], [ 128.807257743958132, 35.327953777649768 ], [ 128.80872677937279, 35.328195849730349 ], [ 128.808842281492247, 35.329381882274021 ], [ 128.806087695647619, 35.32978174779003 ], [ 128.807401956337117, 35.332701764494324 ], [ 128.807160935599626, 35.333928275485235 ], [ 128.810078946841173, 35.332023662976923 ], [ 128.813779009329295, 35.335299864593878 ], [ 128.814052428576588, 35.33872476005633 ], [ 128.815095705735331, 35.338803719109308 ], [ 128.815110747004383, 35.335296992949679 ], [ 128.80960476849674, 35.329992285506478 ], [ 128.809139345203761, 35.327513786632828 ], [ 128.809565888272175, 35.322180497703812 ], [ 128.810704693559416, 35.32048814039937 ], [ 128.813860274055997, 35.319792877103687 ], [ 128.809999594255629, 35.319932756226642 ], [ 128.809757578611425, 35.317855542345356 ], [ 128.810682467194084, 35.315941091079551 ], [ 128.809542583456988, 35.313832261679266 ], [ 128.808928031066159, 35.314969744696761 ], [ 128.809898893478106, 35.314822738279062 ], [ 128.810192412459173, 35.316645948431137 ], [ 128.808729313952057, 35.317450980056201 ] ], [ [ 128.806291120348874, 35.323850712065656 ], [ 128.80642529155952, 35.323307995622962 ], [ 128.808467043608459, 35.323595582819493 ], [ 128.80843010462948, 35.32287518729634 ], [ 128.808949441074986, 35.323334230053078 ], [ 128.808924021113512, 35.323772586450836 ], [ 128.806291120348874, 35.323850712065656 ] ], [ [ 128.807794573995039, 35.321888884174214 ], [ 128.807338311413218, 35.322533746578841 ], [ 128.806263380787584, 35.322603885723971 ], [ 128.806562493960939, 35.320875447202859 ], [ 128.807794573995039, 35.321888884174214 ] ] ] } },
{ "type": "Feature", "properties": { "wid": "13-359093-9-015", "name": "화제늪", "area_ha": 62.523295432223051, "bbox5186": "383421.1,302721.9,384229.6,306756.7" }, "geometry": { "type": "Polygon", "coordinates": [ [ [ 129.016617246281641, 35.304632760874071 ], [ 129.019255121882878, 35.320577826423403 ], [ 129.020151731618114, 35.321437858865352 ], [ 129.019445336058851, 35.321859686172047 ], [ 129.020887281930413, 35.33300801037386 ], [ 129.021664567814753, 35.335825510259724 ], [ 129.02474137464236, 35.34053294540017 ], [ 129.026381236142981, 35.339743989305823 ], [ 129.021648257639526, 35.333140367040279 ], [ 129.022033403373314, 35.325823819523244 ], [ 129.02147897334001, 35.322855702261364 ], [ 129.020169465849051, 35.321885433149191 ], [ 129.021344910346528, 35.321799095576353 ], [ 129.018471743326529, 35.304278297645716 ], [ 129.016617246281641, 35.304632760874071 ] ] ] } },
{ "type": "Feature", "properties": { "wid": "15-357022-2-001", "name": "와룡교습지", "area_ha": 62.493621765172875, "bbox5186": "239379.3,373353.3,240764.5,375641.2" }, "geometry": { "type": "Polygon", "coordinates": [ [ [ 127.440068008122168, 35.973593878856065 ], [ 127.439026907143869, 35.966982664489606 ], [ 127.440135280154621, 35.963941457063058 ], [ 127.443915770482491, 35.961408591673667 ], [ 127.446310494192346, 35.961456487220822 ], [ 127.448590127650959, 35.959970869994173 ], [ 127.450866386709109, 35.959856895932759 ], [ 127.451882446787096, 35.959193373266153 ], [ 127.450705387499369, 35.957469237809427 ], [ 127.449264498734607, 35.957886503091636 ], [ 127.447455333629009, 35.956885685033519 ], [ 127.446106352814454, 35.957089879086901 ], [ 127.4371755895543, 35.960963792845909 ], [ 127.436880925338642, 35.963215240416154 ], [ 127.437581249244786, 35.963765143501249 ], [ 127.439466791703197, 35.972940888425036 ], [ 127.436625695924192, 35.977060865957753 ], [ 127.437049685454696, 35.977543282325058 ], [ 127.440068008122168, 35.973593878856065 ] ] ] } },
{ "type": "Feature", "properties": { "wid": "14-358081-2-012", "name": "호방습지", "area_ha": 62.39343226573537, "bbox5186": "366398.7,338692.0,367556.6,340926.2" }, "geometry": { "type": "Polygon", "coordinates": [ [ [ 128.837588646149158, 35.633804975759709 ], [ 128.843559761438172, 35.632962162961149 ], [ 128.846784771537955, 35.633667000278614 ], [ 128.848272580687166, 35.638453540454158 ], [ 128.848267933521981, 35.64299623832941 ], [ 128.845094491986174, 35.649062693133764 ], [ 128.845087925598847, 35.650409089905175 ], [ 128.84617967257833, 35.651313314172427 ], [ 128.84874289582018, 35.650576504364054 ], [ 128.848412418915984, 35.646871606064543 ], [ 128.849946509340072, 35.642685701979133 ], [ 128.849550656177001, 35.631594290008401 ], [ 128.842207818437402, 35.63124095209259 ], [ 128.836921428442906, 35.632094881120437 ], [ 128.837588646149158, 35.633804975759709 ] ] ] } },
{ "type": "Feature", "properties": { "wid": "13-368073-2-017", "name": "마애리습지", "area_ha": 62.171786714730437, "bbox5186": "341482.6,440203.4,343174.2,441229.2" }, "geometry": { "type": "Polygon", "coordinates": [ [ [ 128.588623940590935, 36.551883945711303 ], [ 128.593070707596326, 36.552357124424226 ], [ 128.596636963944121, 36.558721266270744 ], [ 128.59921403881043, 36.557819012518166 ], [ 128.597297767180379, 36.551431951398776 ], [ 128.596569014306283, 36.550371268595136 ], [ 128.594206103021747, 36.549510852591411 ], [ 128.587034442087457, 36.549903886612825 ], [ 128.580238168723866, 36.553763259553108 ], [ 128.582160203506362, 36.555733589821287 ], [ 128.588623940590935, 36.551883945711303 ] ] ] } },
{ "type": "Feature", "properties": { "wid": "20-366064-5-304", "name": "와룡천하구습지", "area_ha": 62.046719711795845, "bbox5186": "152841.5,444954.6,156652.1,447011.5" }, "geometry": { "type": "Polygon", "coordinates": [ [ [ 126.508260856902197, 36.616535140088246 ], [ 126.515190606044342, 36.609180563061209 ], [ 126.515492706689301, 36.606986632872243 ], [ 126.512905334368867, 36.601989215617031 ], [ 126.511874455861445, 36.602055286210231 ], [ 126.514208986477172, 36.607080531402204 ], [ 126.514082364924278, 36.608556971358091 ], [ 126.507480526972472, 36.615667732680109 ], [ 126.49250117140204, 36.619305819463769 ], [ 126.47374447575767, 36.617120319051132 ], [ 126.472824953732115, 36.618200313102101 ], [ 126.493015787352149, 36.620441631531413 ], [ 126.508260856902197, 36.616535140088246 ] ] ] } },
{ "type": "Feature", "properties": { "wid": "14-358132-2-029", "name": "옥산늪", "area_ha": 61.827740293923988, "bbox5186": "303945.9,283815.9,305914.4,286337.4" }, "geometry": { "type": "Polygon", "coordinates": [ [ [ 128.153857449519819, 35.154949489713523 ], [ 128.15579472185064, 35.164823662407059 ], [ 128.155153448613845, 35.165578757085868 ], [ 128.143169192573964, 35.164412608972007 ], [ 128.144053119489143, 35.163500261838053 ], [ 128.143926712866886, 35.162938144284922 ], [ 128.140949186876185, 35.166638114973921 ], [ 128.147976845094604, 35.165999391449304 ], [ 128.16257268110428, 35.167867368305352 ], [ 128.161257926423872, 35.166875936835652 ], [ 128.157449616543602, 35.166821356580094 ], [ 128.157768539430947, 35.165161726104103 ], [ 128.156238245399948, 35.159868605416342 ], [ 128.156161387490812, 35.150636442448068 ], [ 128.157286185940535, 35.147381027683217 ], [ 128.159349544466835, 35.146402319019003 ], [ 128.159289308910246, 35.145172622258713 ], [ 128.156342929217203, 35.146248989219174 ], [ 128.155192625618042, 35.149099054693487 ], [ 128.153857449519819, 35.154949489713523 ] ] ] } },
{ "type": "Feature", "properties": { "wid": "13-368054-2-035", "name": "퇴강습지", "area_ha": 61.805189510069091, "bbox5186": "311201.4,437636.8,313116.8,438422.7" }, "geometry": { "type": "Polygon", "coordinates": [ [ [ 128.241714339096944, 36.533341408437352 ], [ 128.249122020047196, 36.536828754704658 ], [ 128.257440522417482, 36.537492832384885 ], [ 128.261324941765906, 36.536094767247128 ], [ 128.263107985347148, 36.533748381335023 ], [ 128.262136998262037, 36.530752629199824 ], [ 128.254235369745203, 36.534426841192918 ], [ 128.248970824465715, 36.533537755460124 ], [ 128.243078976891866, 36.530561742148002 ], [ 128.241714339096944, 36.533341408437352 ] ], [ [ 128.261299664731723, 36.533919806221689 ], [ 128.258999574422006, 36.535853520525826 ], [ 128.256347530496555, 36.535641802185353 ], [ 128.259817391205956, 36.532921750130761 ], [ 128.261314274766107, 36.532619380167944 ], [ 128.261299664731723, 36.533919806221689 ] ] ] } },
{ "type": "Feature", "properties": { "wid": "14-366031-3-018", "name": "석문습지", "area_ha": 61.591224087645486, "bbox5186": "157787.6,486877.7,160691.7,488966.6" }, "geometry": { "type": "Polygon", "coordinates": [ [ [ 126.535039204061405, 36.981480016309405 ], [ 126.534004264902819, 36.983404262717904 ], [ 126.536108150609238, 36.984860532497891 ], [ 126.535873860545564, 36.988112501871861 ], [ 126.528590692897595, 36.996291696241897 ], [ 126.525778211329779, 36.998206089039506 ], [ 126.526373191078292, 36.998637375851317 ], [ 126.527520316980073, 36.998618519618461 ], [ 126.529887059319819, 36.996477052456257 ], [ 126.536234286407819, 36.989616003957387 ], [ 126.537410041923124, 36.987443592003913 ], [ 126.53757663851205, 36.984601345215374 ], [ 126.546253885660548, 36.984906052222058 ], [ 126.558470281890592, 36.986604692077464 ], [ 126.551477316452321, 36.985207939189863 ], [ 126.550298404416807, 36.984555604871829 ], [ 126.551108488384529, 36.983748602458874 ], [ 126.54663682738969, 36.983782971282025 ], [ 126.545439196164708, 36.983078254778995 ], [ 126.551724039349537, 36.979913239459862 ], [ 126.544695652471077, 36.982323006081678 ], [ 126.546231008503611, 36.980247395830084 ], [ 126.542384786941497, 36.982029380622137 ], [ 126.535039204061405, 36.981480016309405 ] ] ] } },
{ "type": "Feature", "properties": { "wid": "11-357031-2-031", "name": "도소습지", "area_ha": 61.146194363410174, "bbox5186": "248150.7,374174.5,250515.3,375617.6" }, "geometry": { "type": "Polygon", "coordinates": [ [ [ 127.546082385405228, 35.976883905721422 ], [ 127.551958838138589, 35.974980667978798 ], [ 127.551937003943081, 35.973436970695197 ], [ 127.555792310080761, 35.966050758948931 ], [ 127.557365195241417, 35.965703701717047 ], [ 127.558352829098368, 35.96631554870352 ], [ 127.558617037376109, 35.968097843976174 ], [ 127.557831073546851, 35.970154490911234 ], [ 127.559466754741706, 35.970840818977933 ], [ 127.560028417884538, 35.96732612526192 ], [ 127.557697865932198, 35.963824902943664 ], [ 127.554010554588857, 35.965700310153679 ], [ 127.550887294109458, 35.972992083385328 ], [ 127.547114622063788, 35.974472032490212 ], [ 127.54401713774719, 35.974513152720803 ], [ 127.542016662690926, 35.973165862094419 ], [ 127.539758510770156, 35.973043561023189 ], [ 127.535635061518519, 35.970553927432945 ], [ 127.535279937597309, 35.969352375392482 ], [ 127.533828207765382, 35.969441755239068 ], [ 127.533883073928607, 35.971004237072158 ], [ 127.541282236361127, 35.975858432853144 ], [ 127.546082385405228, 35.976883905721422 ] ] ] } },
{ "type": "Feature", "properties": { "wid": "15-356081-2-053", "name": "오산습지(정읍)", "area_ha": 60.683481979750177, "bbox5186": "186668.2,339266.9,187649.0,341759.1" }, "geometry": { "type": "Polygon", "coordinates": [ [ [ 126.855001036932038, 35.650424334142642 ], [ 126.852870221979586, 35.655642893783806 ], [ 126.852769084502611, 35.659002758116124 ], [ 126.859907314755034, 35.669945642847118 ], [ 126.861011131933708, 35.672893213864555 ], [ 126.863577567584841, 35.672559970714758 ], [ 126.862252099971982, 35.66935350149943 ], [ 126.856028659345824, 35.660506435573559 ], [ 126.855465149511105, 35.656369767454031 ], [ 126.857565217967618, 35.650969967655762 ], [ 126.855001036932038, 35.650424334142642 ] ] ] } },
{ "type": "Feature", "properties": { "wid": "11-358054-2-032", "name": "제내리하도습지", "area_ha": 60.557476524913312, "bbox5186": "309408.1,331321.8,310568.5,332973.0" }, "geometry": { "type": "Polygon", "coordinates": [ [ [ 128.208067249522031, 35.572849286664805 ], [ 128.206958210751338, 35.574438455446973 ], [ 128.219020896243592, 35.58762012000345 ], [ 128.219906472787073, 35.58417747453899 ], [ 128.217899909278088, 35.579021101999011 ], [ 128.216006282218274, 35.578545446501806 ], [ 128.215059795660693, 35.576502888693938 ], [ 128.213275772226268, 35.575316815060894 ], [ 128.208067249522031, 35.572849286664805 ] ] ] } },
{ "type": "Feature", "properties": { "wid": "13-368092-2-040", "name": "남천습지(상주)", "area_ha": 60.184633122411938, "bbox5186": "303162.1,420397.7,305493.8,423643.4" }, "geometry": { "type": "Polygon", "coordinates": [ [ [ 128.15515526945444, 36.381806530924216 ], [ 128.150314470072118, 36.376149145665842 ], [ 128.149637957901007, 36.376974779194455 ], [ 128.153453416225489, 36.380967813500902 ], [ 128.157006996061654, 36.387944164027722 ], [ 128.160087125181292, 36.390769033394989 ], [ 128.166594406037916, 36.394086645080705 ], [ 128.171135742447063, 36.401100651322551 ], [ 128.175398064799168, 36.405152545721393 ], [ 128.176039543612291, 36.404741628637282 ], [ 128.172488441932671, 36.400693589415219 ], [ 128.169320160466754, 36.393677913616955 ], [ 128.169639959953344, 36.393002547693129 ], [ 128.162699056820458, 36.390131773665672 ], [ 128.158761210949592, 36.387041356106458 ], [ 128.158721747039294, 36.386034286401056 ], [ 128.16151762874523, 36.384137304478699 ], [ 128.162417051725328, 36.383242752977758 ], [ 128.162286953967794, 36.382962869445272 ], [ 128.161102083620136, 36.384372031699044 ], [ 128.157370221782486, 36.38620779017068 ], [ 128.15515526945444, 36.381806530924216 ] ] ] } },
{ "type": "Feature", "properties": { "wid": "15-376043-2-023", "name": "장단반도습지", "area_ha": 60.116165548917394, "bbox5186": "177018.1,583813.7,177912.2,584976.3" }, "geometry": { "type": "Polygon", "coordinates": [ [ [ 126.739690409797632, 37.864357749798799 ], [ 126.743964222171826, 37.863796820569362 ], [ 126.748888932814481, 37.857937745499726 ], [ 126.74901318126696, 37.856147824167529 ], [ 126.748012327138483, 37.854742908243864 ], [ 126.744558659739269, 37.853893980039587 ], [ 126.744149437127874, 37.854927381771788 ], [ 126.741925730972667, 37.856225302058782 ], [ 126.739334033754176, 37.856804309480296 ], [ 126.742571494718078, 37.856781700316802 ], [ 126.74284497413619, 37.857543599913704 ], [ 126.740320599170772, 37.858356121645876 ], [ 126.740601065170324, 37.859389227221989 ], [ 126.739667032300119, 37.859696191299861 ], [ 126.741189720214578, 37.861983452581008 ], [ 126.738829219902925, 37.863004420602884 ], [ 126.739690409797632, 37.864357749798799 ] ] ] } },
{ "type": "Feature", "properties": { "wid": "14-367011-2-038", "name": "신호리습지", "area_ha": 59.854384153308928, "bbox5186": "204168.4,487842.0,205809.7,488609.9" }, "geometry": { "type": "Polygon", "coordinates": [ [ [ 127.049999827061669, 36.990877216167299 ], [ 127.046825797166548, 36.993452005108118 ], [ 127.053801610325749, 36.996355942385669 ], [ 127.064221532195731, 36.992869878424607 ], [ 127.065261752094116, 36.991560036892643 ], [ 127.064119791596937, 36.98943139845354 ], [ 127.061151255115306, 36.9912414397715 ], [ 127.056784520588778, 36.992223987790673 ], [ 127.053689801376464, 36.992316437249265 ], [ 127.049999827061669, 36.990877216167299 ] ] ] } },
{ "type": "Feature", "properties": { "wid": "15-387163-2-026", "name": "어룡동습지", "area_ha": 59.783683434656275, "bbox5186": "266265.2,610350.8,267062.6,614014.4" }, "geometry": { "type": "Polygon", "coordinates": [ [ [ 127.755382260387051, 38.09130679557984 ], [ 127.759122942613061, 38.099850208311686 ], [ 127.762501923927914, 38.105102166047431 ], [ 127.762495342126201, 38.119275058358021 ], [ 127.760616071580074, 38.123235849163102 ], [ 127.762161357574001, 38.123786188344916 ], [ 127.763680617719103, 38.119317809453953 ], [ 127.763461378787483, 38.114799457862688 ], [ 127.764615808861819, 38.105109149229506 ], [ 127.757242076759553, 38.090812845782651 ], [ 127.755382260387051, 38.09130679557984 ] ] ] } },
{ "type": "Feature", "properties": { "wid": "15-359014-2-009", "name": "용장습지(경주)", "area_ha": 59.172369660526343, "bbox5186": "398380.5,353217.4,399513.0,357017.8" }, "geometry": { "type": "Polygon", "coordinates": [ [ [ 129.197756482428588, 35.774574472779484 ], [ 129.194231892746132, 35.777564591544504 ], [ 129.193970314436484, 35.77975442768733 ], [ 129.198527786767443, 35.784472878133904 ], [ 129.200102693200932, 35.787287787586997 ], [ 129.200504638686596, 35.790353923569555 ], [ 129.202471092739216, 35.789437574418869 ], [ 129.201620342530504, 35.786660796478209 ], [ 129.196030554318867, 35.77992224626297 ], [ 129.195863057461565, 35.778616973151117 ], [ 129.197607546616098, 35.776514466068029 ], [ 129.202554511624498, 35.774309147165219 ], [ 129.204415304830945, 35.767378360588076 ], [ 129.205844640600958, 35.756283568608936 ], [ 129.20423618819774, 35.756041848915501 ], [ 129.203961543549553, 35.764557364432726 ], [ 129.201133912904822, 35.772672720573219 ], [ 129.198660142286826, 35.775549109296371 ], [ 129.197569887265871, 35.775909644973574 ], [ 129.197756482428588, 35.774574472779484 ] ] ] } },
{ "type": "Feature", "properties": { "wid": "14-358083-2-019", "name": "단장습지", "area_ha": 59.112406327462729, "bbox5186": "365284.8,323732.1,367656.3,325952.0" }, "geometry": { "type": "Polygon", "coordinates": [ [ [ 128.821565196592246, 35.496996947922206 ], [ 128.826480326979038, 35.502270996187285 ], [ 128.832397062020902, 35.504645915072899 ], [ 128.842811043126346, 35.511666744321261 ], [ 128.843561528795277, 35.51127769040621 ], [ 128.843150768156562, 35.511726435682085 ], [ 128.844782449810936, 35.514349076285392 ], [ 128.844272902256677, 35.514960642971289 ], [ 128.845935505383238, 35.516377950711728 ], [ 128.84811769567159, 35.515311805870375 ], [ 128.847206968676176, 35.512171723492735 ], [ 128.845147797775212, 35.510134197562699 ], [ 128.828084525590242, 35.501040041654171 ], [ 128.825170805059372, 35.499091706836808 ], [ 128.823333015893922, 35.496717011837006 ], [ 128.821565196592246, 35.496996947922206 ] ] ] } },
{ "type": "Feature", "properties": { "wid": "13-377113-2-041", "name": "복대습지", "area_ha": 59.051572679100175, "bbox5186": "247859.4,529572.9,249085.9,530521.8" }, "geometry": { "type": "Polygon", "coordinates": [ [ [ 127.543862692190913, 37.366155847232349 ], [ 127.543890463595787, 37.364216733255077 ], [ 127.541305604570852, 37.36424300740768 ], [ 127.54030646531983, 37.370524051381402 ], [ 127.540797295534389, 37.371431833409019 ], [ 127.543508612134474, 37.371373452993716 ], [ 127.546846766577545, 37.372752836419743 ], [ 127.55030096235987, 37.366818047301038 ], [ 127.554108118083803, 37.364439612041075 ], [ 127.549466830359421, 37.364820769647665 ], [ 127.546218994630479, 37.366671182103509 ], [ 127.543862692190913, 37.366155847232349 ] ] ] } },
{ "type": "Feature", "properties": { "wid": "14-388113-3-039", "name": "송지호", "area_ha": 58.842942906906977, "bbox5186": "331775.5,637710.2,333187.5,638933.1" }, "geometry": { "type": "Polygon", "coordinates": [ [ [ 128.513925229188828, 38.330493087779104 ], [ 128.512136663316539, 38.333409553718162 ], [ 128.514689499620829, 38.334299928296161 ], [ 128.514522960100209, 38.336078466307335 ], [ 128.511417943389318, 38.334375475480456 ], [ 128.509089997765727, 38.334400956547825 ], [ 128.509430518963228, 38.335434300890704 ], [ 128.51130944850695, 38.336144253235354 ], [ 128.50720742418261, 38.337927501785472 ], [ 128.508251512499328, 38.339466162058379 ], [ 128.510963431633286, 38.341013957774869 ], [ 128.515082679509504, 38.339065508273663 ], [ 128.516207418153982, 38.33585041169507 ], [ 128.519602790926484, 38.334746208981223 ], [ 128.523314301321022, 38.335909628964785 ], [ 128.520242260278195, 38.334754133993968 ], [ 128.51893207110308, 38.331598480882896 ], [ 128.51514263894336, 38.331896131069797 ], [ 128.515267771553908, 38.329942469258192 ], [ 128.513925229188828, 38.330493087779104 ] ] ] } },
{ "type": "Feature", "properties": { "wid": "20-366023-5-304", "name": "어은천하구습지(태안)", "area_ha": 58.707255567750146, "bbox5186": "140484.5,466898.2,141978.2,468786.9" }, "geometry": { "type": "Polygon", "coordinates": [ [ [ 126.342657180537088, 36.803725202361953 ], [ 126.332998889296803, 36.814088073853405 ], [ 126.33707386919248, 36.815895926733809 ], [ 126.344214913363089, 36.805414344838852 ], [ 126.34985947395792, 36.799822498091629 ], [ 126.348484255569801, 36.798940008072087 ], [ 126.342657180537088, 36.803725202361953 ] ] ] } },
{ "type": "Feature", "properties": { "wid": "13-356152-2-001", "name": "섬톱습지", "area_ha": 58.524783506479871, "bbox5186": "175829.2,284659.4,177400.0,287403.8" }, "geometry": { "type": "Polygon", "coordinates": [ [ [ 126.73737058460685, 35.158036938500061 ], [ 126.73471327145171, 35.158425041984998 ], [ 126.734732023306535, 35.16380527816284 ], [ 126.737803626383496, 35.171526664828399 ], [ 126.742771268185507, 35.174523503134971 ], [ 126.744895974272794, 35.177164457578137 ], [ 126.747892845621166, 35.178626418855274 ], [ 126.75033700058826, 35.182801143366056 ], [ 126.751879994204685, 35.182643873195524 ], [ 126.750379519368622, 35.178948845592373 ], [ 126.737458170928562, 35.168009730855751 ], [ 126.736712001055537, 35.165207600130067 ], [ 126.737916826257219, 35.159510036709293 ], [ 126.73737058460685, 35.158036938500061 ] ] ] } },
{ "type": "Feature", "properties": { "wid": "20-369022-5-302", "name": "왕피천하구습지", "area_ha": 58.24861429147677, "bbox5186": "412857.7,487762.0,414909.0,488676.2" }, "geometry": { "type": "Polygon", "coordinates": [ [ [ 129.405698567227745, 36.965016387721001 ], [ 129.390046661594369, 36.964664207881128 ], [ 129.391695114862188, 36.966972353592908 ], [ 129.393680292410522, 36.96612064486586 ], [ 129.402757384019452, 36.966593034372167 ], [ 129.40486034271396, 36.967526073481288 ], [ 129.404087695419889, 36.968553401495136 ], [ 129.409892240264838, 36.972152630639229 ], [ 129.41169168882746, 36.97246200379567 ], [ 129.41323023414833, 36.969558770208934 ], [ 129.408536813226704, 36.967692942527165 ], [ 129.408315979911407, 36.96638576472251 ], [ 129.405698567227745, 36.965016387721001 ] ] ] } },
{ "type": "Feature", "properties": { "wid": "13-377163-2-048", "name": "덕음습지", "area_ha": 57.864601995416685, "bbox5186": "270411.2,502448.4,271560.7,504194.6" }, "geometry": { "type": "Polygon", "coordinates": [ [ [ 127.802077579601999, 37.118350001234603 ], [ 127.796041083357693, 37.125980147068482 ], [ 127.792412964759905, 37.1334055893848 ], [ 127.796210793323809, 37.134123496680679 ], [ 127.799618895796826, 37.126139879694591 ], [ 127.805206583774847, 37.119936245674467 ], [ 127.802077579601999, 37.118350001234603 ] ] ] } },
{ "type": "Feature", "properties": { "wid": "15-346041-3-302", "name": "나주호2습지", "area_ha": 57.863111181211835, "bbox5186": "186143.7,257445.9,188370.5,258484.6" }, "geometry": { "type": "Polygon", "coordinates": [ [ [ 126.851613144083743, 34.914773299455625 ], [ 126.848374129264954, 34.912930455236605 ], [ 126.850932819333394, 34.915197023933587 ], [ 126.85062905004925, 34.916158439348742 ], [ 126.849527662074877, 34.915836184027356 ], [ 126.849456661888624, 34.916364313484657 ], [ 126.850245443496107, 34.91708910806468 ], [ 126.851027818136004, 34.916522190958418 ], [ 126.851868397098741, 34.916443895735874 ], [ 126.849235970713053, 34.917962212702598 ], [ 126.851030141169829, 34.920081800918815 ], [ 126.85287644154505, 34.91941161006222 ], [ 126.854121172867053, 34.917923105484135 ], [ 126.860967849674722, 34.918281774079425 ], [ 126.863237252017228, 34.91910281564541 ], [ 126.862460097678294, 34.921167934593761 ], [ 126.864580225499708, 34.922312382259207 ], [ 126.866073785295043, 34.919798245894548 ], [ 126.87273303917982, 34.918350551459547 ], [ 126.872637131327892, 34.915261370088352 ], [ 126.870995018613414, 34.918478519698432 ], [ 126.869830608351776, 34.918494404507875 ], [ 126.870492974961081, 34.916918572513168 ], [ 126.868021114724471, 34.917463059876347 ], [ 126.867110139111958, 34.916409237774509 ], [ 126.863171658025209, 34.917743438589149 ], [ 126.858744233723073, 34.917589642759609 ], [ 126.858349276637782, 34.916258724207971 ], [ 126.857807038702319, 34.91784725006211 ], [ 126.854693611921221, 34.915382759209315 ], [ 126.851613144083743, 34.914773299455625 ] ] ] } },
{ "type": "Feature", "properties": { "wid": "15-367043-2-053", "name": "터밭말습지", "area_ha": 57.778875935659265, "bbox5186": "273776.3,465390.8,276204.8,466547.5" }, "geometry": { "type": "Polygon", "coordinates": [ [ [ 127.84250653776482, 36.787258969312411 ], [ 127.83493240769505, 36.788105334068646 ], [ 127.830564469472137, 36.790507576948109 ], [ 127.826604399386781, 36.79387819785665 ], [ 127.827666247878511, 36.794684494746583 ], [ 127.832924795839148, 36.79183008657769 ], [ 127.839014567352393, 36.791266456260679 ], [ 127.842276291730329, 36.789150178984045 ], [ 127.844783512883183, 36.788531373205103 ], [ 127.853743429344405, 36.789910036988054 ], [ 127.853761036968862, 36.78917462455842 ], [ 127.845837818998064, 36.787520069929741 ], [ 127.847582967049405, 36.784239405181708 ], [ 127.845357016371338, 36.784137203305434 ], [ 127.844875551201454, 36.785894139571965 ], [ 127.84250653776482, 36.787258969312411 ] ], [ [ 127.836980348818003, 36.788827128937626 ], [ 127.838640018606, 36.788973128736352 ], [ 127.836698789867356, 36.790545680520729 ], [ 127.836486360270428, 36.789761426920087 ], [ 127.836980348818003, 36.788827128937626 ] ] ] } },
{ "type": "Feature", "properties": { "wid": "20-366113-5-302", "name": "대천천하구습지", "area_ha": 57.674267656795799, "bbox5186": "160499.9,416328.7,163904.7,417319.8" }, "geometry": { "type": "Polygon", "coordinates": [ [ [ 126.572255321601787, 36.349812649168264 ], [ 126.572824821870327, 36.348138503437113 ], [ 126.568790924085008, 36.350580614037419 ], [ 126.561762099831085, 36.351044380207135 ], [ 126.560237804934175, 36.350500780045557 ], [ 126.559937757834476, 36.353140111548839 ], [ 126.58142265588458, 36.350641750019236 ], [ 126.587227036503748, 36.345952404532184 ], [ 126.590075790103342, 36.345039407560719 ], [ 126.593474083642107, 36.345114999617763 ], [ 126.597695816295342, 36.346881170583529 ], [ 126.597904652118771, 36.34634657560612 ], [ 126.594217116528853, 36.344681356276652 ], [ 126.590838167718431, 36.34431837683389 ], [ 126.583611524726152, 36.346288615957882 ], [ 126.580714255460151, 36.348955873889949 ], [ 126.573488944616329, 36.349944124079094 ], [ 126.572255321601787, 36.349812649168264 ] ] ] } },
{ "type": "Feature", "properties": { "wid": "20-346054-5-301", "name": "군내천하구습지", "area_ha": 57.343888653535828, "bbox5186": "129814.5,213718.8,132854.1,215415.7" }, "geometry": { "type": "Polygon", "coordinates": [ [ [ 126.240471569721933, 34.52941926610778 ], [ 126.237832818140276, 34.526030597109227 ], [ 126.237045675537203, 34.526234813116162 ], [ 126.237079819228995, 34.527268059277745 ], [ 126.235549127094856, 34.526716731798075 ], [ 126.239072221867275, 34.531784006075384 ], [ 126.247189292828168, 34.531285343343917 ], [ 126.246461956270878, 34.529079577775157 ], [ 126.242731760421691, 34.524715241715306 ], [ 126.243389866395972, 34.522758719248053 ], [ 126.244836561081115, 34.522357523486278 ], [ 126.251886059664145, 34.523973894129711 ], [ 126.255270551633018, 34.523542962847756 ], [ 126.266079263125434, 34.520783314820768 ], [ 126.268743187449886, 34.516668947571794 ], [ 126.265491197738072, 34.520282191759129 ], [ 126.260631732631083, 34.520896492391223 ], [ 126.254070526893813, 34.523155237945531 ], [ 126.245105608309345, 34.521629031450288 ], [ 126.243157197260999, 34.521991967115568 ], [ 126.241570622918076, 34.523766948724557 ], [ 126.242258553547074, 34.529582707114272 ], [ 126.240471569721933, 34.52941926610778 ] ] ] } },
{ "type": "Feature", "properties": { "wid": "15-377071-2-003", "name": "소남이섬습지", "area_ha": 57.307070713857691, "bbox5186": "252077.0,567215.7,252595.3,569467.7" }, "geometry": { "type": "Polygon", "coordinates": [ [ [ 127.594182158942871, 37.703132032971276 ], [ 127.592010374581747, 37.706807171733026 ], [ 127.590737445375453, 37.71202201696623 ], [ 127.591590958076708, 37.715815288738618 ], [ 127.591562010883223, 37.720304920399975 ], [ 127.590692587421472, 37.722656280779724 ], [ 127.591924901184171, 37.723433033808107 ], [ 127.594754313944279, 37.720806009817238 ], [ 127.596512817087657, 37.715911217478606 ], [ 127.596489365209919, 37.712420112513477 ], [ 127.594375207728518, 37.705864580173539 ], [ 127.595131652026538, 37.704029107947228 ], [ 127.594182158942871, 37.703132032971276 ] ], [ [ 127.594941779497915, 37.716307469934414 ], [ 127.592494645256721, 37.714646709157115 ], [ 127.591927594689139, 37.712653027474168 ], [ 127.593242839520386, 37.709056985941068 ], [ 127.595466549162424, 37.712863149923464 ], [ 127.594941779497915, 37.716307469934414 ] ] ] } },
{ "type": "Feature", "properties": { "wid": "15-369091-2-056", "name": "송강습지", "area_ha": 57.157466877595944, "bbox5186": "379998.8,432238.4,381771.8,434310.4" }, "geometry": { "type": "Polygon", "coordinates": [ [ [ 129.022648354934034, 36.472712330695977 ], [ 129.021348215082327, 36.48274172884615 ], [ 129.022326619141154, 36.485570486204963 ], [ 129.02206928082208, 36.487731830041589 ], [ 129.018436601995774, 36.488433967752911 ], [ 129.016279558578958, 36.484682666524115 ], [ 129.014133044441223, 36.483613409798068 ], [ 129.012822149793067, 36.484177938077558 ], [ 129.008715109758555, 36.489234190472281 ], [ 129.009353359661077, 36.489752324509432 ], [ 129.010832872799938, 36.489015603273344 ], [ 129.014285594864305, 36.485195685917958 ], [ 129.016539245918921, 36.486436118866024 ], [ 129.018257178420043, 36.489990319067651 ], [ 129.022630541927015, 36.488976497496623 ], [ 129.024516477884731, 36.489498611754129 ], [ 129.02539923045083, 36.485904876950251 ], [ 129.025243175603237, 36.485096632031691 ], [ 129.023953413353951, 36.485227544760654 ], [ 129.023426191510879, 36.483403866725929 ], [ 129.02314567277179, 36.474333799399972 ], [ 129.024773276491032, 36.472659163952173 ], [ 129.027348868029151, 36.472391072175377 ], [ 129.028027303274911, 36.471155988449269 ], [ 129.024529186870495, 36.47151003171561 ], [ 129.022648354934034, 36.472712330695977 ] ] ] } },
{ "type": "Feature", "properties": { "wid": "14-378091-2-020", "name": "부평리습지", "area_ha": 57.049100586906846, "bbox5186": "296086.4,599656.9,297341.5,600362.5" }, "geometry": { "type": "Polygon", "coordinates": [ [ [ 128.106519015631875, 37.993836758586887 ], [ 128.106448599344446, 37.992938333497044 ], [ 128.103272719287816, 37.991733952128847 ], [ 128.096018653293498, 37.99300176815472 ], [ 128.093901879593943, 37.99626107817582 ], [ 128.097162789218117, 37.99736221685508 ], [ 128.100415399882394, 37.996911109820786 ], [ 128.105696877348379, 37.998067859474588 ], [ 128.107251160953808, 37.997406396784179 ], [ 128.106385441263342, 37.994947910926356 ], [ 128.108156498667483, 37.994020436194546 ], [ 128.106519015631875, 37.993836758586887 ] ] ] } },
{ "type": "Feature", "properties": { "wid": "14-367132-2-015", "name": "석서습지", "area_ha": 56.597341895230919, "bbox5186": "217788.4,394149.5,220364.6,396428.3" }, "geometry": { "type": "Polygon", "coordinates": [ [ [ 127.203642596274179, 36.154062452414415 ], [ 127.198818398773497, 36.158813619424812 ], [ 127.197701414019647, 36.164526422432161 ], [ 127.198599694307234, 36.165512659071531 ], [ 127.200192944373697, 36.164432162033862 ], [ 127.199491407004743, 36.162582252738034 ], [ 127.200117091811066, 36.160387669015108 ], [ 127.20272767526933, 36.157809427505626 ], [ 127.206786640490975, 36.149943045215117 ], [ 127.216355739211153, 36.14933945281873 ], [ 127.221091129996481, 36.15034826945304 ], [ 127.22252926252439, 36.148070953766386 ], [ 127.226278355376209, 36.145362102741174 ], [ 127.22517153895356, 36.144928904473367 ], [ 127.222760882502726, 36.146674549675993 ], [ 127.217274769085506, 36.147352424593429 ], [ 127.213555264410104, 36.148828086377051 ], [ 127.20925321728906, 36.148162476919858 ], [ 127.206803216144138, 36.148638065258865 ], [ 127.206420676795005, 36.147678035718364 ], [ 127.203642596274179, 36.154062452414415 ] ] ] } },
{ "type": "Feature", "properties": { "wid": "13-368112-2-003", "name": "관덕2습지", "area_ha": 56.46697013539346, "bbox5186": "351933.0,426816.2,355807.8,427866.6" }, "geometry": { "type": "Polygon", "coordinates": [ [ [ 128.699839358942143, 36.434036231632362 ], [ 128.695616758135174, 36.427487081905582 ], [ 128.694204537888083, 36.427817096562997 ], [ 128.698139942189215, 36.434598349414486 ], [ 128.704043048139084, 36.436831715936499 ], [ 128.714725441027241, 36.433867450440651 ], [ 128.722146801301761, 36.434342677024496 ], [ 128.73213746024453, 36.432862755279722 ], [ 128.735814466236405, 36.429486279893794 ], [ 128.737275408062487, 36.429898427997642 ], [ 128.736508092176621, 36.429089642023342 ], [ 128.737415998058253, 36.428151956919876 ], [ 128.736438451383435, 36.42756518419003 ], [ 128.729429999451753, 36.432809208378245 ], [ 128.72105126996226, 36.433309659958582 ], [ 128.715263442972599, 36.432270270655316 ], [ 128.704920629085024, 36.435250456076602 ], [ 128.7019877728209, 36.435142740238923 ], [ 128.699839358942143, 36.434036231632362 ] ] ] } },
{ "type": "Feature", "properties": { "wid": "12-368141-2-022", "name": "황산리하도습지", "area_ha": 55.899466160244515, "bbox5186": "314438.0,402698.0,315885.0,403874.0" }, "geometry": { "type": "Polygon", "coordinates": [ [ [ 128.276162654926281, 36.219852778405624 ], [ 128.278449277954223, 36.215350639225392 ], [ 128.275047613095211, 36.216177230172008 ], [ 128.272721286848508, 36.218997312882387 ], [ 128.274814804103869, 36.22355458101223 ], [ 128.278144805402974, 36.225822345505875 ], [ 128.281386149369808, 36.225916535176346 ], [ 128.286053881140731, 36.22414258769853 ], [ 128.288823712278315, 36.219634161399121 ], [ 128.283269815811735, 36.222829796163118 ], [ 128.279043415853238, 36.223224692062729 ], [ 128.276638667792582, 36.221907688928603 ], [ 128.276162654926281, 36.219852778405624 ] ] ] } },
{ "type": "Feature", "properties": { "wid": "13-367092-2-027", "name": "외암습지", "area_ha": 55.782089961413362, "bbox5186": "218803.6,426313.8,220462.6,427592.2" }, "geometry": { "type": "Polygon", "coordinates": [ [ [ 127.222749049716782, 36.43505648733106 ], [ 127.211434190179276, 36.434814822289063 ], [ 127.209712236623702, 36.436882431153094 ], [ 127.221119806097533, 36.437070017235463 ], [ 127.224863532836025, 36.441231815995735 ], [ 127.225845148307158, 36.443966800818153 ], [ 127.225519546095484, 36.446309542955326 ], [ 127.228241209656886, 36.445950212674298 ], [ 127.226273865517527, 36.436809835926596 ], [ 127.222749049716782, 36.43505648733106 ] ] ] } },
{ "type": "Feature", "properties": { "wid": "20-346033-5-301", "name": "망월천하구습지", "area_ha": 55.476249175390194, "bbox5186": "155668.2,237244.2,159026.7,241369.5" }, "geometry": { "type": "Polygon", "coordinates": [ [ [ 126.526324880582223, 34.749259016608249 ], [ 126.519858513203943, 34.751533189341096 ], [ 126.517419339485954, 34.754990366322772 ], [ 126.516490451747217, 34.755083132388421 ], [ 126.519386926581589, 34.761109695507301 ], [ 126.515752264911868, 34.76591151389534 ], [ 126.517000103724001, 34.767153200569631 ], [ 126.521008330223367, 34.761968816261366 ], [ 126.518592235103981, 34.756324586343247 ], [ 126.519405543981392, 34.753561375702532 ], [ 126.527500691048388, 34.74990088099279 ], [ 126.528403266208286, 34.747892432446136 ], [ 126.528459365712749, 34.742824919817856 ], [ 126.530477068445805, 34.737673036370431 ], [ 126.533000232926057, 34.73598357501681 ], [ 126.552628265625344, 34.730586570070614 ], [ 126.552452901360411, 34.730102768110378 ], [ 126.53117256525573, 34.736332611729061 ], [ 126.529048980418082, 34.73860408962684 ], [ 126.526324880582223, 34.749259016608249 ] ] ] } },
{ "type": "Feature", "properties": { "wid": "11-368022-2-001", "name": "덕천습지", "area_ha": 55.093714100331589, "bbox5186": "321384.0,489631.8,323753.5,490578.5" }, "geometry": { "type": "Polygon", "coordinates": [ [ [ 128.383663071784071, 36.998261326890862 ], [ 128.379692847026632, 36.997557007833663 ], [ 128.374852204505714, 36.997979894848221 ], [ 128.363700967651511, 37.002825348320904 ], [ 128.365262896842523, 37.004795019117758 ], [ 128.375738420278111, 36.999658118313874 ], [ 128.379994915451078, 36.998856356136024 ], [ 128.385206256737774, 37.000289516875171 ], [ 128.387429100291143, 37.002807999042972 ], [ 128.388183276358802, 37.005052601015905 ], [ 128.390302921326366, 37.005963032882072 ], [ 128.390339609753283, 37.003906503079811 ], [ 128.388368660939364, 37.000544489331709 ], [ 128.383663071784071, 36.998261326890862 ] ] ] } },
{ "type": "Feature", "properties": { "wid": "15-377153-2-083", "name": "원당습지", "area_ha": 54.69557799954157, "bbox5186": "251925.1,497644.3,255101.8,499678.0" }, "geometry": { "type": "Polygon", "coordinates": [ [ [ 127.596284516836405, 37.086731094754164 ], [ 127.591819954101794, 37.087378791155018 ], [ 127.588145029566334, 37.091394156508521 ], [ 127.584067062525634, 37.093802108108335 ], [ 127.585169201038497, 37.094656281237555 ], [ 127.58868257505948, 37.09225379925568 ], [ 127.592949454026197, 37.087848005575395 ], [ 127.596750670489271, 37.087658639480608 ], [ 127.60068205652388, 37.086008782354753 ], [ 127.61128474443629, 37.087007939102079 ], [ 127.618580997557956, 37.090912219334569 ], [ 127.619766765777257, 37.089839180121778 ], [ 127.613476381746011, 37.086396519514125 ], [ 127.607776597092609, 37.085296844691143 ], [ 127.603049800445916, 37.085614718507607 ], [ 127.601178979053287, 37.084560069917394 ], [ 127.600550005554638, 37.082386305174822 ], [ 127.605283575015278, 37.076578359980211 ], [ 127.604164172913613, 37.076236259403849 ], [ 127.599742167196979, 37.081629000505259 ], [ 127.599752669751467, 37.085103419732448 ], [ 127.596284516836405, 37.086731094754164 ] ] ] } },
{ "type": "Feature", "properties": { "wid": "13-378071-2-017", "name": "오대천습지", "area_ha": 54.253403295287498, "bbox5186": "337774.0,560920.7,339948.4,563753.7" }, "geometry": { "type": "Polygon", "coordinates": [ [ [ 128.572311335450195, 37.648816858921649 ], [ 128.566747075076961, 37.640300847003182 ], [ 128.563288221412449, 37.638135033637049 ], [ 128.562260144773802, 37.637567574728166 ], [ 128.560913457627777, 37.638231348071606 ], [ 128.567200677928724, 37.642747966214721 ], [ 128.571774350905031, 37.652636609051044 ], [ 128.573392428519043, 37.659187064796882 ], [ 128.573774453501784, 37.658549539182587 ], [ 128.581122217636363, 37.659359357117808 ], [ 128.584146175519095, 37.662159292425152 ], [ 128.586068729517649, 37.662772183794814 ], [ 128.584868144058476, 37.661577524700668 ], [ 128.585932191851015, 37.661148809048811 ], [ 128.581759158289572, 37.658615686358964 ], [ 128.575309980691202, 37.657533549195442 ], [ 128.57395055515741, 37.654277846883971 ], [ 128.575997586372438, 37.65436041915887 ], [ 128.579704033879864, 37.653291018154349 ], [ 128.576904650985767, 37.653905054035171 ], [ 128.575125249236351, 37.651954970503432 ], [ 128.576662053314607, 37.654060548791065 ], [ 128.573863210117707, 37.654112346873731 ], [ 128.572311335450195, 37.648816858921649 ] ] ] } },
{ "type": "Feature", "properties": { "wid": "15-377032-2-046", "name": "용산리습지", "area_ha": 53.862803202261965, "bbox5186": "258598.4,595257.1,260287.3,596847.5" }, "geometry": { "type": "Polygon", "coordinates": [ [ [ 127.684840647521284, 37.958467472273263 ], [ 127.685975792816421, 37.955972517214633 ], [ 127.685559664400799, 37.955272224901982 ], [ 127.671092330981665, 37.962406244880633 ], [ 127.66719565193506, 37.966386150787152 ], [ 127.666870155927143, 37.968270017343166 ], [ 127.671596696844063, 37.969680994381868 ], [ 127.670214547170133, 37.967991545649028 ], [ 127.670029942799829, 37.965710568288536 ], [ 127.673356532826574, 37.963496933550779 ], [ 127.684840647521284, 37.958467472273263 ] ] ] } },
{ "type": "Feature", "properties": { "wid": "14-378144-2-042", "name": "향산습지", "area_ha": 53.577166874000859, "bbox5186": "325638.5,495725.9,327397.2,497350.8" }, "geometry": { "type": "Polygon", "coordinates": [ [ [ 128.413793517999181, 37.052063669473888 ], [ 128.4124931129532, 37.056683264215174 ], [ 128.415288193499833, 37.06124052725599 ], [ 128.424505668205086, 37.065132401038113 ], [ 128.431509814134102, 37.066491459834658 ], [ 128.432421327571461, 37.065039763536141 ], [ 128.418489010035557, 37.060760800404807 ], [ 128.415174405931765, 37.05717298051637 ], [ 128.414734711714686, 37.05492573103696 ], [ 128.415453342282603, 37.052399768338425 ], [ 128.413793517999181, 37.052063669473888 ] ] ] } },
{ "type": "Feature", "properties": { "wid": "15-357103-2-056", "name": "옹정습지", "area_ha": 53.507830462364133, "bbox5186": "227850.7,306564.6,229162.4,308174.4" }, "geometry": { "type": "Polygon", "coordinates": [ [ [ 127.306418486929587, 35.356106504212185 ], [ 127.308635636171488, 35.363391684571766 ], [ 127.309657437264349, 35.364730242051799 ], [ 127.312209488906518, 35.366830071214828 ], [ 127.313054512442449, 35.366531349438141 ], [ 127.319594904649122, 35.369850029386235 ], [ 127.320898089155719, 35.368260246036748 ], [ 127.311584813916795, 35.362334073363876 ], [ 127.309150804851797, 35.355367669445293 ], [ 127.306418486929587, 35.356106504212185 ] ] ] } },
{ "type": "Feature", "properties": { "wid": "15-377152-2-034", "name": "바위늪구비", "area_ha": 53.420350735661913, "bbox5186": "261081.8,514893.7,263189.4,516235.8" }, "geometry": { "type": "Polygon", "coordinates": [ [ [ 127.695876654879029, 37.23636031116709 ], [ 127.68841749658651, 37.24329407189488 ], [ 127.691821941057881, 37.242520971376408 ], [ 127.699811167329912, 37.235796508383793 ], [ 127.70140709977386, 37.235090571583228 ], [ 127.703519572695626, 37.235767327201785 ], [ 127.706758436982057, 37.23517588857564 ], [ 127.710136470862039, 37.231646175233948 ], [ 127.712056442151635, 37.231147190278257 ], [ 127.702081366824757, 37.231121149194607 ], [ 127.701463565709943, 37.233765725345584 ], [ 127.695876654879029, 37.23636031116709 ] ] ] } },
{ "type": "Feature", "properties": { "wid": "13-377161-2-010", "name": "샘개나루습지", "area_ha": 53.337419937317378, "bbox5186": "267529.2,506318.2,268833.2,507622.5" }, "geometry": { "type": "Polygon", "coordinates": [ [ [ 127.772765754217687, 37.15341310437406 ], [ 127.762914960291909, 37.159919339326102 ], [ 127.760280274051354, 37.163480947587232 ], [ 127.76386332859056, 37.165223034085777 ], [ 127.769374488663132, 37.15912070827445 ], [ 127.774875780464441, 37.155115801565614 ], [ 127.772765754217687, 37.15341310437406 ] ] ] } },
{ "type": "Feature", "properties": { "wid": "15-359012-2-002", "name": "칠평천습지", "area_ha": 53.28848215642163, "bbox5186": "396330.7,377954.3,402252.5,379990.3" }, "geometry": { "type": "Polygon", "coordinates": [ [ [ 129.17704107248619, 35.989545492419808 ], [ 129.184441376846365, 35.992470813589236 ], [ 129.188565980530512, 35.996566470060962 ], [ 129.194250022779642, 35.997460025812529 ], [ 129.199259354955615, 35.996133842477022 ], [ 129.201001208135835, 35.994576442383668 ], [ 129.213596240212695, 35.988331145075698 ], [ 129.225091403561123, 35.986847953219488 ], [ 129.228650532467327, 35.985521328158825 ], [ 129.233021677894641, 35.981857545819288 ], [ 129.242422215768215, 35.979892706397244 ], [ 129.240577935748775, 35.978258485342927 ], [ 129.239640404500619, 35.97979782342189 ], [ 129.232651275135652, 35.981498627028195 ], [ 129.225261933228296, 35.985775273685476 ], [ 129.213315151029718, 35.987556045229148 ], [ 129.194719596687577, 35.996919825060836 ], [ 129.188345181061038, 35.995758672462102 ], [ 129.184568068777168, 35.992119806692479 ], [ 129.17704107248619, 35.989545492419808 ] ] ] } },
{ "type": "Feature", "properties": { "wid": "13-356152-2-009", "name": "송산습지", "area_ha": 53.25671351994842, "bbox5186": "174491.2,283554.7,177710.3,285282.2" }, "geometry": { "type": "Polygon", "coordinates": [ [ [ 126.731764209077255, 35.157407226640835 ], [ 126.725686088062957, 35.158381504235493 ], [ 126.72170891208269, 35.161183763641752 ], [ 126.720011769622474, 35.163186271043216 ], [ 126.720328618019593, 35.163612442690685 ], [ 126.722165279910769, 35.161250610057124 ], [ 126.7272680830269, 35.158581571455485 ], [ 126.73072229310776, 35.158514485348149 ], [ 126.733678118480185, 35.157465530211383 ], [ 126.73471327145171, 35.158425041984998 ], [ 126.737867467273574, 35.158131755665273 ], [ 126.738292909843594, 35.15483100481741 ], [ 126.741334997840568, 35.152807680541443 ], [ 126.755384099625402, 35.15012286911238 ], [ 126.755344856734837, 35.148201093640374 ], [ 126.752069359154405, 35.14811060952826 ], [ 126.740888294745929, 35.151779178356563 ], [ 126.731764209077255, 35.157407226640835 ] ] ] } },
{ "type": "Feature", "properties": { "wid": "13-377101-2-024", "name": "오송계습지", "area_ha": 53.032799623818939, "bbox5186": "224386.9,535380.6,227586.2,537092.2" }, "geometry": { "type": "Polygon", "coordinates": [ [ [ 127.279132974634194, 37.41875754988407 ], [ 127.275487350250401, 37.417474945623994 ], [ 127.282108727759905, 37.420317352375271 ], [ 127.286582759468843, 37.42399174280893 ], [ 127.288607125187639, 37.427486358078312 ], [ 127.289255812857945, 37.431351023140905 ], [ 127.290546297306946, 37.4328606598284 ], [ 127.295279339586273, 37.432565112183312 ], [ 127.305890563477533, 37.429090851994545 ], [ 127.308380726487286, 37.429373607307035 ], [ 127.310620136386177, 37.430762512607913 ], [ 127.311680287205178, 37.430029901310597 ], [ 127.308219865069375, 37.427891859485648 ], [ 127.305147610082329, 37.427815134787267 ], [ 127.294613883413177, 37.431710809938458 ], [ 127.291732404802246, 37.431335926777855 ], [ 127.290609790611001, 37.430287209110254 ], [ 127.289579938176828, 37.425740516319721 ], [ 127.284150391749705, 37.420398960165102 ], [ 127.284011018583016, 37.419091020618723 ], [ 127.279132974634194, 37.41875754988407 ] ] ] } },
{ "type": "Feature", "properties": { "wid": "14-369093-2-005", "name": "용전천4습지", "area_ha": 52.868194802722066, "bbox5186": "385032.2,419644.2,387989.1,421458.9" }, "geometry": { "type": "Polygon", "coordinates": [ [ [ 129.062375123394503, 36.35709369674408 ], [ 129.061403909525666, 36.357942991775559 ], [ 129.063061813207952, 36.35875860720293 ], [ 129.074129872270674, 36.359132740300403 ], [ 129.074992872545636, 36.360505293837491 ], [ 129.072712632893598, 36.36403447105711 ], [ 129.07444881777414, 36.367033494391265 ], [ 129.076930459344993, 36.36647048376399 ], [ 129.077405791238817, 36.364864741045551 ], [ 129.078749917403684, 36.363966480528752 ], [ 129.082593732663042, 36.363607589424873 ], [ 129.085797654282203, 36.365068960329076 ], [ 129.091927516485299, 36.370660559346348 ], [ 129.093371396125178, 36.372904870587298 ], [ 129.094735882041903, 36.372643079899966 ], [ 129.09335792820832, 36.370199410433649 ], [ 129.086860737559647, 36.36449627382742 ], [ 129.086523717627301, 36.362180285424508 ], [ 129.085641319683248, 36.3613829959546 ], [ 129.085646171293888, 36.363317358832283 ], [ 129.079631318158221, 36.361923882939344 ], [ 129.075189525106254, 36.365308722723881 ], [ 129.074576430522285, 36.364203934167598 ], [ 129.075991350068364, 36.360015817201798 ], [ 129.074748122934494, 36.358587707450674 ], [ 129.072157259563056, 36.357921794657734 ], [ 129.065438168469569, 36.358138189980281 ], [ 129.062375123394503, 36.35709369674408 ] ] ] } },
{ "type": "Feature", "properties": { "wid": "13-366161-2-045", "name": "합곡습지", "area_ha": 52.067703749775312, "bbox5186": "186829.9,403571.3,189841.6,405745.0" }, "geometry": { "type": "Polygon", "coordinates": [ [ [ 126.867284373136812, 36.231255556509808 ], [ 126.861167610472307, 36.229969815335131 ], [ 126.854280854993448, 36.230737558204531 ], [ 126.853504543227942, 36.230085945192911 ], [ 126.854309266579421, 36.231611754905927 ], [ 126.861521083387885, 36.231372489350349 ], [ 126.86734236926155, 36.233140025930012 ], [ 126.871017055658683, 36.235540328517473 ], [ 126.878650958790985, 36.243826710493735 ], [ 126.886126580440433, 36.249585492750313 ], [ 126.886978095088537, 36.248557134782715 ], [ 126.884511044167539, 36.247335460590897 ], [ 126.884906160740258, 36.246473396796503 ], [ 126.877951591498274, 36.241414397014431 ], [ 126.874345989438098, 36.237249837734687 ], [ 126.867091020418826, 36.231796961974098 ], [ 126.867284373136812, 36.231255556509808 ] ] ] } },
{ "type": "Feature", "properties": { "wid": "20-387104-9-027", "name": "철원 용양보", "area_ha": 51.93992979704538, "bbox5186": "240534.7,631744.4,242597.7,632744.1" }, "geometry": { "type": "Polygon", "coordinates": [ [ [ 127.486925732837065, 38.292289674167371 ], [ 127.484237283995895, 38.287998211760573 ], [ 127.481695367239936, 38.28836362174826 ], [ 127.479418344079733, 38.287646841196214 ], [ 127.478976809943291, 38.286726145630922 ], [ 127.479599857814094, 38.285007427490861 ], [ 127.475746315369364, 38.28718792724019 ], [ 127.463450963575468, 38.286263291870242 ], [ 127.463312640650884, 38.28733858622288 ], [ 127.464773664522909, 38.287919279182496 ], [ 127.478223630207168, 38.28830125010824 ], [ 127.480279953472404, 38.29160357479023 ], [ 127.483954784322165, 38.293995616127134 ], [ 127.486925732837065, 38.292289674167371 ] ] ] } },
{ "type": "Feature", "properties": { "wid": "13-358162-9-045", "name": "차등습지", "area_ha": 51.75295455122734, "bbox5186": "373191.1,287599.9,373854.6,288569.9" }, "geometry": { "type": "Polygon", "coordinates": [ [ [ 128.90101484947678, 35.170078834502895 ], [ 128.902064662985424, 35.178630855196914 ], [ 128.908492567104929, 35.17845400927731 ], [ 128.906392087069975, 35.169821271727486 ], [ 128.90101484947678, 35.170078834502895 ] ] ] } },
{ "type": "Feature", "properties": { "wid": "15-356102-3-054", "name": "용대저수지습지", "area_ha": 51.66512559878683, "bbox5186": "152403.5,314226.6,153415.2,315842.9" }, "geometry": { "type": "Polygon", "coordinates": [ [ [ 126.484051717725549, 35.435284193625002 ], [ 126.484328554929633, 35.429518814747496 ], [ 126.483394379332267, 35.428367457528445 ], [ 126.484556236480316, 35.428523842150774 ], [ 126.48408287329913, 35.427464586936239 ], [ 126.485445076596406, 35.427802981602639 ], [ 126.48549029404775, 35.426580099695741 ], [ 126.487029772546791, 35.425182411239888 ], [ 126.485959056056942, 35.425419408808871 ], [ 126.486038871248383, 35.424468868511298 ], [ 126.483578771275162, 35.425530028398853 ], [ 126.483588309278417, 35.424035700544572 ], [ 126.482521172241576, 35.423713872008697 ], [ 126.481288842355028, 35.425973571738297 ], [ 126.482685075514468, 35.426839408629938 ], [ 126.481162372210548, 35.428523728674612 ], [ 126.481074163637572, 35.430773012284291 ], [ 126.475860278230613, 35.42969326040992 ], [ 126.47794715218302, 35.432238577953399 ], [ 126.479251046668594, 35.433089633805096 ], [ 126.47995475523804, 35.432745663572149 ], [ 126.482298017628622, 35.438280740678117 ], [ 126.483538141479769, 35.437757886261096 ], [ 126.482988534057114, 35.437076850636281 ], [ 126.4836925553725, 35.436686893644577 ], [ 126.483293033393821, 35.435613531425012 ], [ 126.484051717725549, 35.435284193625002 ] ] ] } },
{ "type": "Feature", "properties": { "wid": "13-358102-0-023", "name": "장척지", "area_ha": 51.48765156326894, "bbox5186": "335145.4,315818.1,336138.1,316808.3" }, "geometry": { "type": "Polygon", "coordinates": [ [ [ 128.489279308896698, 35.429981956787351 ], [ 128.48821853394216, 35.431096326790865 ], [ 128.489434711869308, 35.432441267239803 ], [ 128.489049958969105, 35.43373205187816 ], [ 128.490286979987303, 35.438893381640689 ], [ 128.492025656656864, 35.435662669875107 ], [ 128.494522688556032, 35.436234696673985 ], [ 128.496779096463115, 35.438439955755456 ], [ 128.498646393667229, 35.437648051010811 ], [ 128.4978547246792, 35.436048303882181 ], [ 128.493998735437202, 35.433325744082865 ], [ 128.496463066419523, 35.433502501991775 ], [ 128.497653108113695, 35.434497107614099 ], [ 128.499203891239887, 35.434040768883712 ], [ 128.498098188270461, 35.432963121340038 ], [ 128.49810627846685, 35.431676082913825 ], [ 128.496459757248203, 35.43213359398743 ], [ 128.49619186255066, 35.430509315568166 ], [ 128.494855641127316, 35.431728993718224 ], [ 128.493609223444423, 35.431672323231467 ], [ 128.49297779038028, 35.431347584161145 ], [ 128.493442458217004, 35.430572196806693 ], [ 128.492039866440507, 35.430584131831345 ], [ 128.491948001673791, 35.429961624108145 ], [ 128.489279308896698, 35.429981956787351 ] ] ] } },
{ "type": "Feature", "properties": { "wid": "14-366114-2-040", "name": "웅천습지", "area_ha": 51.314238275818589, "bbox5186": "164301.8,405953.4,166518.1,406730.1" }, "geometry": { "type": "Polygon", "coordinates": [ [ [ 126.610783361565694, 36.254919226093577 ], [ 126.60375704235382, 36.250904791086796 ], [ 126.602807950510055, 36.251789315051099 ], [ 126.609232090859692, 36.256746285481235 ], [ 126.613605517270315, 36.256418942096829 ], [ 126.622089297170803, 36.257920391146612 ], [ 126.624550007646192, 36.256424055438238 ], [ 126.627469455514799, 36.25132614102688 ], [ 126.626350905153828, 36.250934239520987 ], [ 126.624178045608133, 36.253703097628758 ], [ 126.620496180992077, 36.254867525678115 ], [ 126.610783361565694, 36.254919226093577 ] ] ] } },
{ "type": "Feature", "properties": { "wid": "14-388102-2-005", "name": "북천중류부하상습지", "area_ha": 51.279203513231451, "bbox5186": "322954.3,641366.8,326259.0,642955.9" }, "geometry": { "type": "Polygon", "coordinates": [ [ [ 128.420751646939408, 38.368235601697869 ], [ 128.406965322284179, 38.37137185274883 ], [ 128.407491196157679, 38.37223301897 ], [ 128.422562266519094, 38.369137872123922 ], [ 128.429896719328525, 38.370188155433816 ], [ 128.43372146497606, 38.37103774028774 ], [ 128.438426370223198, 38.375303969848922 ], [ 128.443804065274492, 38.378097909802392 ], [ 128.444894463988817, 38.37716925534955 ], [ 128.439311713162766, 38.374477872406295 ], [ 128.435424683380489, 38.370778181778903 ], [ 128.435298240920247, 38.369011445787912 ], [ 128.431769090467412, 38.366899872990565 ], [ 128.430307097585569, 38.363948656995767 ], [ 128.429723746916579, 38.364189082559612 ], [ 128.431080544044278, 38.366970436662164 ], [ 128.434456795030428, 38.368988415891465 ], [ 128.434561682138167, 38.370012250914449 ], [ 128.420751646939408, 38.368235601697869 ] ] ] } },
{ "type": "Feature", "properties": { "wid": "13-366162-2-017", "name": "성당습지", "area_ha": 51.241454932436199, "bbox5186": "191251.6,393272.4,192421.8,394071.1" }, "geometry": { "type": "Polygon", "coordinates": [ [ [ 126.909252539558523, 36.137496361665931 ], [ 126.903304277940279, 36.141886919885103 ], [ 126.902794957752434, 36.144046712390441 ], [ 126.905657888613518, 36.144396869481341 ], [ 126.908542263882609, 36.143524931430065 ], [ 126.915802641057425, 36.139007972763558 ], [ 126.912832586203251, 36.13720432398862 ], [ 126.909252539558523, 36.137496361665931 ] ] ] } },
{ "type": "Feature", "properties": { "wid": "14-367131-2-012", "name": "아호습지", "area_ha": 50.97793237253628, "bbox5186": "210187.9,398307.0,212355.1,401467.1" }, "geometry": { "type": "Polygon", "coordinates": [ [ [ 127.123483366821574, 36.200269546434683 ], [ 127.127292188536885, 36.197160010337768 ], [ 127.12930341169232, 36.193690924251591 ], [ 127.128901443051475, 36.18993153396881 ], [ 127.129988548549079, 36.187791799889233 ], [ 127.137348296847023, 36.18337128215817 ], [ 127.135592630851093, 36.182531557667076 ], [ 127.127718942803924, 36.187449982622923 ], [ 127.126436611289463, 36.190592943192883 ], [ 127.127012571201746, 36.19476130346775 ], [ 127.126378505573882, 36.196637379312769 ], [ 127.124375200893454, 36.198915016055579 ], [ 127.120406310906958, 36.201462269203944 ], [ 127.121037369777525, 36.201849149905343 ], [ 127.120482664495739, 36.203397975687651 ], [ 127.118676073543824, 36.204357758840331 ], [ 127.116663029529533, 36.207848291445586 ], [ 127.113295304983097, 36.210565045153487 ], [ 127.113767494843898, 36.211033221983072 ], [ 127.118353285745741, 36.207840323493507 ], [ 127.117787334015475, 36.207884139508103 ], [ 127.123483366821574, 36.200269546434683 ] ] ] } },
{ "type": "Feature", "properties": { "wid": "15-359023-2-033", "name": "조양습지", "area_ha": 50.799915471458149, "bbox5186": "403674.9,354448.6,407926.9,359556.2" }, "geometry": { "type": "Polygon", "coordinates": [ [ [ 129.257753670388212, 35.793854979609037 ], [ 129.256562321118281, 35.801274006662013 ], [ 129.255218823313186, 35.801482139292645 ], [ 129.256374554540997, 35.801752381207976 ], [ 129.25877381510648, 35.805274525953187 ], [ 129.255550305285141, 35.808274272078364 ], [ 129.254788279829057, 35.810820497920737 ], [ 129.253431441677037, 35.81224526821282 ], [ 129.255305951201564, 35.811523505182855 ], [ 129.256106718995852, 35.808744080629864 ], [ 129.259587161865426, 35.805287166416079 ], [ 129.257016389996409, 35.801451093598303 ], [ 129.258552709551083, 35.793874205224014 ], [ 129.262797325601611, 35.791417413134084 ], [ 129.266371292822157, 35.790587788262769 ], [ 129.265487197541574, 35.788350953597231 ], [ 129.261748265510789, 35.784489226288983 ], [ 129.262620216447516, 35.780765025254802 ], [ 129.264192645647341, 35.780454289700742 ], [ 129.267700226112197, 35.78197579995733 ], [ 129.269570751662854, 35.782115296204402 ], [ 129.273174628436209, 35.78087764109673 ], [ 129.27403248246128, 35.779511655403972 ], [ 129.273567574934049, 35.774797193593002 ], [ 129.277686623897637, 35.771323191967575 ], [ 129.279502064444557, 35.767760304150755 ], [ 129.282874948586368, 35.766166333075425 ], [ 129.286069312056071, 35.766489472924164 ], [ 129.29562938158071, 35.770806173601471 ], [ 129.299095266923445, 35.771450852998818 ], [ 129.299276357300954, 35.770943709874501 ], [ 129.294675641974464, 35.769897215846427 ], [ 129.286476472606637, 35.76592128271573 ], [ 129.282377847422936, 35.76567749649832 ], [ 129.280261549805232, 35.766713307443467 ], [ 129.277969601877146, 35.768530910087286 ], [ 129.277140916365767, 35.771378582746628 ], [ 129.272696231815701, 35.774756004610929 ], [ 129.273434803396498, 35.779025587052438 ], [ 129.272332702591655, 35.780396186440889 ], [ 129.26923365449332, 35.781771155975477 ], [ 129.264422234218131, 35.780167037323253 ], [ 129.262558499031144, 35.780265207294782 ], [ 129.261532736012413, 35.784414891230796 ], [ 129.265232914671628, 35.788470178770552 ], [ 129.2659215415284, 35.79036650333704 ], [ 129.261049317421623, 35.791589072653998 ], [ 129.258594655316898, 35.793012020917523 ], [ 129.257753670388212, 35.793854979609037 ] ] ] } },
{ "type": "Feature", "properties": { "wid": "15-359014-2-017", "name": "배동습지", "area_ha": 50.577079387333171, "bbox5186": "398606.5,356920.1,399274.3,360153.4" }, "geometry": { "type": "MultiPolygon", "coordinates": [ [ [ [ 129.200504638686596, 35.790353923569555 ], [ 129.201441129955555, 35.799322973094561 ], [ 129.202098588407154, 35.798699113038289 ], [ 129.201260210139225, 35.804749718612634 ], [ 129.202753392411154, 35.810112443207124 ], [ 129.197516155401132, 35.817757344192813 ], [ 129.197633203244607, 35.818391345017446 ], [ 129.199878638878289, 35.818618765450715 ], [ 129.200760765616224, 35.815708437787187 ], [ 129.204214086352835, 35.81193190869454 ], [ 129.204693025230341, 35.810130032123432 ], [ 129.203115881993114, 35.805456375297659 ], [ 129.203596350154356, 35.797825570703296 ], [ 129.202567823800081, 35.797307398695338 ], [ 129.201922492215658, 35.795164807877278 ], [ 129.202471092739216, 35.789437574418869 ], [ 129.200504638686596, 35.790353923569555 ] ], [ [ 129.202912754862268, 35.797822785582703 ], [ 129.203360551711, 35.798418281135881 ], [ 129.202751799148302, 35.800925354655298 ], [ 129.202530263336769, 35.800513129272282 ], [ 129.202912754862268, 35.797822785582703 ] ] ], [ [ [ 129.203584561798465, 35.806125371917091 ], [ 129.20369687298458, 35.806907226542116 ], [ 129.204040848210013, 35.806945970355649 ], [ 129.203584561798465, 35.806125371917091 ] ] ] ] } },
{ "type": "Feature", "properties": { "wid": "14-366081-2-009", "name": "산성리습지", "area_ha": 50.559931303151117, "bbox5186": "183852.2,453174.3,184398.8,456340.2" }, "geometry": { "type": "Polygon", "coordinates": [ [ [ 126.82105987128287, 36.682247526237219 ], [ 126.820400690359705, 36.685703265228334 ], [ 126.819328665579064, 36.685771030422792 ], [ 126.820024011998541, 36.686021696110224 ], [ 126.819375971291862, 36.686593832768438 ], [ 126.820213530512731, 36.697371689058912 ], [ 126.823966223463941, 36.705454093743235 ], [ 126.82494938709506, 36.70520953602793 ], [ 126.822649303231628, 36.699959774271456 ], [ 126.823435830130904, 36.698568702290579 ], [ 126.821822810021501, 36.691986266725465 ], [ 126.821828049202551, 36.689715431725752 ], [ 126.82251089181247, 36.68909647523737 ], [ 126.821092199239303, 36.689061010333987 ], [ 126.821656783992282, 36.682962116161121 ], [ 126.823056037036466, 36.681178164982796 ], [ 126.824961655441001, 36.681039503940994 ], [ 126.82367516352285, 36.680007614734343 ], [ 126.825464272731722, 36.676953617314354 ], [ 126.823795190246926, 36.67692502661275 ], [ 126.823480510000181, 36.679022391426848 ], [ 126.82105987128287, 36.682247526237219 ] ] ] } },
{ "type": "Feature", "properties": { "wid": "14-358014-2-003", "name": "사창하도습지", "area_ha": 50.445678613706058, "bbox5186": "310104.8,357173.4,311992.5,358897.8" }, "geometry": { "type": "Polygon", "coordinates": [ [ [ 128.234869916468114, 35.807310299954125 ], [ 128.219920737937883, 35.812269932206725 ], [ 128.218294935028439, 35.814844019178707 ], [ 128.220540466127716, 35.821242259860867 ], [ 128.221930309708057, 35.82095687736647 ], [ 128.220218575284861, 35.816333108590527 ], [ 128.221536949964587, 35.813626941766074 ], [ 128.231254158464623, 35.809943737463392 ], [ 128.236626409683083, 35.809000008525103 ], [ 128.239043426386104, 35.80598585197923 ], [ 128.237392376795071, 35.805529731246331 ], [ 128.234869916468114, 35.807310299954125 ] ] ] } },
{ "type": "Feature", "properties": { "wid": "15-368114-2-040", "name": "쌍계습지", "area_ha": 50.377117385543372, "bbox5186": "346349.5,407879.0,350574.1,409334.1" }, "geometry": { "type": "Polygon", "coordinates": [ [ [ 128.637019416317571, 36.265310347016353 ], [ 128.62859279669027, 36.266909496962334 ], [ 128.630095108148765, 36.267558530761967 ], [ 128.632918776668305, 36.266201719312519 ], [ 128.635890910129575, 36.26599259226213 ], [ 128.642719980979678, 36.267073979421774 ], [ 128.650372502880828, 36.270526967618096 ], [ 128.650694938550402, 36.269880046762275 ], [ 128.656375574420025, 36.270512439837603 ], [ 128.660642046614242, 36.269940546585552 ], [ 128.663719552043602, 36.268716451195239 ], [ 128.675406473107898, 36.257823236390202 ], [ 128.674302908990114, 36.257151169834529 ], [ 128.663707636548025, 36.267210915079822 ], [ 128.660108775305133, 36.268772044167576 ], [ 128.650742810503488, 36.269722597964609 ], [ 128.642865026801758, 36.266189827981997 ], [ 128.637019416317571, 36.265310347016353 ] ] ] } },
{ "type": "Feature", "properties": { "wid": "20-358162-5-302", "name": "조만강하구습지", "area_ha": 50.323697967849277, "bbox5186": "371883.0,284070.1,372846.7,286820.5" }, "geometry": { "type": "Polygon", "coordinates": [ [ [ 128.893017042563457, 35.139001207562998 ], [ 128.891643478837466, 35.138242228296505 ], [ 128.88703879385713, 35.144124054376007 ], [ 128.886122735227133, 35.146884264742766 ], [ 128.886786593511061, 35.157577415645029 ], [ 128.890157628718583, 35.162557114905006 ], [ 128.891727932368553, 35.163027350989779 ], [ 128.891436363276256, 35.161383623868339 ], [ 128.890341273952004, 35.160534675346149 ], [ 128.897054339936972, 35.162300581996476 ], [ 128.890201395189194, 35.159896110305247 ], [ 128.88768293063697, 35.156714523984476 ], [ 128.88911767730562, 35.14582284762259 ], [ 128.893017042563457, 35.139001207562998 ] ] ] } },
{ "type": "Feature", "properties": { "wid": "15-387154-2-058", "name": "서오지습지", "area_ha": 50.137508013839749, "bbox5186": "256301.2,604212.1,257490.2,606531.2" }, "geometry": { "type": "Polygon", "coordinates": [ [ [ 127.651325130522224, 38.037558184085498 ], [ 127.648204184500543, 38.043005213470231 ], [ 127.652721281883061, 38.049577570702567 ], [ 127.653185315498149, 38.052052488763024 ], [ 127.651362880356047, 38.05480586359689 ], [ 127.646471121631549, 38.056305851470128 ], [ 127.641467875716671, 38.053280086423598 ], [ 127.645226788709223, 38.057070351119101 ], [ 127.651795190207977, 38.055246713444056 ], [ 127.653722850689434, 38.052411665343364 ], [ 127.652626640048567, 38.046873570668303 ], [ 127.651152846357505, 38.043958295724948 ], [ 127.652074286674008, 38.043554085757513 ], [ 127.654885540578121, 38.038792470738102 ], [ 127.654379975005057, 38.036126792105001 ], [ 127.651325130522224, 38.037558184085498 ] ] ] } },
{ "type": "Feature", "properties": { "wid": "13-358102-0-024", "name": "대봉습지", "area_ha": 50.063370236472885, "bbox5186": "331343.2,315958.7,332629.7,317763.3" }, "geometry": { "type": "Polygon", "coordinates": [ [ [ 128.449399370758016, 35.439803087569203 ], [ 128.448787747904902, 35.438488335795768 ], [ 128.446518884307267, 35.440438753893268 ], [ 128.451516343597547, 35.441726093550869 ], [ 128.450714190357616, 35.444586301334667 ], [ 128.457934560709333, 35.447895108215796 ], [ 128.458513536548082, 35.447266271631392 ], [ 128.454177320932985, 35.444437385560569 ], [ 128.456588038257337, 35.438323272790278 ], [ 128.459297351027146, 35.436815252020622 ], [ 128.460549564938304, 35.432860867954396 ], [ 128.45923765995181, 35.431615922281267 ], [ 128.456572534476493, 35.43269442580025 ], [ 128.459280019298831, 35.434024377349189 ], [ 128.457980161462046, 35.436745551279685 ], [ 128.454274172256873, 35.437883435459462 ], [ 128.450576378850656, 35.440281918541324 ], [ 128.449399370758016, 35.439803087569203 ] ] ] } },
{ "type": "Feature", "properties": { "wid": "13-358101-2-031", "name": "신반천습지", "area_ha": 49.715001473864206, "bbox5186": "322512.3,322587.9,324543.1,323883.2" }, "geometry": { "type": "Polygon", "coordinates": [ [ [ 128.350153505342178, 35.493434394570684 ], [ 128.35339380701862, 35.496352309716279 ], [ 128.352988162110648, 35.501209063250037 ], [ 128.356234442719341, 35.502949826499304 ], [ 128.356823540152021, 35.504228349139503 ], [ 128.365625303392051, 35.500589916240187 ], [ 128.372684190888151, 35.502341085168617 ], [ 128.368388721684141, 35.500554094821837 ], [ 128.368447784086101, 35.499553065727859 ], [ 128.366195405643964, 35.498266412058356 ], [ 128.359587704200806, 35.502071235854139 ], [ 128.356572934452885, 35.50171314378094 ], [ 128.354512957576929, 35.50032587342168 ], [ 128.356184477169933, 35.495847826030271 ], [ 128.352527856196133, 35.493145541805767 ], [ 128.350167585919365, 35.492629440698138 ], [ 128.350153505342178, 35.493434394570684 ] ] ] } },
{ "type": "Feature", "properties": { "wid": "13-377062-2-015", "name": "사기막습지", "area_ha": 49.562776445597869, "bbox5186": "236065.4,569101.2,237128.3,569813.2" }, "geometry": { "type": "Polygon", "coordinates": [ [ [ 127.410250991360655, 37.722478985837384 ], [ 127.409089895093331, 37.724612003446886 ], [ 127.410759562291545, 37.726457682270826 ], [ 127.416454023892541, 37.727296323357351 ], [ 127.421160157731848, 37.727056164888367 ], [ 127.420938677746392, 37.723799064872459 ], [ 127.420009418451272, 37.723347391506906 ], [ 127.416518019935808, 37.723127329384837 ], [ 127.416133368708927, 37.72229259130664 ], [ 127.412872549210391, 37.720894043981552 ], [ 127.410250991360655, 37.722478985837384 ] ] ] } },
{ "type": "Feature", "properties": { "wid": "15-367073-2-025", "name": "장평교습지", "area_ha": 49.381412378781228, "bbox5186": "244451.7,441174.9,245428.1,445427.0" }, "geometry": { "type": "Polygon", "coordinates": [ [ [ 127.497299872242323, 36.591201048530522 ], [ 127.49675647999608, 36.59324708737816 ], [ 127.497458756880746, 36.606203355954044 ], [ 127.498485876604349, 36.606196360633419 ], [ 127.498847947136852, 36.591083739890422 ], [ 127.502510701322294, 36.584997408573045 ], [ 127.503802332018992, 36.581546915383953 ], [ 127.504578625173437, 36.574467008896775 ], [ 127.507503447398349, 36.568132215100526 ], [ 127.506413491998572, 36.567848485879679 ], [ 127.503880928914199, 36.573180433030259 ], [ 127.502364189054916, 36.58239014003896 ], [ 127.500586224165275, 36.586677112022826 ], [ 127.497299872242323, 36.591201048530522 ] ] ] } },
{ "type": "Feature", "properties": { "wid": "13-368071-2-057", "name": "미호교습지", "area_ha": 49.372709479802012, "bbox5186": "335617.5,452749.9,336656.8,455162.9" }, "geometry": { "type": "Polygon", "coordinates": [ [ [ 128.517317991355924, 36.665111567202096 ], [ 128.517030570729219, 36.671037774549823 ], [ 128.51801384428407, 36.674628504051469 ], [ 128.523729912370499, 36.681324996047479 ], [ 128.524535710377677, 36.684062847450981 ], [ 128.527721426778299, 36.685173535511048 ], [ 128.528919539405138, 36.684379657948959 ], [ 128.526064401928068, 36.68301337493984 ], [ 128.522938832172713, 36.676039710784117 ], [ 128.519006044302898, 36.671443286115164 ], [ 128.519566614830211, 36.665821746585316 ], [ 128.518820602726095, 36.663545321846556 ], [ 128.517317991355924, 36.665111567202096 ] ] ] } },
{ "type": "Feature", "properties": { "wid": "15-357094-2-045", "name": "군촌습지", "area_ha": 49.318809421252986, "bbox5186": "219395.4,301995.6,220090.9,303173.1" }, "geometry": { "type": "Polygon", "coordinates": [ [ [ 127.216079785838645, 35.314388064340775 ], [ 127.213909043008158, 35.315212138087794 ], [ 127.213290679939703, 35.317590950023785 ], [ 127.21578213595923, 35.319903858919474 ], [ 127.215274349022707, 35.324990987686739 ], [ 127.218414282006648, 35.324997073704886 ], [ 127.220948546910179, 35.321077979632577 ], [ 127.220838731939381, 35.319114174524557 ], [ 127.218389292357898, 35.315703468878162 ], [ 127.216079785838645, 35.314388064340775 ] ] ] } },
{ "type": "Feature", "properties": { "wid": "17-368052-9-023", "name": "문경 돌리네", "area_ha": 49.310802445253699, "bbox5186": "309133.5,456375.9,309827.1,457450.3" }, "geometry": { "type": "Polygon", "coordinates": [ [ [ 128.223770084824366, 36.709296997228435 ], [ 128.227633056033739, 36.708155213457559 ], [ 128.228878304709866, 36.7067294907296 ], [ 128.229081778895562, 36.704398130723433 ], [ 128.225890651601162, 36.700338385844127 ], [ 128.22223824044255, 36.699631659786604 ], [ 128.221532098646179, 36.70026424971492 ], [ 128.222372464059021, 36.704786195671993 ], [ 128.221342150219698, 36.705797858241546 ], [ 128.223039506128686, 36.708816127658892 ], [ 128.223770084824366, 36.709296997228435 ] ], [ [ 128.224940499365346, 36.708156821889673 ], [ 128.224152579188711, 36.708293780364428 ], [ 128.224196562675672, 36.70803291951335 ], [ 128.224940499365346, 36.708156821889673 ] ], [ [ 128.22440019065337, 36.707818173163623 ], [ 128.22400400293327, 36.707393339663568 ], [ 128.224364223088202, 36.707385129643065 ], [ 128.22440019065337, 36.707818173163623 ] ] ] } },
{ "type": "Feature", "properties": { "wid": "13-358102-0-013", "name": "박진교습지", "area_ha": 49.294851413388947, "bbox5186": "324814.1,315697.8,325804.0,317070.3" }, "geometry": { "type": "Polygon", "coordinates": [ [ [ 128.381304612206378, 35.430181424651558 ], [ 128.380136370193725, 35.431345659084172 ], [ 128.38095477046798, 35.431360634043507 ], [ 128.378668397709134, 35.43547024923128 ], [ 128.374700945828806, 35.44014241918574 ], [ 128.374643751236874, 35.442024842832602 ], [ 128.378098155237439, 35.442587479099977 ], [ 128.380369092686891, 35.438077005118146 ], [ 128.38172085999534, 35.437529814349404 ], [ 128.385377020520082, 35.432201288460135 ], [ 128.381304612206378, 35.430181424651558 ] ] ] } },
{ "type": "Feature", "properties": { "wid": "20-369062-5-301", "name": "남대천하구습지(평해)", "area_ha": 49.218496513139804, "bbox5186": "419558.5,461457.5,421144.0,462971.2" }, "geometry": { "type": "Polygon", "coordinates": [ [ [ 129.45766651295267, 36.727511575156264 ], [ 129.458590200756817, 36.728891562418212 ], [ 129.46271568897518, 36.728055783981496 ], [ 129.466961368289702, 36.728810133694793 ], [ 129.469624292466023, 36.732663807617506 ], [ 129.470915338224927, 36.737881931225949 ], [ 129.472626113617281, 36.739640033020656 ], [ 129.475668762999447, 36.735538089398226 ], [ 129.47550459368, 36.734573959774949 ], [ 129.473361437407704, 36.736115810620682 ], [ 129.471936352144326, 36.735759859154285 ], [ 129.472372405789969, 36.732082404011699 ], [ 129.468737857331377, 36.727143578604178 ], [ 129.464332097834273, 36.726175494278515 ], [ 129.45766651295267, 36.727511575156264 ] ] ] } },
{ "type": "Feature", "properties": { "wid": "15-368054-2-023", "name": "신흥리습지", "area_ha": 49.099602397519675, "bbox5186": "304780.3,439281.4,307410.7,440022.2" }, "geometry": { "type": "Polygon", "coordinates": [ [ [ 128.170285439062411, 36.551146787479105 ], [ 128.179033959944718, 36.552706893941476 ], [ 128.195689794917683, 36.547847223859307 ], [ 128.199323256731162, 36.547663852486686 ], [ 128.199580764015707, 36.545826636141264 ], [ 128.193927897121199, 36.545986099375355 ], [ 128.19048360755508, 36.548232724675607 ], [ 128.181777659676811, 36.550770310782738 ], [ 128.170730495495206, 36.549702467601655 ], [ 128.170285439062411, 36.551146787479105 ] ] ] } },
{ "type": "Feature", "properties": { "wid": "15-356104-2-028", "name": "구암천습지", "area_ha": 48.600908885160237, "bbox5186": "147787.2,308471.0,151142.2,309928.6" }, "geometry": { "type": "Polygon", "coordinates": [ [ [ 126.453853120270509, 35.376752841722521 ], [ 126.432765308113119, 35.371614642076835 ], [ 126.432574095430255, 35.373464140354308 ], [ 126.439619378662357, 35.374856199292914 ], [ 126.42893485657153, 35.377382126894467 ], [ 126.425399358725471, 35.377018360425687 ], [ 126.429061590583103, 35.378138025470541 ], [ 126.44248533328404, 35.374963193197161 ], [ 126.454235714412832, 35.377952416195221 ], [ 126.460284875936182, 35.381961591015369 ], [ 126.461468363563512, 35.384883520907806 ], [ 126.462271271331687, 35.384465282648186 ], [ 126.460279455211676, 35.380792563449496 ], [ 126.453853120270509, 35.376752841722521 ] ] ] } },
{ "type": "Feature", "properties": { "wid": "14-366014-3-027", "name": "수룡습지", "area_ha": 48.407297657239894, "bbox5186": "131056.4,461305.3,132059.3,462802.5" }, "geometry": { "type": "Polygon", "coordinates": [ [ [ 126.229712586668469, 36.749982825122281 ], [ 126.228031680885479, 36.750891050734459 ], [ 126.227966450322512, 36.751478142608605 ], [ 126.230762558232584, 36.75114121946303 ], [ 126.231534319151507, 36.753251168376522 ], [ 126.229521147725137, 36.756249613400797 ], [ 126.231222079138902, 36.75626241784002 ], [ 126.231457361896204, 36.758271579850927 ], [ 126.233533245888182, 36.761348696400084 ], [ 126.234981906346135, 36.760048727887757 ], [ 126.233214621431429, 36.758592894690082 ], [ 126.235716692230383, 36.757101459284712 ], [ 126.23348493532319, 36.75528671217517 ], [ 126.239216001893766, 36.74953124129874 ], [ 126.237882971376266, 36.747885416417049 ], [ 126.237517445283061, 36.748727403383533 ], [ 126.233021714867263, 36.749960046950122 ], [ 126.229712586668469, 36.749982825122281 ] ] ] } },
{ "type": "Feature", "properties": { "wid": "15-367042-2-045", "name": "용섬습지", "area_ha": 48.323943249176544, "bbox5186": "279517.7,488131.4,280567.3,488868.3" }, "geometry": { "type": "Polygon", "coordinates": [ [ [ 127.897150201217443, 36.988666225765357 ], [ 127.893202924218301, 36.989129400220278 ], [ 127.893577610009402, 36.993120949123558 ], [ 127.898906313340134, 36.995292797687846 ], [ 127.905032862822765, 36.992531371973747 ], [ 127.903019093276953, 36.989611980967858 ], [ 127.900593483729708, 36.99014130594356 ], [ 127.897150201217443, 36.988666225765357 ] ] ] } },
{ "type": "Feature", "properties": { "wid": "15-377032-2-045", "name": "골미나루습지", "area_ha": 48.281267896060115, "bbox5186": "261559.6,593218.9,262763.9,594446.8" }, "geometry": { "type": "Polygon", "coordinates": [ [ [ 127.709567175260403, 37.936767310017402 ], [ 127.70036036473654, 37.946277645460128 ], [ 127.703247026540083, 37.947867669786348 ], [ 127.709004910297097, 37.941706849999484 ], [ 127.713983787255245, 37.938251439243949 ], [ 127.709567175260403, 37.936767310017402 ] ] ] } },
{ "type": "Feature", "properties": { "wid": "15-357103-2-058", "name": "장서리습지", "area_ha": 48.165938992833333, "bbox5186": "227155.8,300693.9,228352.7,301601.9" }, "geometry": { "type": "Polygon", "coordinates": [ [ [ 127.305066050917318, 35.30246365863605 ], [ 127.299588610447216, 35.306398153757051 ], [ 127.298598734116041, 35.308713423704226 ], [ 127.298725757085151, 35.310663595055544 ], [ 127.306810057754163, 35.306599072843369 ], [ 127.311439630106392, 35.306153697801598 ], [ 127.311738767871105, 35.303303811640113 ], [ 127.305066050917318, 35.30246365863605 ] ] ] } },
{ "type": "Feature", "properties": { "wid": "21-347041-5-301", "name": "주교천하구습지", "area_ha": 48.065931208937386, "bbox5186": "271555.9,266159.5,274341.3,267966.3" }, "geometry": { "type": "Polygon", "coordinates": [ [ [ 127.783742583477064, 34.989999748706396 ], [ 127.784456915047286, 34.99140034864687 ], [ 127.788930208750145, 34.991074815569846 ], [ 127.793066508739443, 34.99567181487744 ], [ 127.795296526595479, 34.995888873898274 ], [ 127.802358333311062, 34.994108199933393 ], [ 127.80312026911102, 34.996197006128121 ], [ 127.810547414131904, 35.00148995893413 ], [ 127.813328545183779, 35.005129942667338 ], [ 127.814399755889099, 35.005114647981479 ], [ 127.810855664422846, 35.000535170972931 ], [ 127.806270420838246, 34.997866161618937 ], [ 127.802768092650567, 34.992212647726646 ], [ 127.800538405148671, 34.991571185240858 ], [ 127.796952706451364, 34.994648565508029 ], [ 127.794779859275636, 34.99501704270093 ], [ 127.792262837947973, 34.993771599095027 ], [ 127.790677382599071, 34.990640713478697 ], [ 127.787401192485248, 34.989015229832411 ], [ 127.783742583477064, 34.989999748706396 ] ] ] } },
{ "type": "Feature", "properties": { "wid": "13-368071-2-048", "name": "탄산리습지", "area_ha": 48.062475866150265, "bbox5186": "344569.1,459853.9,345616.1,460906.6" }, "geometry": { "type": "Polygon", "coordinates": [ [ [ 128.620125980177932, 36.728593960446759 ], [ 128.618640572703441, 36.729445817250941 ], [ 128.618434486513877, 36.731999408206882 ], [ 128.620147560581586, 36.734680955693428 ], [ 128.621820631111859, 36.735508724652341 ], [ 128.628952004831064, 36.735583400460882 ], [ 128.628931198339899, 36.734333973194197 ], [ 128.621272777696419, 36.73362495177485 ], [ 128.620313903887961, 36.731890035393434 ], [ 128.620795742892113, 36.730476080276752 ], [ 128.621957733484464, 36.730000726782919 ], [ 128.626263097398123, 36.731339443106179 ], [ 128.6299103092081, 36.730821009777031 ], [ 128.630036632383906, 36.726418703267932 ], [ 128.628335395109588, 36.72610681612565 ], [ 128.628191509148593, 36.727190909237862 ], [ 128.624741829250752, 36.729426637725531 ], [ 128.620125980177932, 36.728593960446759 ] ] ] } },
{ "type": "Feature", "properties": { "wid": "20-379092-5-301", "name": "마읍천하구습지", "area_ha": 48.044389816106516, "bbox5186": "397340.3,531633.5,398326.2,534495.9" }, "geometry": { "type": "Polygon", "coordinates": [ [ [ 129.229879190166656, 37.365783066959544 ], [ 129.230302570908663, 37.371161232055201 ], [ 129.227977258259159, 37.379091071821968 ], [ 129.230258643693162, 37.382214513925412 ], [ 129.236250369080352, 37.384896621888295 ], [ 129.236796285622574, 37.386209628592013 ], [ 129.235595439909872, 37.387970071064757 ], [ 129.237536016440941, 37.388648618226497 ], [ 129.23931146266662, 37.385977331599911 ], [ 129.235647483615793, 37.382463141204163 ], [ 129.230783510706772, 37.380955140075628 ], [ 129.229388990134652, 37.378923022215417 ], [ 129.231747240230931, 37.371957338941833 ], [ 129.231088044366231, 37.368414148575027 ], [ 129.232753187601674, 37.363171323578136 ], [ 129.230761487416231, 37.362990917208634 ], [ 129.229879190166656, 37.365783066959544 ] ] ] } },
{ "type": "Feature", "properties": { "wid": "15-359014-2-011", "name": "성건습지", "area_ha": 47.911867586696715, "bbox5186": "398547.0,362471.7,399019.9,364775.3" }, "geometry": { "type": "Polygon", "coordinates": [ [ [ 129.19956154198141, 35.839513584631383 ], [ 129.197515175326743, 35.841589209304381 ], [ 129.19809793810623, 35.842014653205545 ], [ 129.197712354949601, 35.845525881436863 ], [ 129.199576992958072, 35.854053488997621 ], [ 129.198809970615827, 35.858460130844414 ], [ 129.199429916640412, 35.859825575132554 ], [ 129.20084065793904, 35.860246647559698 ], [ 129.203237625305491, 35.859267411542007 ], [ 129.201467446710978, 35.856776048670639 ], [ 129.201396098397822, 35.849514030115635 ], [ 129.199583980560362, 35.84369132941579 ], [ 129.200837387098886, 35.839831711962802 ], [ 129.19956154198141, 35.839513584631383 ] ] ] } },
{ "type": "Feature", "properties": { "wid": "13-358023-2-028", "name": "회천습지", "area_ha": 47.719262387023576, "bbox5186": "315944.2,350535.2,316544.0,353542.9" }, "geometry": { "type": "Polygon", "coordinates": [ [ [ 128.285421942300303, 35.75137399363296 ], [ 128.284471529558459, 35.755936099739941 ], [ 128.285401892495941, 35.756038809970548 ], [ 128.285889383195155, 35.760087185619888 ], [ 128.28471974170165, 35.765734870470375 ], [ 128.285418223333011, 35.766469091338713 ], [ 128.284571763162035, 35.769115937614401 ], [ 128.282210748368897, 35.771723963284643 ], [ 128.284563535462723, 35.772317073355708 ], [ 128.287996970172316, 35.762019329085838 ], [ 128.286726350318986, 35.756240935181609 ], [ 128.287436529345115, 35.755646655612729 ], [ 128.287154142622398, 35.752323356203647 ], [ 128.28847415342014, 35.74882428893698 ], [ 128.287036992491295, 35.745185313272906 ], [ 128.286180890403728, 35.751545218895473 ], [ 128.285421942300303, 35.75137399363296 ] ] ] } },
{ "type": "Feature", "properties": { "wid": "15-359014-2-010", "name": "사정습지(경주)", "area_ha": 47.629700851057535, "bbox5186": "398498.3,360148.2,399086.5,362503.8" }, "geometry": { "type": "Polygon", "coordinates": [ [ [ 129.199781906355128, 35.81880164763119 ], [ 129.197711185772761, 35.818611577023105 ], [ 129.196522837334726, 35.825147901624888 ], [ 129.19753538205299, 35.830770854394139 ], [ 129.199647680053999, 35.834819350776961 ], [ 129.200285747966433, 35.837809055103584 ], [ 129.199703574091785, 35.839487556479625 ], [ 129.20082156505336, 35.839779741123195 ], [ 129.202202624670633, 35.83649894600812 ], [ 129.201349403382892, 35.829089048922768 ], [ 129.20308317578511, 35.827047027632503 ], [ 129.201728530287028, 35.827673762370011 ], [ 129.199081368347635, 35.830859700216593 ], [ 129.198670935510165, 35.83074196703847 ], [ 129.199210205465249, 35.830035585305708 ], [ 129.198592449708343, 35.823487254243744 ], [ 129.199781906355128, 35.81880164763119 ] ] ] } },
{ "type": "Feature", "properties": { "wid": "13-377122-2-002", "name": "둔둔리습지", "area_ha": 47.497030940899712, "bbox5186": "285110.8,539062.9,286333.9,541348.2" }, "geometry": { "type": "Polygon", "coordinates": [ [ [ 127.961827362187321, 37.447300707703114 ], [ 127.963247621467019, 37.451160652789788 ], [ 127.969322541260581, 37.454354505799252 ], [ 127.972263024175717, 37.457481072089692 ], [ 127.971220957999904, 37.461849475281127 ], [ 127.967201533166644, 37.46710180847338 ], [ 127.968414006087926, 37.467596424619366 ], [ 127.97577864663819, 37.457270997282741 ], [ 127.970328382679483, 37.452779448018731 ], [ 127.964773089262977, 37.450177853296537 ], [ 127.96273501332513, 37.447052755256784 ], [ 127.961827362187321, 37.447300707703114 ] ] ] } },
{ "type": "Feature", "properties": { "wid": "13-358041-4-018", "name": "풍락제습지", "area_ha": 47.432767588060003, "bbox5186": "367639.5,373597.1,368298.7,375434.0" }, "geometry": { "type": "Polygon", "coordinates": [ [ [ 128.86553678302684, 35.959617538231747 ], [ 128.862147265754771, 35.953048076877117 ], [ 128.8619206960459, 35.950147373681261 ], [ 128.863242118520247, 35.946107989157539 ], [ 128.859957763238242, 35.945502949047544 ], [ 128.857951429963663, 35.947702062576177 ], [ 128.859221461883294, 35.947846388952243 ], [ 128.858323569119506, 35.950105822065282 ], [ 128.859614278126145, 35.952123194529584 ], [ 128.858900548693327, 35.954723092531609 ], [ 128.860542546163032, 35.954703047313032 ], [ 128.860582912681537, 35.955951334410244 ], [ 128.863046364725108, 35.959666150020247 ], [ 128.862893946469057, 35.96119856873419 ], [ 128.864004089494159, 35.960991195127903 ], [ 128.864396570275176, 35.961986207656679 ], [ 128.86553678302684, 35.959617538231747 ] ] ] } },
{ "type": "Feature", "properties": { "wid": "13-368113-2-005", "name": "쌍계천보습지", "area_ha": 47.332703318342354, "bbox5186": "343439.5,410082.1,346339.4,412881.9" }, "geometry": { "type": "Polygon", "coordinates": [ [ [ 128.613414469267099, 36.28579383232595 ], [ 128.602780230859707, 36.292668872080618 ], [ 128.601527066200902, 36.298775185927241 ], [ 128.596941351130425, 36.302679656230396 ], [ 128.597731731893703, 36.30327912665755 ], [ 128.602142339835495, 36.299848239612665 ], [ 128.603407799569254, 36.29766146535048 ], [ 128.604294694224109, 36.29280985079054 ], [ 128.608275051919094, 36.290855082136211 ], [ 128.611981677694672, 36.287777520750687 ], [ 128.615637860631466, 36.286208038929516 ], [ 128.61810271894629, 36.286187317536942 ], [ 128.621102035718792, 36.283810178935745 ], [ 128.623883828233829, 36.286251300989434 ], [ 128.621726468230548, 36.283759359279358 ], [ 128.626553244601354, 36.282197991500787 ], [ 128.628705768726491, 36.277757892880601 ], [ 128.627776406415165, 36.277645299155509 ], [ 128.627197051077758, 36.279918505246201 ], [ 128.625153815915098, 36.281799821977927 ], [ 128.613414469267099, 36.28579383232595 ] ] ] } },
{ "type": "Feature", "properties": { "wid": "15-357092-2-031", "name": "내월습지", "area_ha": 47.271646091816081, "bbox5186": "219364.8,312850.6,220863.8,314223.2" }, "geometry": { "type": "Polygon", "coordinates": [ [ [ 127.221797015318785, 35.421438159370247 ], [ 127.214329977037409, 35.422517000508527 ], [ 127.213231946857164, 35.423271545036137 ], [ 127.213512867020313, 35.4241561431637 ], [ 127.216787872128208, 35.423412128968906 ], [ 127.221066789514978, 35.423785629555375 ], [ 127.221459891639924, 35.424588884945585 ], [ 127.22273850570258, 35.424254848429527 ], [ 127.229117333649384, 35.417999483166753 ], [ 127.229713664232108, 35.414740082350725 ], [ 127.229042574540898, 35.412203241406935 ], [ 127.226704608980342, 35.413172965611572 ], [ 127.226932750270109, 35.41679133387651 ], [ 127.223902418116396, 35.420276981497366 ], [ 127.221797015318785, 35.421438159370247 ] ] ] } },
{ "type": "Feature", "properties": { "wid": "20-347062-5-301", "name": "강산천하구습지", "area_ha": 47.211871824376281, "bbox5186": "240068.3,227101.4,242371.1,228371.4" }, "geometry": { "type": "Polygon", "coordinates": [ [ [ 127.445911098626837, 34.645770100042874 ], [ 127.440595695106481, 34.644696891305671 ], [ 127.438356936491274, 34.64541438209455 ], [ 127.437048086930474, 34.646460227681011 ], [ 127.44084790290286, 34.644950182156229 ], [ 127.442419375488939, 34.645926144607785 ], [ 127.446257432961218, 34.646283547548492 ], [ 127.442814808145002, 34.650138876447848 ], [ 127.448400499501787, 34.645223721909019 ], [ 127.458026570039095, 34.643502280674788 ], [ 127.459813428866454, 34.640785869216352 ], [ 127.462129505371109, 34.639906336941287 ], [ 127.458106688743854, 34.638634276821797 ], [ 127.45069910367657, 34.642279302572362 ], [ 127.445911098626837, 34.645770100042874 ] ] ] } },
{ "type": "Feature", "properties": { "wid": "14-357152-2-007", "name": "다압금천습지", "area_ha": 47.187921832220283, "bbox5186": "258725.2,284703.0,260236.3,285493.9" }, "geometry": { "type": "Polygon", "coordinates": [ [ [ 127.657515087580379, 35.158531175317108 ], [ 127.650014904363019, 35.158434644580829 ], [ 127.646669130607577, 35.160173207972257 ], [ 127.644566384174482, 35.162419737131621 ], [ 127.645750962074601, 35.164122368784177 ], [ 127.648839016971451, 35.161973299224577 ], [ 127.658430743155066, 35.161022011341565 ], [ 127.659667350790073, 35.160299620772484 ], [ 127.661111719735871, 35.15744982422467 ], [ 127.659318501843202, 35.156920595060249 ], [ 127.657515087580379, 35.158531175317108 ] ] ] } },
{ "type": "Feature", "properties": { "wid": "15-357094-2-043", "name": "송전습지", "area_ha": 47.09130783176338, "bbox5186": "216648.7,302111.4,218223.2,303319.3" }, "geometry": { "type": "Polygon", "coordinates": [ [ [ 127.197928771060219, 35.315679201964947 ], [ 127.193311069292349, 35.319297417837625 ], [ 127.183889550195843, 35.322598377001107 ], [ 127.183100205583031, 35.324188626243952 ], [ 127.183589209180695, 35.325957202320119 ], [ 127.185419134712902, 35.326369924509031 ], [ 127.187858082808603, 35.323801866137558 ], [ 127.197585483805796, 35.319669970413401 ], [ 127.198770786097015, 35.317790548733825 ], [ 127.200398304716828, 35.316884725439614 ], [ 127.19929402502548, 35.315460639280936 ], [ 127.197928771060219, 35.315679201964947 ] ] ] } },
{ "type": "Feature", "properties": { "wid": "15-357101-2-045", "name": "지당리습지", "area_ha": 47.037322668392093, "bbox5186": "229770.1,308409.8,231786.6,309904.0" }, "geometry": { "type": "Polygon", "coordinates": [ [ [ 127.336247284975173, 35.377283114792597 ], [ 127.329212113718938, 35.371945926730824 ], [ 127.327609138410594, 35.374210801116504 ], [ 127.335878035701725, 35.37873617142327 ], [ 127.337677469959033, 35.380869090915922 ], [ 127.337487528946838, 35.381770943005861 ], [ 127.341281929033983, 35.381429500053464 ], [ 127.348833255609989, 35.38535842355811 ], [ 127.349842619847237, 35.38410807750202 ], [ 127.336247284975173, 35.377283114792597 ] ] ] } },
{ "type": "Feature", "properties": { "wid": "15-377131-2-071", "name": "방교리습지", "area_ha": 46.16905478007682, "bbox5186": "206664.8,506772.3,207590.0,510697.4" }, "geometry": { "type": "Polygon", "coordinates": [ [ [ 127.075033794568242, 37.160723958617282 ], [ 127.079165121020026, 37.164620146268248 ], [ 127.083624176174624, 37.177400366435535 ], [ 127.084018644434693, 37.179744632335769 ], [ 127.08301431792799, 37.184005525608832 ], [ 127.083582172157236, 37.189356484337743 ], [ 127.082140331472161, 37.192249873117078 ], [ 127.082503295905283, 37.194595061048012 ], [ 127.081713846819696, 37.194692020795365 ], [ 127.083549370309868, 37.195362024637689 ], [ 127.083311341628942, 37.192973501914722 ], [ 127.084667599611294, 37.189110627145773 ], [ 127.084504162907734, 37.183938695467724 ], [ 127.085474298317322, 37.182389087379001 ], [ 127.084466263814093, 37.175186777388596 ], [ 127.080189595411511, 37.163482323324281 ], [ 127.075950615011038, 37.159999825223906 ], [ 127.075033794568242, 37.160723958617282 ] ] ] } },
{ "type": "Feature", "properties": { "wid": "13-377161-2-046", "name": "덕은나루습지", "area_ha": 45.866438395648203, "bbox5186": "268836.9,505557.2,270039.8,506330.5" }, "geometry": { "type": "Polygon", "coordinates": [ [ [ 127.786251594261429, 37.146467516118456 ], [ 127.783218868819318, 37.146537152935558 ], [ 127.774884906992355, 37.151928775762421 ], [ 127.777782608702566, 37.153491113401827 ], [ 127.784244785501798, 37.151927578243594 ], [ 127.788379441721844, 37.147491375514932 ], [ 127.786251594261429, 37.146467516118456 ] ] ] } },
{ "type": "Feature", "properties": { "wid": "14-388102-2-002", "name": "거진북천습지", "area_ha": 45.827766284988606, "bbox5186": "326672.3,643115.5,328075.4,644603.9" }, "geometry": { "type": "Polygon", "coordinates": [ [ [ 128.449701272902217, 38.381041013253501 ], [ 128.455654156434832, 38.384796548645355 ], [ 128.453684169674517, 38.384834510798257 ], [ 128.460512404206241, 38.387302496029598 ], [ 128.462705988048754, 38.389895572911882 ], [ 128.462400556938974, 38.392573864094857 ], [ 128.464334908798293, 38.392688434501608 ], [ 128.465916164867991, 38.38886368218909 ], [ 128.464206908771018, 38.386682588121488 ], [ 128.461488002520184, 38.386076053186784 ], [ 128.45238071298391, 38.380203423963586 ], [ 128.449792194653611, 38.379461679596488 ], [ 128.449701272902217, 38.381041013253501 ] ] ] } },
{ "type": "Feature", "properties": { "wid": "13-358063-2-006", "name": "청덕습지", "area_ha": 45.733990184182339, "bbox5186": "320892.5,331085.4,322380.6,331674.9" }, "geometry": { "type": "Polygon", "coordinates": [ [ [ 128.334527314349941, 35.57178312793932 ], [ 128.333618119495952, 35.572898084974504 ], [ 128.338381459610645, 35.574636906659094 ], [ 128.340497920154633, 35.574613385944829 ], [ 128.34245978278642, 35.573191959894494 ], [ 128.350060314350543, 35.574524677794116 ], [ 128.346495098108761, 35.569251886516525 ], [ 128.343040873573017, 35.571393866252912 ], [ 128.340117704168989, 35.570793747878334 ], [ 128.334527314349941, 35.57178312793932 ] ] ] } },
{ "type": "Feature", "properties": { "wid": "13-356162-2-016", "name": "용산습지(광주)", "area_ha": 45.18971231585256, "bbox5186": "188312.0,293498.0,190090.3,294540.1" }, "geometry": { "type": "Polygon", "coordinates": [ [ [ 126.874806597220143, 35.237923911656381 ], [ 126.871589924576753, 35.239958487615013 ], [ 126.872057547626241, 35.241612954270785 ], [ 126.87351390794376, 35.241920041547104 ], [ 126.878924367246626, 35.240048069320707 ], [ 126.886271853980162, 35.241036763175877 ], [ 126.887460963540818, 35.241574176094439 ], [ 126.88870169487123, 35.243743062305498 ], [ 126.88922199357971, 35.247330897989706 ], [ 126.891118406261015, 35.246528618244206 ], [ 126.889247446883957, 35.241540671494249 ], [ 126.88763325515967, 35.24012587154553 ], [ 126.883325303088228, 35.238691357492577 ], [ 126.874806597220143, 35.237923911656381 ] ] ] } },
{ "type": "Feature", "properties": { "wid": "13-367103-3-007", "name": "방동저수지", "area_ha": 44.920110286953829, "bbox5186": "226825.4,408649.9,227841.6,410746.9" }, "geometry": { "type": "Polygon", "coordinates": [ [ [ 127.299836503370017, 36.290805158550938 ], [ 127.298624597960838, 36.292360033789727 ], [ 127.29907633604472, 36.294342414765445 ], [ 127.299503764471808, 36.291415194287403 ], [ 127.301955233276189, 36.291179226341931 ], [ 127.30614791385797, 36.288143283085049 ], [ 127.308048127665288, 36.285043728098444 ], [ 127.309907118937915, 36.284787493666073 ], [ 127.308773023327134, 36.283132243313304 ], [ 127.309704613488847, 36.281708662030631 ], [ 127.309311151361015, 36.276772974153793 ], [ 127.306040381350783, 36.275426902935706 ], [ 127.304907339362799, 36.275703758279263 ], [ 127.307490189365154, 36.277029101471861 ], [ 127.307120590198494, 36.280132840987008 ], [ 127.301371904162053, 36.280174501978586 ], [ 127.304205929884759, 36.281380324914707 ], [ 127.306591576947653, 36.281189489034247 ], [ 127.30696377192136, 36.282437579934154 ], [ 127.303078168672656, 36.288228605026063 ], [ 127.299836503370017, 36.290805158550938 ] ] ] } },
{ "type": "Feature", "properties": { "wid": "13-358112-0-020", "name": "지산습지", "area_ha": 44.86637192506354, "bbox5186": "349467.0,311108.3,349965.9,314867.6" }, "geometry": { "type": "Polygon", "coordinates": [ [ [ 128.645863149269189, 35.394440434649688 ], [ 128.646813505856045, 35.394196772385733 ], [ 128.650518248108568, 35.387508854359631 ], [ 128.650083359776801, 35.385446538439297 ], [ 128.645260355735331, 35.394510830640236 ], [ 128.646616993439579, 35.397143675253822 ], [ 128.647420266330414, 35.3969182348064 ], [ 128.649107214562775, 35.398146077634507 ], [ 128.647420309234263, 35.4007609527062 ], [ 128.64556522945395, 35.413950065664388 ], [ 128.648914911169811, 35.419341294667291 ], [ 128.649562454604677, 35.419081015431395 ], [ 128.647426644076347, 35.415349477809038 ], [ 128.647065907378419, 35.412932879177966 ], [ 128.649895178056653, 35.397979407764318 ], [ 128.646520027629379, 35.395785085179313 ], [ 128.645863149269189, 35.394440434649688 ] ] ] } },
{ "type": "Feature", "properties": { "wid": "13-358103-0-032", "name": "석교천습지", "area_ha": 44.852155505512698, "bbox5186": "319782.3,299245.9,321287.9,303596.4" }, "geometry": { "type": "Polygon", "coordinates": [ [ [ 128.329531868832845, 35.289600934590048 ], [ 128.318936677743807, 35.301130495675956 ], [ 128.319504766552598, 35.302128299973482 ], [ 128.319653252008607, 35.301320053325114 ], [ 128.320941465582536, 35.301506968562357 ], [ 128.321210496194141, 35.305138802900103 ], [ 128.320054872293582, 35.306890851839164 ], [ 128.320744366135756, 35.307507893953925 ], [ 128.318393436289057, 35.30952352713777 ], [ 128.319476485281371, 35.311015911195604 ], [ 128.317110466520575, 35.311769924342322 ], [ 128.318893341037096, 35.318169239117992 ], [ 128.317402547826248, 35.319813161939763 ], [ 128.317736545979329, 35.321828335203762 ], [ 128.317728095164455, 35.319884418264181 ], [ 128.319201706684595, 35.31928162972654 ], [ 128.318126561439811, 35.311913867448808 ], [ 128.319840210013268, 35.31113811730912 ], [ 128.31888482412009, 35.30945057381858 ], [ 128.320656792449029, 35.30874898064824 ], [ 128.320821650357374, 35.309421320286255 ], [ 128.320124812402099, 35.309571329124381 ], [ 128.32128879151287, 35.309547799910511 ], [ 128.322616820708674, 35.299001182823417 ], [ 128.331169675334223, 35.288524840729472 ], [ 128.333052476748151, 35.285298324789629 ], [ 128.333183839857497, 35.282449798786644 ], [ 128.329531868832845, 35.289600934590048 ] ] ] } },
{ "type": "Feature", "properties": { "wid": "15-367042-2-050", "name": "셋개습지", "area_ha": 44.562031266105336, "bbox5186": "281141.1,478142.4,282549.4,480047.4" }, "geometry": { "type": "Polygon", "coordinates": [ [ [ 127.914717190133928, 36.907315278268285 ], [ 127.910503880095249, 36.910712218657558 ], [ 127.910633787157664, 36.912295293148738 ], [ 127.914538926961143, 36.915692036575258 ], [ 127.915672446184942, 36.914857930708571 ], [ 127.912435010696939, 36.912690554665758 ], [ 127.911881517794015, 36.911158491116062 ], [ 127.913029209704305, 36.909916119355387 ], [ 127.924445312044583, 36.905825306229993 ], [ 127.925714826605684, 36.90391687937263 ], [ 127.926177500615111, 36.900052213408003 ], [ 127.924277821701466, 36.898451398442909 ], [ 127.920058761101089, 36.899144626487377 ], [ 127.91723981591187, 36.90162002317728 ], [ 127.918027948801026, 36.902224857661601 ], [ 127.921205276921086, 36.900070146526431 ], [ 127.924355224537166, 36.899752834763142 ], [ 127.924986445131196, 36.900925613290703 ], [ 127.923683706083821, 36.90444989933178 ], [ 127.920503617200623, 36.906103705752088 ], [ 127.914717190133928, 36.907315278268285 ] ] ] } },
{ "type": "Feature", "properties": { "wid": "13-379053-3-033", "name": "달방저수지습지", "area_ha": 44.543709286788342, "bbox5186": "378637.3,547015.5,380237.5,548270.6" }, "geometry": { "type": "Polygon", "coordinates": [ [ [ 129.021741590977712, 37.505363013702187 ], [ 129.020238960444857, 37.505412154743716 ], [ 129.021279151159575, 37.505406965119597 ], [ 129.022408598587504, 37.506823594303164 ], [ 129.02927357446876, 37.509238121322376 ], [ 129.028377494601841, 37.510391301292785 ], [ 129.025602762041842, 37.51153618086925 ], [ 129.022750865307842, 37.515606501612609 ], [ 129.020749510561785, 37.515747974565571 ], [ 129.022155102699145, 37.51662116288707 ], [ 129.024235103130934, 37.515706282972523 ], [ 129.026167087212599, 37.512205744492498 ], [ 129.028963951357611, 37.511877548557507 ], [ 129.030729088477869, 37.510785993238962 ], [ 129.032209347075849, 37.508282267630108 ], [ 129.03838908203042, 37.507440645678628 ], [ 129.036989985628907, 37.505059503841103 ], [ 129.030657705264161, 37.50648292549387 ], [ 129.029555403638085, 37.507493721763893 ], [ 129.027722687152306, 37.507464852121267 ], [ 129.026454419081659, 37.506480367143318 ], [ 129.02318174226221, 37.506643690515702 ], [ 129.021741590977712, 37.505363013702187 ] ] ] } },
{ "type": "Feature", "properties": { "wid": "12-358022-2-044", "name": "서재리하도습지", "area_ha": 44.497582328600899, "bbox5186": "333789.2,365366.5,335673.8,366446.7" }, "geometry": { "type": "Polygon", "coordinates": [ [ [ 128.495389398584507, 35.879136160521519 ], [ 128.490786950055451, 35.877392870979904 ], [ 128.485497361607315, 35.876552751807054 ], [ 128.482908821089865, 35.877574211439068 ], [ 128.481555366133222, 35.880051073711371 ], [ 128.485302910145919, 35.87829529013554 ], [ 128.489943984321002, 35.878911866701003 ], [ 128.494053578284735, 35.880940677868452 ], [ 128.499220419764214, 35.886116497497639 ], [ 128.502520796010344, 35.885198426500409 ], [ 128.495389398584507, 35.879136160521519 ] ] ] } },
{ "type": "Feature", "properties": { "wid": "14-358083-2-016", "name": "가곡습지(밀양)", "area_ha": 44.425236131777076, "bbox5186": "360496.3,324929.4,361255.4,327233.6" }, "geometry": { "type": "Polygon", "coordinates": [ [ [ 128.773047863120155, 35.509266536560126 ], [ 128.771824080315525, 35.515867536824885 ], [ 128.769276086291796, 35.518795884889961 ], [ 128.772700808850772, 35.518845618485216 ], [ 128.774573234923452, 35.526140035173299 ], [ 128.774263678545879, 35.529003080302353 ], [ 128.776713351357159, 35.527659421280013 ], [ 128.775677299821751, 35.520614067417732 ], [ 128.773729566839648, 35.517809471610335 ], [ 128.773304141328623, 35.514203859187667 ], [ 128.774209330492596, 35.511862835731108 ], [ 128.777429221220757, 35.509083991822294 ], [ 128.776748506112881, 35.508201868411298 ], [ 128.773047863120155, 35.509266536560126 ] ] ] } },
{ "type": "Feature", "properties": { "wid": "13-367023-2-055", "name": "장산습지(천안)", "area_ha": 44.352711206385351, "bbox5186": "226095.0,458556.9,227536.2,462199.8" }, "geometry": { "type": "Polygon", "coordinates": [ [ [ 127.297934247904237, 36.746899978510143 ], [ 127.298986788213057, 36.729862592028113 ], [ 127.300520882826703, 36.728525070858268 ], [ 127.308250212324722, 36.72556044359245 ], [ 127.307929579830329, 36.725161176066216 ], [ 127.29834413189316, 36.728977502583668 ], [ 127.296855410198702, 36.73687863629938 ], [ 127.296489983724683, 36.744624659300918 ], [ 127.299548601400545, 36.754884325603427 ], [ 127.29852622126991, 36.756920713746183 ], [ 127.292581309871309, 36.757073350932508 ], [ 127.292240003069494, 36.758027570293351 ], [ 127.296846790746443, 36.757897219303359 ], [ 127.301585976234549, 36.756690422307564 ], [ 127.297934247904237, 36.746899978510143 ] ] ] } },
{ "type": "Feature", "properties": { "wid": "14-366081-2-050", "name": "원장들습지", "area_ha": 44.290082064090299, "bbox5186": "184614.1,460168.2,186823.7,463288.5" }, "geometry": { "type": "Polygon", "coordinates": [ [ [ 126.837538556549418, 36.752529106372698 ], [ 126.840030879392444, 36.750031877235763 ], [ 126.846024609841521, 36.749729798571224 ], [ 126.848348917246909, 36.745935464452359 ], [ 126.846424105114664, 36.744807496917055 ], [ 126.846423246639759, 36.742428537865202 ], [ 126.847966192497168, 36.741280688970555 ], [ 126.850332630027083, 36.74155582705874 ], [ 126.852471395396449, 36.740282510383196 ], [ 126.850193935015312, 36.741481760646749 ], [ 126.847874755432059, 36.741090435631342 ], [ 126.846907349427724, 36.741663209031039 ], [ 126.846748322644004, 36.739990524034653 ], [ 126.846103427890668, 36.739979779513192 ], [ 126.844668653452175, 36.744121268251178 ], [ 126.846892248189448, 36.747574538687743 ], [ 126.845029251805187, 36.749106734005061 ], [ 126.840089710823818, 36.749202025299326 ], [ 126.837512101419605, 36.751267503557862 ], [ 126.835909730586465, 36.753860527316625 ], [ 126.835814131993644, 36.755630192404695 ], [ 126.832921052940378, 36.756352466735351 ], [ 126.831330190781259, 36.758685019391194 ], [ 126.830707754194933, 36.758576902395049 ], [ 126.831228883248471, 36.758920067521871 ], [ 126.830685092627249, 36.762263342599731 ], [ 126.827678758383797, 36.763915280039711 ], [ 126.82798910834947, 36.767877038650319 ], [ 126.82973035011068, 36.768075085611002 ], [ 126.828297126547795, 36.765363367943841 ], [ 126.831191319868822, 36.76379596129604 ], [ 126.83263829922231, 36.757633459497427 ], [ 126.83562964757688, 36.757591672306212 ], [ 126.83524747865944, 36.757200058465997 ], [ 126.837778294443993, 36.755143579009989 ], [ 126.837538556549418, 36.752529106372698 ] ] ] } },
{ "type": "Feature", "properties": { "wid": "13-358124-9-016", "name": "회산습지", "area_ha": 44.206231426228499, "bbox5186": "382022.0,300326.6,382964.5,301391.0" }, "geometry": { "type": "Polygon", "coordinates": [ [ [ 129.011167911241358, 35.28726189350192 ], [ 129.009920943207476, 35.282835427954446 ], [ 129.000858845952848, 35.289276689013469 ], [ 129.005067835485875, 35.292507896672525 ], [ 129.011167911241358, 35.28726189350192 ] ] ] } },
{ "type": "Feature", "properties": { "wid": "15-376043-2-021", "name": "광탄습지", "area_ha": 44.148863692226918, "bbox5186": "184841.4,577753.9,188238.2,578639.3" }, "geometry": { "type": "Polygon", "coordinates": [ [ [ 126.837250067010359, 37.803967282382146 ], [ 126.828887252609547, 37.800907488834653 ], [ 126.827877577192766, 37.801502452873407 ], [ 126.836557407129092, 37.804996119108964 ], [ 126.853319767230445, 37.807460680709305 ], [ 126.859728363169253, 37.80715044751377 ], [ 126.863301725906027, 37.806056379705254 ], [ 126.86579428675131, 37.80415371778507 ], [ 126.866447905960896, 37.801244362475281 ], [ 126.86469885445247, 37.80085405324666 ], [ 126.864435635602533, 37.799496905606141 ], [ 126.86334528779301, 37.79967043209016 ], [ 126.864652582527313, 37.803188385510424 ], [ 126.863984968726626, 37.804393099721253 ], [ 126.860720137066551, 37.805713694431311 ], [ 126.852490732651432, 37.806354169615403 ], [ 126.837250067010359, 37.803967282382146 ] ] ] } },
{ "type": "Feature", "properties": { "wid": "15-368054-2-024", "name": "금곡리습지", "area_ha": 43.911031536111587, "bbox5186": "308022.4,437501.5,309628.8,439103.2" }, "geometry": { "type": "Polygon", "coordinates": [ [ [ 128.214247005257846, 36.535027263194969 ], [ 128.209813949332414, 36.53695560738926 ], [ 128.206376313132552, 36.543527868675262 ], [ 128.206946532827374, 36.544146555468636 ], [ 128.208282612245341, 36.543673466253182 ], [ 128.211400743424178, 36.538891265868394 ], [ 128.215180671346189, 36.536465809233732 ], [ 128.219213891712371, 36.532266094900031 ], [ 128.222683655467591, 36.531593496396546 ], [ 128.22351194534491, 36.532289655723176 ], [ 128.224094988185954, 36.529538942503812 ], [ 128.218216317008654, 36.530527267256893 ], [ 128.214247005257846, 36.535027263194969 ] ] ] } },
{ "type": "Feature", "properties": { "wid": "13-347023-2-301", "name": "벌교천하구습지", "area_ha": 43.866258801426383, "bbox5186": "230607.2,248869.6,233014.4,250879.9" }, "geometry": { "type": "Polygon", "coordinates": [ [ [ 127.359028382762546, 34.835188286387179 ], [ 127.354041216091716, 34.837018326146108 ], [ 127.353223472868237, 34.839837582986938 ], [ 127.349475272435981, 34.843112382786842 ], [ 127.341058473436078, 34.84914771537219 ], [ 127.338302863304392, 34.849636758975336 ], [ 127.334683220951192, 34.853050460129801 ], [ 127.335292516999829, 34.853376891484331 ], [ 127.33820907516504, 34.850498758455316 ], [ 127.341970197415904, 34.849365998444867 ], [ 127.347118732786768, 34.846145132890896 ], [ 127.357188844510716, 34.838566746254756 ], [ 127.360935977721311, 34.837168429104395 ], [ 127.359028382762546, 34.835188286387179 ] ] ] } },
{ "type": "Feature", "properties": { "wid": "20-379092-5-302", "name": "오십천하구습지(삼척)", "area_ha": 43.801502634297542, "bbox5186": "390830.6,538969.6,393717.0,540200.7" }, "geometry": { "type": "Polygon", "coordinates": [ [ [ 129.156260810332896, 37.440803289020579 ], [ 129.159829118735814, 37.44148581077242 ], [ 129.161418397266345, 37.439549653105601 ], [ 129.163913229885196, 37.439638209866295 ], [ 129.169281964392184, 37.437801121445787 ], [ 129.1777956744275, 37.43257724051503 ], [ 129.184458720655186, 37.431926340961788 ], [ 129.187617992375323, 37.432650720195085 ], [ 129.188597030462859, 37.431396631438005 ], [ 129.186454764072181, 37.429905761389215 ], [ 129.179401790571092, 37.43062071767357 ], [ 129.175436177743279, 37.432317123628799 ], [ 129.168147582478184, 37.437327380403794 ], [ 129.163626181667496, 37.43877234876215 ], [ 129.161304923407243, 37.438158119193297 ], [ 129.159391601923318, 37.44013983591713 ], [ 129.156260810332896, 37.440803289020579 ] ] ] } },
{ "type": "Feature", "properties": { "wid": "13-377063-2-036", "name": "양수리습지", "area_ha": 43.655041646123934, "bbox5186": "226836.8,547934.4,227813.9,548641.7" }, "geometry": { "type": "Polygon", "coordinates": [ [ [ 127.310908816491619, 37.530497668611801 ], [ 127.303620624248566, 37.530771613271 ], [ 127.305082969213998, 37.534537619471955 ], [ 127.304418198193503, 37.536887334068147 ], [ 127.312273532300935, 37.536811862379494 ], [ 127.310604408349704, 37.53075255104622 ], [ 127.314442063201156, 37.532122724063107 ], [ 127.31337065013409, 37.532122868935907 ], [ 127.313341060167488, 37.532622100156871 ], [ 127.313769783065197, 37.532875043183395 ], [ 127.314471315231131, 37.532892098141737 ], [ 127.314477884290056, 37.53257042451073 ], [ 127.313675643635847, 37.532278832835928 ], [ 127.314681038407343, 37.5321833553716 ], [ 127.310908816491619, 37.530497668611801 ] ] ] } },
{ "type": "Feature", "properties": { "wid": "14-376163-3-008", "name": "멱우습지", "area_ha": 43.32182690801212, "bbox5186": "182397.3,499593.7,183236.0,500713.2" }, "geometry": { "type": "Polygon", "coordinates": [ [ [ 126.808073463049539, 37.095595131963783 ], [ 126.802561630288082, 37.095176098082284 ], [ 126.802500726949276, 37.097838647384719 ], [ 126.803428561290346, 37.10009285371563 ], [ 126.801976048319347, 37.102777414261126 ], [ 126.802589293022294, 37.103156884184251 ], [ 126.804813810233071, 37.101663897139574 ], [ 126.807420777139583, 37.102812512716788 ], [ 126.809580166848733, 37.105275006932366 ], [ 126.810340881295744, 37.105188822806689 ], [ 126.810084321413143, 37.103861143242412 ], [ 126.81088941625579, 37.104922983647178 ], [ 126.810290517472865, 37.103730818850032 ], [ 126.811166872782451, 37.104637788184618 ], [ 126.811408520816258, 37.103820906636926 ], [ 126.810388691403006, 37.10270736566423 ], [ 126.810763185717889, 37.102302484451613 ], [ 126.806473131761649, 37.098115516591669 ], [ 126.806372195021922, 37.09667004170992 ], [ 126.808073463049539, 37.095595131963783 ] ] ] } },
{ "type": "Feature", "properties": { "wid": "13-347014-2-038", "name": "보성강6습지", "area_ha": 43.31854240826091, "bbox5186": "212998.5,251750.5,213970.3,253067.7" }, "geometry": { "type": "Polygon", "coordinates": [ [ [ 127.148225672028289, 34.861596361113421 ], [ 127.142450948486726, 34.86317801354852 ], [ 127.142156126007862, 34.864712545982705 ], [ 127.148671178629328, 34.869118921915423 ], [ 127.151334628095981, 34.87346579996143 ], [ 127.152799699072872, 34.873166505294812 ], [ 127.149845246629397, 34.867605829693311 ], [ 127.150205882689946, 34.866852713982574 ], [ 127.147310242808004, 34.865224718042832 ], [ 127.147402904446437, 34.863218984950116 ], [ 127.150858276658624, 34.864171135730501 ], [ 127.150923123915931, 34.862552136039959 ], [ 127.148225672028289, 34.861596361113421 ] ] ] } },
{ "type": "Feature", "properties": { "wid": "14-366081-2-007", "name": "손지리습지", "area_ha": 43.139572010519643, "bbox5186": "183050.6,450376.6,184329.8,452349.1" }, "geometry": { "type": "Polygon", "coordinates": [ [ [ 126.814691388247937, 36.65248152066529 ], [ 126.811628948972285, 36.65169543408328 ], [ 126.810960366266272, 36.65664610356243 ], [ 126.810431367247077, 36.656637152629955 ], [ 126.8116222465692, 36.661333042682443 ], [ 126.810859036425583, 36.662863758073023 ], [ 126.814885809718419, 36.666102445124068 ], [ 126.823089516718582, 36.669487849004923 ], [ 126.824709964975199, 36.669187464903956 ], [ 126.824033063700725, 36.667773492455829 ], [ 126.817239782499911, 36.665421220362823 ], [ 126.813353153808492, 36.662482909205806 ], [ 126.813840624789222, 36.662103394273288 ], [ 126.812548487032075, 36.655748381344154 ], [ 126.813047155329301, 36.652571768195209 ], [ 126.814691388247937, 36.65248152066529 ] ] ] } },
{ "type": "Feature", "properties": { "wid": "14-378144-2-040", "name": "안마을습지", "area_ha": 42.958701071716938, "bbox5186": "323633.6,493662.4,325099.9,494340.5" }, "geometry": { "type": "Polygon", "coordinates": [ [ [ 128.392491321190079, 37.033723482687606 ], [ 128.389579098958194, 37.036111050655443 ], [ 128.393835432948578, 37.038579421959689 ], [ 128.396389861728295, 37.037890748684163 ], [ 128.405226508089328, 37.039683012731622 ], [ 128.406094117712399, 37.038033810790012 ], [ 128.393326404913722, 37.034526383005243 ], [ 128.392491321190079, 37.033723482687606 ] ] ] } },
{ "type": "Feature", "properties": { "wid": "13-358101-2-004", "name": "감암습지", "area_ha": 42.920595198915279, "bbox5186": "321394.3,320248.3,322573.2,322750.2" }, "geometry": { "type": "Polygon", "coordinates": [ [ [ 128.33748416031159, 35.47236775783383 ], [ 128.34514782902076, 35.476746370464419 ], [ 128.346858491410728, 35.478969549212898 ], [ 128.348618792019863, 35.479739364958284 ], [ 128.347545958648936, 35.480286681559761 ], [ 128.347546752497408, 35.482050379110248 ], [ 128.344868853801785, 35.485793322672059 ], [ 128.343079855205502, 35.486417074300654 ], [ 128.345113639258471, 35.48778681647336 ], [ 128.347467447190922, 35.492611863672678 ], [ 128.350088488312764, 35.494093018298308 ], [ 128.350167585919365, 35.492629440698138 ], [ 128.348238394659518, 35.4916623684611 ], [ 128.346531014088612, 35.487673673359481 ], [ 128.349822246922344, 35.482590015093741 ], [ 128.35057277456977, 35.478385492508792 ], [ 128.347791195671419, 35.477948855817694 ], [ 128.337928880151424, 35.471680595243761 ], [ 128.33748416031159, 35.47236775783383 ] ] ] } },
{ "type": "Feature", "properties": { "wid": "15-357143-2-023", "name": "화평습지", "area_ha": 42.505630892363037, "bbox5186": "223205.0,276894.5,224056.7,278405.7" }, "geometry": { "type": "Polygon", "coordinates": [ [ [ 127.260959040708428, 35.091679596026289 ], [ 127.254506456074651, 35.100542022306783 ], [ 127.255584855364447, 35.101683586432692 ], [ 127.259948894018834, 35.098895398780215 ], [ 127.263826996508556, 35.094127810548265 ], [ 127.263515693073757, 35.091108008614917 ], [ 127.260815889674689, 35.088051000889827 ], [ 127.260097179115505, 35.088950306244705 ], [ 127.260959040708428, 35.091679596026289 ] ] ] } },
{ "type": "Feature", "properties": { "wid": "15-346042-2-067", "name": "이양습지", "area_ha": 42.386867812413236, "bbox5186": "198090.2,254263.0,198863.4,257285.0" }, "geometry": { "type": "Polygon", "coordinates": [ [ [ 126.9792257148831, 34.884823015341858 ], [ 126.985582684788255, 34.889323725446602 ], [ 126.986601560672185, 34.893610898495311 ], [ 126.984491040034726, 34.900281899924465 ], [ 126.979102898904046, 34.907604048180261 ], [ 126.980307763637825, 34.911573099896891 ], [ 126.980940415822502, 34.910828647122287 ], [ 126.980697120191635, 34.907746732585558 ], [ 126.982523999249963, 34.904678652251533 ], [ 126.985398673807822, 34.90296367165147 ], [ 126.985073975049445, 34.90151869122672 ], [ 126.987565151651808, 34.895196562009687 ], [ 126.987096733311958, 34.889284233981151 ], [ 126.984474269605798, 34.884743574255126 ], [ 126.983362949352554, 34.884333289970854 ], [ 126.982756605939912, 34.885891727009259 ], [ 126.979750886230846, 34.884421079278511 ], [ 126.9792257148831, 34.884823015341858 ] ] ] } },
{ "type": "Feature", "properties": { "wid": "15-377144-2-029", "name": "월정습지", "area_ha": 42.326643542271107, "bbox5186": "238434.2,499622.8,242655.2,501029.9" }, "geometry": { "type": "Polygon", "coordinates": [ [ [ 127.44462091126033, 37.103216590428886 ], [ 127.43809271296243, 37.105943165844941 ], [ 127.432392894595225, 37.106834511072357 ], [ 127.432511389098011, 37.107492753054274 ], [ 127.438975201633198, 37.106417463286093 ], [ 127.444985365748451, 37.10398022251379 ], [ 127.44972682628233, 37.104120019486437 ], [ 127.453789157539973, 37.102053732359813 ], [ 127.462292987519575, 37.100820673398481 ], [ 127.474831146869874, 37.096454156129482 ], [ 127.479770235766921, 37.095891838737408 ], [ 127.479802786813494, 37.094632026273793 ], [ 127.453980989669333, 37.101398829144962 ], [ 127.450514471537346, 37.103007825932949 ], [ 127.44462091126033, 37.103216590428886 ] ] ] } },
{ "type": "Feature", "properties": { "wid": "15-356164-2-071", "name": "산여울습지", "area_ha": 42.199609668526506, "bbox5186": "188913.8,267139.6,190938.1,267811.6" }, "geometry": { "type": "Polygon", "coordinates": [ [ [ 126.899864217235333, 35.00641906667159 ], [ 126.900726968676949, 35.005032548185021 ], [ 126.894097974693977, 35.002584199699569 ], [ 126.886516457037757, 35.001644417959369 ], [ 126.886429085510684, 35.000660026355121 ], [ 126.884451158970549, 35.000348084134707 ], [ 126.883190523125251, 35.002511998705657 ], [ 126.878551122009327, 35.00480867464141 ], [ 126.879708031590809, 35.006260150181831 ], [ 126.885835511348148, 35.003703438386673 ], [ 126.890797344008575, 35.003402434805345 ], [ 126.899864217235333, 35.00641906667159 ] ] ] } },
{ "type": "Feature", "properties": { "wid": "20-356104-5-301", "name": "와탄천하구습지", "area_ha": 41.947990181826285, "bbox5186": "148264.7,304610.0,149990.3,306376.7" }, "geometry": { "type": "Polygon", "coordinates": [ [ [ 126.447917289991764, 35.352808567572623 ], [ 126.449838774249415, 35.348338683299588 ], [ 126.449795884441826, 35.345903127238323 ], [ 126.448750053507155, 35.344559003600125 ], [ 126.442223931958864, 35.340812029669557 ], [ 126.438405904201858, 35.340486101412466 ], [ 126.435832842787477, 35.341461964775384 ], [ 126.433513988013715, 35.340995954658375 ], [ 126.432603375143202, 35.340025471014179 ], [ 126.434119412999294, 35.337306089535907 ], [ 126.433245069522272, 35.336817084183089 ], [ 126.430921217690681, 35.338967528212486 ], [ 126.432329002141529, 35.341037264223338 ], [ 126.434613631000673, 35.342152085826953 ], [ 126.436876632531195, 35.342588071271564 ], [ 126.441430837477071, 35.341930508831744 ], [ 126.446840027761553, 35.345093772785475 ], [ 126.448005697939777, 35.348223069152837 ], [ 126.4457009492358, 35.35257760092221 ], [ 126.447917289991764, 35.352808567572623 ] ] ] } },
{ "type": "Feature", "properties": { "wid": "15-377091-2-023", "name": "복정습지", "area_ha": 41.917748532963003, "bbox5186": "210320.9,536803.2,210673.7,540546.3" }, "geometry": { "type": "Polygon", "coordinates": [ [ [ 127.117538220292403, 37.432643017795357 ], [ 127.117063231626773, 37.432361471152653 ], [ 127.118300085255029, 37.438592563887781 ], [ 127.116917637434867, 37.442633188365534 ], [ 127.116650212110571, 37.455986470939301 ], [ 127.117157044974022, 37.461371317996033 ], [ 127.118600202981852, 37.46335841055545 ], [ 127.118043277402023, 37.463570705817368 ], [ 127.1199015677701, 37.464278831713031 ], [ 127.120650082768137, 37.463711333884937 ], [ 127.118252971024944, 37.459632174935635 ], [ 127.117823884403023, 37.455578950054459 ], [ 127.118177159561938, 37.443057214527087 ], [ 127.119597213741201, 37.438543504748338 ], [ 127.118106899998324, 37.430707969471513 ], [ 127.117454736884099, 37.430555446515086 ], [ 127.117538220292403, 37.432643017795357 ] ] ] } },
{ "type": "Feature", "properties": { "wid": "15-356111-3-009", "name": "궁산제습지", "area_ha": 41.571286972572004, "bbox5186": "156604.4,319806.9,157469.6,321294.4" }, "geometry": { "type": "Polygon", "coordinates": [ [ [ 126.527041706830772, 35.474192037819257 ], [ 126.529863057586525, 35.475584758035772 ], [ 126.530093799158763, 35.478724892535787 ], [ 126.5278850131659, 35.479962772431193 ], [ 126.525326541715231, 35.479192037725689 ], [ 126.523437160822525, 35.480440104691532 ], [ 126.522659729090478, 35.482031434258815 ], [ 126.52181244442059, 35.481829793604874 ], [ 126.522042567088604, 35.483162828342309 ], [ 126.524224183267833, 35.482638780216796 ], [ 126.525563781073501, 35.483260544237005 ], [ 126.524262810480138, 35.486368515819898 ], [ 126.522622835980528, 35.48715247983079 ], [ 126.523048965458955, 35.487583183877895 ], [ 126.527789233949392, 35.484846550040736 ], [ 126.52927431986592, 35.482639657556597 ], [ 126.530995490299631, 35.481888364408462 ], [ 126.530453877820449, 35.481039034713255 ], [ 126.531368287401293, 35.478031339122111 ], [ 126.530903861357203, 35.475089486339783 ], [ 126.527041706830772, 35.474192037819257 ] ] ] } },
{ "type": "Feature", "properties": { "wid": "14-378133-2-064", "name": "명돌습지", "area_ha": 41.382245379105015, "bbox5186": "292454.7,495940.3,294152.6,497326.9" }, "geometry": { "type": "Polygon", "coordinates": [ [ [ 128.052755864122929, 37.057749222097669 ], [ 128.050756392841492, 37.061132303447984 ], [ 128.051671612452992, 37.061053911929001 ], [ 128.049303748557179, 37.065780967460839 ], [ 128.047047562099067, 37.068510305046814 ], [ 128.04054894782044, 37.06747364479682 ], [ 128.039602055702801, 37.068780333956155 ], [ 128.042596247890657, 37.070332657181105 ], [ 128.046953918459792, 37.070123074954211 ], [ 128.050947339107182, 37.067149497361612 ], [ 128.053154551673799, 37.062273364830723 ], [ 128.058609234562368, 37.062723978579228 ], [ 128.053561159071393, 37.061025430181814 ], [ 128.05407448200242, 37.058552945250881 ], [ 128.052755864122929, 37.057749222097669 ] ] ] } },
{ "type": "Feature", "properties": { "wid": "14-378142-2-028", "name": "뭇두리습지", "area_ha": 41.256237133400354, "bbox5186": "323554.5,511612.0,324792.1,512510.5" }, "geometry": { "type": "Polygon", "coordinates": [ [ [ 128.397593446817297, 37.197119522665496 ], [ 128.392568621855787, 37.200952909814042 ], [ 128.39175245542782, 37.203551917794364 ], [ 128.395914393567551, 37.203063261367021 ], [ 128.405559132653366, 37.19636755083674 ], [ 128.405012257492274, 37.195300072117966 ], [ 128.4008465436047, 37.196837829370153 ], [ 128.397593446817297, 37.197119522665496 ] ] ] } },
{ "type": "Feature", "properties": { "wid": "13-356124-2-063", "name": "양지습지", "area_ha": 41.246466555560325, "bbox5186": "193744.5,294871.1,196385.5,296160.7" }, "geometry": { "type": "Polygon", "coordinates": [ [ [ 126.941413593081649, 35.255018942312795 ], [ 126.935895588216439, 35.260054663063329 ], [ 126.931520168544566, 35.260790467115868 ], [ 126.931255429844484, 35.26196927534864 ], [ 126.935951649129819, 35.261431045686123 ], [ 126.942622593596994, 35.256204790565931 ], [ 126.950529248593014, 35.255713442678399 ], [ 126.960283652610684, 35.251597887843687 ], [ 126.959386546316381, 35.250358239357524 ], [ 126.949606849462839, 35.254672008227054 ], [ 126.941413593081649, 35.255018942312795 ] ] ] } },
{ "type": "Feature", "properties": { "wid": "15-357103-2-061", "name": "현터습지", "area_ha": 41.207387757137099, "bbox5186": "227659.5,302882.7,228408.0,304382.5" }, "geometry": { "type": "Polygon", "coordinates": [ [ [ 127.309729368727872, 35.322180171753992 ], [ 127.307615689137094, 35.328290280104348 ], [ 127.304235575587342, 35.334957857334153 ], [ 127.306759437466468, 35.335705892073925 ], [ 127.30901107535928, 35.332255277103656 ], [ 127.310039673659546, 35.33230762476439 ], [ 127.309567488649208, 35.330489951480267 ], [ 127.3109459591616, 35.328567482652879 ], [ 127.312421953162996, 35.322851946634813 ], [ 127.309729368727872, 35.322180171753992 ] ] ] } },
{ "type": "Feature", "properties": { "wid": "14-378153-2-038", "name": "용진습지", "area_ha": 41.15147240857975, "bbox5186": "333624.9,499347.8,334296.6,500887.5" }, "geometry": { "type": "Polygon", "coordinates": [ [ [ 128.504480070772217, 37.083580903128343 ], [ 128.502827040301355, 37.084667729740325 ], [ 128.503900376342415, 37.089244633109928 ], [ 128.505624479237895, 37.091575218892608 ], [ 128.505826740789047, 37.094180094035138 ], [ 128.508677673744018, 37.097399999345896 ], [ 128.510611989400246, 37.09630860681726 ], [ 128.507400443168564, 37.090046209909964 ], [ 128.507062712591249, 37.088496307472113 ], [ 128.507653555823822, 37.088857298154018 ], [ 128.505957415876679, 37.085325374589466 ], [ 128.504480070772217, 37.083580903128343 ] ] ] } },
{ "type": "Feature", "properties": { "wid": "13-358024-2-070", "name": "봉촌리습지", "area_ha": 40.725923593703328, "bbox5186": "327161.9,362206.7,328239.4,362658.4" }, "geometry": { "type": "Polygon", "coordinates": [ [ [ 128.419409751783178, 35.848876919645974 ], [ 128.40762760435274, 35.849348074922958 ], [ 128.407678667017592, 35.852236627881801 ], [ 128.411888094600869, 35.853036132218762 ], [ 128.419605426825115, 35.85221614098338 ], [ 128.419409751783178, 35.848876919645974 ] ] ] } },
{ "type": "Feature", "properties": { "wid": "14-367011-2-040", "name": "평궁리습지", "area_ha": 40.662573553769683, "bbox5186": "208170.4,485239.2,209440.0,486810.1" }, "geometry": { "type": "Polygon", "coordinates": [ [ [ 127.093227438220538, 36.974513571735827 ], [ 127.091762686991544, 36.977099927874512 ], [ 127.091994307720526, 36.980114780141271 ], [ 127.094011750147956, 36.979409452255346 ], [ 127.092641537918965, 36.977576820687652 ], [ 127.093370640297465, 36.976820238767836 ], [ 127.100397498842369, 36.973934634572274 ], [ 127.099973547586615, 36.972650944644883 ], [ 127.101733141399691, 36.969955201763028 ], [ 127.100253700664865, 36.970474584911223 ], [ 127.100261622289253, 36.969664501398896 ], [ 127.102548253017233, 36.969813029975406 ], [ 127.103340302204103, 36.968396736071213 ], [ 127.106008350190493, 36.967471671071976 ], [ 127.103338118343018, 36.965950286812962 ], [ 127.101597472269205, 36.966736635813078 ], [ 127.09781399190021, 36.970943382629272 ], [ 127.099009318624496, 36.971277596035335 ], [ 127.098844068822459, 36.972018426688528 ], [ 127.096080527304068, 36.974004886869125 ], [ 127.093227438220538, 36.974513571735827 ] ] ] } },
{ "type": "Feature", "properties": { "wid": "15-387141-2-001", "name": "청양습지", "area_ha": 40.554224620495454, "bbox5186": "233125.8,627340.6,235422.0,627836.5" }, "geometry": { "type": "Polygon", "coordinates": [ [ [ 127.386463674549489, 38.247323081967764 ], [ 127.3820733657506, 38.245762706711687 ], [ 127.378412979455604, 38.245704296840856 ], [ 127.379532859004229, 38.247315070032371 ], [ 127.386571598205734, 38.24915062521746 ], [ 127.394874770775999, 38.248977037896154 ], [ 127.404285130281565, 38.250085519294927 ], [ 127.404660943781607, 38.248841902485609 ], [ 127.39252933538566, 38.247260609595841 ], [ 127.386463674549489, 38.247323081967764 ] ] ] } },
{ "type": "Feature", "properties": { "wid": "14-366042-3-022", "name": "성내습지", "area_ha": 40.502323082855483, "bbox5186": "198209.3,475109.8,199387.4,475758.4" }, "geometry": { "type": "Polygon", "coordinates": [ [ [ 126.985792348349406, 36.875847116241907 ], [ 126.98225724052638, 36.874718462162974 ], [ 126.979915050924561, 36.875736333952965 ], [ 126.980066337733632, 36.880562655918581 ], [ 126.985318360931529, 36.879299176596859 ], [ 126.986774539975244, 36.877899036842877 ], [ 126.992846054779733, 36.87806626109176 ], [ 126.993128772179332, 36.877405770748133 ], [ 126.99085310126388, 36.876090009725218 ], [ 126.985792348349406, 36.875847116241907 ] ] ] } },
{ "type": "Feature", "properties": { "wid": "15-357142-2-020", "name": "비촌습지", "area_ha": 40.40889289459362, "bbox5186": "238347.2,286702.8,239948.2,287915.0" }, "geometry": { "type": "Polygon", "coordinates": [ [ [ 127.436516137848528, 35.17595340311906 ], [ 127.42101889586452, 35.18554813025797 ], [ 127.422105286682722, 35.186930621218515 ], [ 127.429416354856698, 35.183171539034312 ], [ 127.431099598637132, 35.181546739085 ], [ 127.433196633622757, 35.181158888262608 ], [ 127.438549552638705, 35.176832984801187 ], [ 127.436516137848528, 35.17595340311906 ] ] ] } },
{ "type": "Feature", "properties": { "wid": "15-357103-2-055", "name": "신촌습지(남원)", "area_ha": 40.33873517504734, "bbox5186": "227318.4,304303.3,228051.9,305910.8" }, "geometry": { "type": "Polygon", "coordinates": [ [ [ 127.303551299404049, 35.337278697274563 ], [ 127.30422118714803, 35.343444804169501 ], [ 127.300520913513026, 35.34500344282398 ], [ 127.304557996036365, 35.343790066004587 ], [ 127.305813172114554, 35.349341778562042 ], [ 127.308514486050399, 35.349476422284461 ], [ 127.308599151561197, 35.347440108113766 ], [ 127.306646050720062, 35.341504427113918 ], [ 127.306762842837003, 35.335733824635128 ], [ 127.304213729226802, 35.334998472127481 ], [ 127.303551299404049, 35.337278697274563 ] ] ] } },
{ "type": "Feature", "properties": { "wid": "15-367044-2-054", "name": "하문습지", "area_ha": 40.025910411533573, "bbox5186": "277438.7,474383.1,279051.4,475534.8" }, "geometry": { "type": "Polygon", "coordinates": [ [ [ 127.875018524356918, 36.866082196799148 ], [ 127.868553137730856, 36.874877236976559 ], [ 127.870091857592129, 36.875364273822967 ], [ 127.870757350058213, 36.874806141235368 ], [ 127.875292550823417, 36.868672565510728 ], [ 127.878055791522286, 36.866704063300304 ], [ 127.881387706057694, 36.867002885241803 ], [ 127.883710104648344, 36.868548098556396 ], [ 127.883821989937445, 36.867162318612706 ], [ 127.885446736082372, 36.869666918942563 ], [ 127.886577829150696, 36.869429614154768 ], [ 127.885747397805829, 36.867732780292201 ], [ 127.883052380885076, 36.865675863442675 ], [ 127.879411347900955, 36.864918026185393 ], [ 127.875018524356918, 36.866082196799148 ] ] ] } },
{ "type": "Feature", "properties": { "wid": "13-356162-2-059", "name": "창평습지", "area_ha": 39.804193973571863, "bbox5186": "196303.8,293280.6,198772.3,295008.6" }, "geometry": { "type": "Polygon", "coordinates": [ [ [ 126.964442425254362, 35.247041974541126 ], [ 126.969694896375216, 35.236914061991911 ], [ 126.968890821370991, 35.236636242773308 ], [ 126.96817862100535, 35.237416625092145 ], [ 126.967922013955217, 35.236225876469142 ], [ 126.963509610183152, 35.246999333591035 ], [ 126.961649500784034, 35.249196241056751 ], [ 126.959386546316381, 35.250358239357524 ], [ 126.960283652610684, 35.251597887843687 ], [ 126.969837419140049, 35.243648967052188 ], [ 126.977582486400067, 35.242417606417007 ], [ 126.981046029227571, 35.240284708864905 ], [ 126.982629168145678, 35.240382291975514 ], [ 126.983925370242076, 35.241449666577665 ], [ 126.982997251180038, 35.240221003013282 ], [ 126.980989133772255, 35.239279697227545 ], [ 126.983575887297718, 35.236526457709168 ], [ 126.986512535163271, 35.2360283749763 ], [ 126.98321119740946, 35.236301971964792 ], [ 126.977343129860358, 35.241856022436785 ], [ 126.968911338212436, 35.243328754478441 ], [ 126.964442425254362, 35.247041974541126 ] ] ] } },
{ "type": "Feature", "properties": { "wid": "13-379091-2-034", "name": "미로습지", "area_ha": 39.773468177290951, "bbox5186": "387116.8,537690.2,388280.7,539692.5" }, "geometry": { "type": "Polygon", "coordinates": [ [ [ 129.114049367659845, 37.421694207121121 ], [ 129.116904545725475, 37.422728622666384 ], [ 129.120153453215408, 37.426345861849882 ], [ 129.125964587620985, 37.425766698614432 ], [ 129.125796142240773, 37.427199384253093 ], [ 129.120462472878955, 37.430531992155061 ], [ 129.118656786024218, 37.434600210602689 ], [ 129.120268368487274, 37.43762429311316 ], [ 129.125066673861426, 37.4356760226528 ], [ 129.124566857937566, 37.434820192716309 ], [ 129.121010975864323, 37.435156138765592 ], [ 129.120457255229667, 37.43378957351765 ], [ 129.122010346974065, 37.43034114852486 ], [ 129.127025818640107, 37.426943933509897 ], [ 129.127003981853704, 37.424975060373754 ], [ 129.121632548545193, 37.425402242965596 ], [ 129.118373110850854, 37.421652807396811 ], [ 129.113708764786026, 37.419704002359019 ], [ 129.114049367659845, 37.421694207121121 ] ] ] } },
{ "type": "Feature", "properties": { "wid": "14-378102-2-074", "name": "여만습지", "area_ha": 39.742010751235348, "bbox5186": "323258.7,531690.7,324137.0,533011.8" }, "geometry": { "type": "Polygon", "coordinates": [ [ [ 128.393664753748055, 37.380608960768697 ], [ 128.393481807005088, 37.376701877870154 ], [ 128.39188249056528, 37.376357629873631 ], [ 128.3916364192483, 37.378314696036668 ], [ 128.393798309702362, 37.386908652927005 ], [ 128.396021738654383, 37.38795545545652 ], [ 128.401735213778039, 37.388143726249936 ], [ 128.401437189034965, 37.386448964905433 ], [ 128.395786206047489, 37.383656187277225 ], [ 128.393664753748055, 37.380608960768697 ] ] ] } },
{ "type": "Feature", "properties": { "wid": "20-357163-5-301", "name": "황천강하구습지", "area_ha": 39.471637558856287, "bbox5186": "271152.4,270300.7,271940.9,272887.5" }, "geometry": { "type": "Polygon", "coordinates": [ [ [ 127.788368782321854, 35.032678575199071 ], [ 127.782173236204102, 35.027878421051071 ], [ 127.782202751070457, 35.026375679471883 ], [ 127.7796880719402, 35.02845956121412 ], [ 127.779709488944746, 35.029099382434467 ], [ 127.783846660886979, 35.030422950556499 ], [ 127.786660096341961, 35.03344950237863 ], [ 127.786637231502624, 35.035180240980544 ], [ 127.783711647269456, 35.038318741664476 ], [ 127.784137333400864, 35.041924089274964 ], [ 127.786061772941636, 35.045235806994292 ], [ 127.784371018373378, 35.048026505753008 ], [ 127.782325774000142, 35.04825243008473 ], [ 127.783484803043464, 35.049683500539544 ], [ 127.785476678753284, 35.048573680565113 ], [ 127.787433535370468, 35.045647840533483 ], [ 127.785040859249818, 35.040253456059332 ], [ 127.785286082540097, 35.038736702298209 ], [ 127.78804672837687, 35.035773195845941 ], [ 127.788368782321854, 35.032678575199071 ] ] ] } },
{ "type": "Feature", "properties": { "wid": "14-366034-3-036", "name": "면천습지", "area_ha": 39.389401154788757, "bbox5186": "170488.3,467477.4,171632.2,468250.9" }, "geometry": { "type": "Polygon", "coordinates": [ [ [ 126.680158662753911, 36.805513642390963 ], [ 126.672419657559715, 36.80739571715624 ], [ 126.669295394743628, 36.807387971578045 ], [ 126.669281460368083, 36.808022312408276 ], [ 126.672815317959007, 36.809483770917247 ], [ 126.674737833461052, 36.809078139670348 ], [ 126.679380404386634, 36.809949501827028 ], [ 126.678669453180945, 36.812203054014518 ], [ 126.679288035504314, 36.812481363658556 ], [ 126.68208841539095, 36.810913747700212 ], [ 126.681816341745701, 36.806520120902867 ], [ 126.680158662753911, 36.805513642390963 ] ] ] } },
{ "type": "Feature", "properties": { "wid": "13-356153-2-115", "name": "함평습지", "area_ha": 39.058169947041335, "bbox5186": "156668.9,270692.0,157117.7,273193.5" }, "geometry": { "type": "Polygon", "coordinates": [ [ [ 126.528697758436678, 35.036446175643206 ], [ 126.525083214632829, 35.044254143503032 ], [ 126.52663426872455, 35.047449238170636 ], [ 126.525406194497535, 35.049808722331214 ], [ 126.525115945294019, 35.053748354902432 ], [ 126.52670032374894, 35.054048391662953 ], [ 126.528347285874176, 35.05242603946899 ], [ 126.527556847956618, 35.049404291151717 ], [ 126.528385177935689, 35.046215777498666 ], [ 126.528274868775725, 35.044622634546656 ], [ 126.526629492712189, 35.04352737549582 ], [ 126.529827499793399, 35.036661478537532 ], [ 126.530075054048936, 35.031513823683092 ], [ 126.528950814100241, 35.031688837027644 ], [ 126.528697758436678, 35.036446175643206 ] ] ] } },
{ "type": "Feature", "properties": { "wid": "15-377153-2-054", "name": "월포교습지", "area_ha": 39.028086865665124, "bbox5186": "248969.2,499584.2,252008.5,500550.7" }, "geometry": { "type": "Polygon", "coordinates": [ [ [ 127.557516696938521, 37.098686578231877 ], [ 127.550865411551825, 37.100265677176509 ], [ 127.551962722548083, 37.101577917659711 ], [ 127.55417351628104, 37.100229538723411 ], [ 127.556862264068087, 37.100104310533574 ], [ 127.557473332352529, 37.100597920819176 ], [ 127.556634498814816, 37.102491374323954 ], [ 127.557075551335686, 37.10265509719278 ], [ 127.558126918248732, 37.101672508379778 ], [ 127.564538267372171, 37.101114139429498 ], [ 127.572456055178876, 37.097900861692366 ], [ 127.585012472285143, 37.094753467420169 ], [ 127.584037929074796, 37.093816668478709 ], [ 127.572018218645141, 37.096968580306743 ], [ 127.565312958980286, 37.099700297496931 ], [ 127.56091864115389, 37.100097806618848 ], [ 127.557516696938521, 37.098686578231877 ] ] ] } },
{ "type": "Feature", "properties": { "wid": "13-377102-2-063", "name": "오빈습지", "area_ha": 38.390177865512797, "bbox5186": "241249.2,543956.5,242194.6,544707.9" }, "geometry": { "type": "Polygon", "coordinates": [ [ [ 127.473848761081456, 37.494115573416252 ], [ 127.466466950013341, 37.497211951935576 ], [ 127.470504581253593, 37.500899042857249 ], [ 127.472563469982802, 37.500105154138581 ], [ 127.474557047308352, 37.50079183171313 ], [ 127.474482874498449, 37.499614525254358 ], [ 127.477165681942978, 37.498427015501719 ], [ 127.473848761081456, 37.494115573416252 ] ], [ [ 127.475648769442103, 37.497824959128934 ], [ 127.476764083861951, 37.498226813378629 ], [ 127.473398073867628, 37.499390023950063 ], [ 127.473363743623224, 37.499146892007246 ], [ 127.475648769442103, 37.497824959128934 ] ] ] } },
{ "type": "Feature", "properties": { "wid": "15-357054-2-005", "name": "강진습지", "area_ha": 38.268618372680393, "bbox5186": "212338.3,324409.3,214701.9,325601.3" }, "geometry": { "type": "Polygon", "coordinates": [ [ [ 127.145960974250798, 35.521044970673053 ], [ 127.136027098123463, 35.521957886805829 ], [ 127.136028313230113, 35.522678027872225 ], [ 127.143250646334778, 35.522642627764419 ], [ 127.150551091377253, 35.523703585164711 ], [ 127.152924032545073, 35.526217041021447 ], [ 127.156075124181385, 35.52624004388862 ], [ 127.158575437831942, 35.527239933685841 ], [ 127.158921791122808, 35.52675818167252 ], [ 127.157577780018684, 35.526188518431454 ], [ 127.152979300411047, 35.525710438140017 ], [ 127.151646593276752, 35.524085267160864 ], [ 127.156712150681244, 35.522714217653295 ], [ 127.162075177039384, 35.516943287258087 ], [ 127.161514250402561, 35.51649248570282 ], [ 127.154150260938181, 35.522290300548647 ], [ 127.149235325580918, 35.522252317531084 ], [ 127.145960974250798, 35.521044970673053 ] ] ] } },
{ "type": "Feature", "properties": { "wid": "15-357094-2-040", "name": "외이습지", "area_ha": 38.236721794558015, "bbox5186": "217251.1,306291.5,218033.2,307819.1" }, "geometry": { "type": "Polygon", "coordinates": [ [ [ 127.197979628462548, 35.36404363899085 ], [ 127.192039581513399, 35.353148954067514 ], [ 127.189794083084109, 35.353604066836162 ], [ 127.195866228364892, 35.366911500579207 ], [ 127.198429553019963, 35.366247547470564 ], [ 127.197979628462548, 35.36404363899085 ] ] ] } },
{ "type": "Feature", "properties": { "wid": "15-367033-2-037", "name": "중석습지", "area_ha": 38.105548021108604, "bbox5186": "244170.5,470623.8,245162.8,473964.0" }, "geometry": { "type": "Polygon", "coordinates": [ [ [ 127.495154969354019, 36.83374815848267 ], [ 127.497874307423814, 36.839596639751022 ], [ 127.503221502508168, 36.844158004839734 ], [ 127.502350995706294, 36.849224043192301 ], [ 127.505292583892555, 36.854598321878356 ], [ 127.504677615898132, 36.857763775650994 ], [ 127.502897124496769, 36.859678938047779 ], [ 127.503068802121263, 36.861919231689804 ], [ 127.504039092679676, 36.863326233324621 ], [ 127.504149914920191, 36.859540269112493 ], [ 127.50642295918685, 36.855633374462258 ], [ 127.503417000595505, 36.849523202782777 ], [ 127.504400559617608, 36.843756525737795 ], [ 127.49997695042191, 36.839173311052384 ], [ 127.496636011524103, 36.833258992612279 ], [ 127.495154969354019, 36.83374815848267 ] ] ] } },
{ "type": "Feature", "properties": { "wid": "13-367152-2-065", "name": "서금동습지", "area_ha": 38.062606049593533, "bbox5186": "264507.3,403452.7,266536.4,403963.2" }, "geometry": { "type": "Polygon", "coordinates": [ [ [ 127.738545534457757, 36.22686807040634 ], [ 127.734532291199812, 36.226726958097807 ], [ 127.724937848406697, 36.22997023372568 ], [ 127.717964085677664, 36.229526549240397 ], [ 127.717539365684942, 36.231007028279883 ], [ 127.727087572988282, 36.231372938361737 ], [ 127.735138552740054, 36.22828046848899 ], [ 127.737948411022217, 36.228542536259091 ], [ 127.738923357330066, 36.230023460316602 ], [ 127.740090817662534, 36.229030357701745 ], [ 127.738545534457757, 36.22686807040634 ] ] ] } },
{ "type": "Feature", "properties": { "wid": "14-378041-3-002", "name": "향호", "area_ha": 38.011090840381229, "bbox5186": "358797.3,591242.4,359565.1,592126.3" }, "geometry": { "type": "Polygon", "coordinates": [ [ [ 128.809833077706969, 37.908245103327424 ], [ 128.809583145374518, 37.907185965124761 ], [ 128.808146267882364, 37.907335072138828 ], [ 128.805685833640496, 37.910309571429337 ], [ 128.806068802869191, 37.912626039390076 ], [ 128.809806596213576, 37.915144982186398 ], [ 128.814448737159552, 37.911651225896833 ], [ 128.809833077706969, 37.908245103327424 ] ] ] } },
{ "type": "Feature", "properties": { "wid": "15-356083-2-061", "name": "신정습지", "area_ha": 37.88178001305598, "bbox5186": "184843.5,332515.9,186889.8,335089.4" }, "geometry": { "type": "Polygon", "coordinates": [ [ [ 126.832762211051303, 35.589712578859469 ], [ 126.835560299493551, 35.598417516848301 ], [ 126.846128087464166, 35.607991480829639 ], [ 126.854848270826153, 35.612772835658461 ], [ 126.855300622334511, 35.612256939948992 ], [ 126.845401086188204, 35.60553633275331 ], [ 126.837493567226161, 35.599016795136173 ], [ 126.835513835193453, 35.595777565952552 ], [ 126.833932154296036, 35.589551062293111 ], [ 126.832762211051303, 35.589712578859469 ] ] ] } },
{ "type": "Feature", "properties": { "wid": "13-358103-0-005", "name": "돈대늪", "area_ha": 37.696647869879541, "bbox5186": "319019.8,304642.9,319754.4,305888.6" }, "geometry": { "type": "Polygon", "coordinates": [ [ [ 128.312801705347823, 35.334572602930315 ], [ 128.312971193164884, 35.33383173323454 ], [ 128.312358175554607, 35.33380594522211 ], [ 128.309127289439829, 35.336625857884272 ], [ 128.310984600244495, 35.337829631072971 ], [ 128.310596828646794, 35.342354526754733 ], [ 128.313300098593771, 35.342535175223581 ], [ 128.313926311473324, 35.337597610271153 ], [ 128.316794174913184, 35.33403528795975 ], [ 128.317132640247138, 35.33205244588666 ], [ 128.31438630350749, 35.331296445657919 ], [ 128.312801705347823, 35.334572602930315 ] ] ] } },
{ "type": "Feature", "properties": { "wid": "14-378112-2-050", "name": "북평습지", "area_ha": 37.520445598359807, "bbox5186": "346354.1,539160.8,348071.6,539911.8" }, "geometry": { "type": "Polygon", "coordinates": [ [ [ 128.665160732394185, 37.442995783877919 ], [ 128.657411269709115, 37.442255173309299 ], [ 128.654801534966651, 37.440270094066072 ], [ 128.653749398770145, 37.44087582478798 ], [ 128.655622848342318, 37.44493073914041 ], [ 128.662191005705949, 37.444206984168154 ], [ 128.672184011114581, 37.446791250885362 ], [ 128.673248732931512, 37.445079758221816 ], [ 128.665160732394185, 37.442995783877919 ] ] ] } },
{ "type": "Feature", "properties": { "wid": "20-388102-5-302", "name": "북천하구습지", "area_ha": 37.335701928682909, "bbox5186": "327754.2,644588.5,329270.8,646229.0" }, "geometry": { "type": "Polygon", "coordinates": [ [ [ 128.464308717170724, 38.392638316889766 ], [ 128.462400556938974, 38.392573864094857 ], [ 128.46233002898731, 38.393334119594066 ], [ 128.464670954561626, 38.397317053537869 ], [ 128.476081659421823, 38.402480494439537 ], [ 128.47642307604653, 38.403788656899529 ], [ 128.475199827749236, 38.407191063594382 ], [ 128.479867133224701, 38.402080539790113 ], [ 128.472511696607285, 38.398497032692077 ], [ 128.465583222423987, 38.396295851256873 ], [ 128.464308717170724, 38.392638316889766 ] ] ] } },
{ "type": "Feature", "properties": { "wid": "13-368082-2-012", "name": "단사습지", "area_ha": 37.319375488610817, "bbox5186": "367624.9,461074.9,368635.2,462468.8" }, "geometry": { "type": "Polygon", "coordinates": [ [ [ 128.877558628757328, 36.734283297869233 ], [ 128.878878866167042, 36.735313002506231 ], [ 128.88253614810165, 36.734083009787874 ], [ 128.884430478708254, 36.734371067606553 ], [ 128.886242009733195, 36.736535352183978 ], [ 128.885518957120553, 36.739192998431534 ], [ 128.883989225957492, 36.741048028899911 ], [ 128.876817728163303, 36.744355367350096 ], [ 128.877615595533797, 36.745994277764858 ], [ 128.885336550581826, 36.742124080272333 ], [ 128.887338474612307, 36.739346145390265 ], [ 128.887940967261159, 36.736704817841499 ], [ 128.887358378902661, 36.734719286815711 ], [ 128.884970047095777, 36.733319182034691 ], [ 128.877558628757328, 36.734283297869233 ] ] ] } },
{ "type": "Feature", "properties": { "wid": "13-356123-2-002", "name": "세낙강보습지", "area_ha": 37.269734702591322, "bbox5186": "176620.9,296176.0,177673.4,297661.2" }, "geometry": { "type": "Polygon", "coordinates": [ [ [ 126.743076936962197, 35.261853947377396 ], [ 126.743886989877268, 35.268447170853854 ], [ 126.744939293876655, 35.267575994795479 ], [ 126.752294712820841, 35.275259879152664 ], [ 126.754604777309282, 35.274627339664647 ], [ 126.746798179133691, 35.266726329502241 ], [ 126.745341767875317, 35.262232791779653 ], [ 126.743076936962197, 35.261853947377396 ] ] ] } },
{ "type": "Feature", "properties": { "wid": "14-357083-2-011", "name": "대궁교습지", "area_ha": 37.264425246952506, "bbox5186": "273332.5,321956.1,274058.2,324005.4" }, "geometry": { "type": "Polygon", "coordinates": [ [ [ 127.81170772697287, 35.492612991780369 ], [ 127.808413110723905, 35.49178159816708 ], [ 127.808171252425979, 35.492500637686668 ], [ 127.811025280186882, 35.493462080463622 ], [ 127.813567519423273, 35.498798566020668 ], [ 127.813552520364382, 35.503650251075953 ], [ 127.809793432446185, 35.510176462123304 ], [ 127.811666744178027, 35.510229665523006 ], [ 127.81282894794478, 35.508847391701515 ], [ 127.816260788696027, 35.501598673281087 ], [ 127.813977391419868, 35.494744550337337 ], [ 127.81170772697287, 35.492612991780369 ] ] ] } },
{ "type": "Feature", "properties": { "wid": "14-359052-2-032", "name": "이조습지", "area_ha": 37.248611342877766, "bbox5186": "398687.1,351121.9,399563.9,353240.7" }, "geometry": { "type": "Polygon", "coordinates": [ [ [ 129.202180837200473, 35.748489899622882 ], [ 129.199992024154113, 35.737237885675285 ], [ 129.198318718867966, 35.738481312537282 ], [ 129.197751557564402, 35.740805602430015 ], [ 129.199636441823912, 35.743834743550089 ], [ 129.200531958998056, 35.748299326816969 ], [ 129.196542573643569, 35.750019405126537 ], [ 129.201663499624914, 35.749812215526127 ], [ 129.202919605569321, 35.751391290831158 ], [ 129.204266203386311, 35.755927765435231 ], [ 129.205895983753976, 35.756221354769437 ], [ 129.204519192588037, 35.750433884599239 ], [ 129.206181679438203, 35.74811290418269 ], [ 129.203987799007876, 35.749883167965407 ], [ 129.202180837200473, 35.748489899622882 ] ] ] } },
{ "type": "Feature", "properties": { "wid": "14-378142-2-027", "name": "화랏습지", "area_ha": 37.236398306142334, "bbox5186": "315692.6,515155.7,317819.9,515934.4" }, "geometry": { "type": "Polygon", "coordinates": [ [ [ 128.319796086570079, 37.233145822361237 ], [ 128.30511922509794, 37.228371109897694 ], [ 128.303649155418185, 37.229764908428599 ], [ 128.312853579446738, 37.232225612466287 ], [ 128.319617132913038, 37.235226382579896 ], [ 128.327655140196896, 37.231832628816171 ], [ 128.327128752429388, 37.23098710191644 ], [ 128.319796086570079, 37.233145822361237 ] ] ] } },
{ "type": "Feature", "properties": { "wid": "15-377144-2-045", "name": "백봉습지", "area_ha": 37.144736564176448, "bbox5186": "234110.1,501984.4,236773.7,503709.6" }, "geometry": { "type": "Polygon", "coordinates": [ [ [ 127.384941603454465, 37.128544174704587 ], [ 127.3838718305485, 37.131747297127887 ], [ 127.385009873704675, 37.131802175123838 ], [ 127.385703525977306, 37.129222897413605 ], [ 127.392277577106753, 37.124816781189487 ], [ 127.393185106209643, 37.125140858680133 ], [ 127.393192007744773, 37.124082093102558 ], [ 127.396076697566471, 37.121608998664144 ], [ 127.406434339685163, 37.117582256097002 ], [ 127.410707441386577, 37.117732424192205 ], [ 127.413766431180306, 37.116837850005659 ], [ 127.413010030196375, 37.116162891564073 ], [ 127.403810493779986, 37.117170427551891 ], [ 127.394562744376373, 37.121510425209955 ], [ 127.384941603454465, 37.128544174704587 ] ] ] } },
{ "type": "Feature", "properties": { "wid": "15-367033-2-038", "name": "진암습지", "area_ha": 37.063311842770126, "bbox5186": "245483.4,463253.1,248827.2,464227.7" }, "geometry": { "type": "Polygon", "coordinates": [ [ [ 127.509430673261363, 36.767055816584474 ], [ 127.520582703625379, 36.770025349693135 ], [ 127.529753559582744, 36.770798566040682 ], [ 127.53292518318203, 36.772352325387189 ], [ 127.546045338739361, 36.775407048216799 ], [ 127.546932964951068, 36.774211710026137 ], [ 127.53842970689584, 36.772720422116826 ], [ 127.53170666635576, 36.770428509545752 ], [ 127.519744075780878, 36.768908940552102 ], [ 127.513230149668658, 36.766770957087459 ], [ 127.509430673261363, 36.767055816584474 ] ] ] } },
{ "type": "Feature", "properties": { "wid": "20-356102-5-301", "name": "구암천하구습지", "area_ha": 36.824272609368364, "bbox5186": "147701.7,308046.4,148453.2,309052.0" }, "geometry": { "type": "Polygon", "coordinates": [ [ [ 126.429757388942704, 35.367773507817887 ], [ 126.424529351573241, 35.369200740160302 ], [ 126.425601838955885, 35.371118429425891 ], [ 126.424471639817085, 35.375159945804455 ], [ 126.425186203106904, 35.376815452655379 ], [ 126.425949368630498, 35.376429713896258 ], [ 126.425906670979273, 35.374534051004851 ], [ 126.427914558991844, 35.375375485590524 ], [ 126.426721377773617, 35.374170183478334 ], [ 126.426867899443593, 35.373057757291697 ], [ 126.430446224570858, 35.372627625340016 ], [ 126.432580792472109, 35.373450652106534 ], [ 126.432766156233313, 35.371650698592198 ], [ 126.429757388942704, 35.367773507817887 ] ] ] } },
{ "type": "Feature", "properties": { "wid": "13-356124-2-060", "name": "천변습지", "area_ha": 36.821785642947312, "bbox5186": "195977.3,300779.1,197032.3,302338.0" }, "geometry": { "type": "Polygon", "coordinates": [ [ [ 126.955769706024881, 35.3042554235086 ], [ 126.956771115372348, 35.310928387359937 ], [ 126.96014153331069, 35.315166729188299 ], [ 126.960834376850599, 35.317334669270778 ], [ 126.961342280376357, 35.317661116369095 ], [ 126.963046620797257, 35.315667893549538 ], [ 126.967056791117329, 35.316490169907475 ], [ 126.967365251288484, 35.315123827651782 ], [ 126.962499747276865, 35.314014674101919 ], [ 126.959277018153742, 35.311134762022384 ], [ 126.957817343158354, 35.303608994292595 ], [ 126.955769706024881, 35.3042554235086 ] ] ] } },
{ "type": "Feature", "properties": { "wid": "15-347071-3-040", "name": "현천습지(여수)", "area_ha": 36.502837412437266, "bbox5186": "254300.5,238728.3,255424.9,239304.6" }, "geometry": { "type": "Polygon", "coordinates": [ [ [ 127.602535818323844, 34.742812485686798 ], [ 127.592978695668521, 34.743744571558089 ], [ 127.594364710474878, 34.748047428253166 ], [ 127.603617952473357, 34.744608132179934 ], [ 127.605264132146758, 34.744675680055231 ], [ 127.603842921701983, 34.744309553733146 ], [ 127.604097386482778, 34.743262663379952 ], [ 127.602535818323844, 34.742812485686798 ] ] ] } },
{ "type": "Feature", "properties": { "wid": "14-378121-2-045", "name": "골지천습지", "area_ha": 36.11544055066863, "bbox5186": "362091.0,542449.8,363562.1,543897.6" }, "geometry": { "type": "Polygon", "coordinates": [ [ [ 128.846617531312972, 37.471883571427149 ], [ 128.843342149159923, 37.46710957169951 ], [ 128.842055930636349, 37.467570170385606 ], [ 128.843015510029943, 37.471159658015452 ], [ 128.844545641577383, 37.472618635892132 ], [ 128.839705892851924, 37.475858933134525 ], [ 128.833332403684977, 37.478571507170699 ], [ 128.832506996417152, 37.479859073187228 ], [ 128.83317369337874, 37.480310883431876 ], [ 128.844349771901676, 37.474674817599286 ], [ 128.847461120592413, 37.475571225739891 ], [ 128.848786666621095, 37.477665767886265 ], [ 128.849032224782974, 37.475612406737433 ], [ 128.847186476186351, 37.474149416585462 ], [ 128.847660560842797, 37.473479849606932 ], [ 128.846400378779691, 37.473072534157374 ], [ 128.846617531312972, 37.471883571427149 ] ], [ [ 128.842876949262973, 37.469245630110265 ], [ 128.845195475819082, 37.471557150367559 ], [ 128.844443762985094, 37.47206077533739 ], [ 128.842876949262973, 37.469245630110265 ] ] ] } },
{ "type": "Feature", "properties": { "wid": "13-368114-2-006", "name": "남대천보습지", "area_ha": 35.968378180222288, "bbox5186": "348947.9,415619.5,350714.9,418764.5" }, "geometry": { "type": "Polygon", "coordinates": [ [ [ 128.658784417050043, 36.327315236174201 ], [ 128.660579594330869, 36.330887375270812 ], [ 128.660184831947959, 36.334744934357964 ], [ 128.662664261170846, 36.33769660091086 ], [ 128.662866752607982, 36.341143974481788 ], [ 128.664756203947292, 36.347392697302311 ], [ 128.668393668212644, 36.349879358249119 ], [ 128.671372587981125, 36.353699686393355 ], [ 128.673424004364136, 36.353521390422728 ], [ 128.678720686470626, 36.355175317168758 ], [ 128.679044272124514, 36.354474246790517 ], [ 128.671430110248707, 36.35227429699512 ], [ 128.669424150844122, 36.349781163379753 ], [ 128.665767403852016, 36.347227222965159 ], [ 128.663779135099958, 36.34073480247153 ], [ 128.663565266664989, 36.33664963238126 ], [ 128.664560604236868, 36.336687130933527 ], [ 128.662014073286315, 36.335243926219171 ], [ 128.661048584505494, 36.328796681418055 ], [ 128.659917911642822, 36.327099458276237 ], [ 128.658784417050043, 36.327315236174201 ] ] ] } },
{ "type": "Feature", "properties": { "wid": "13-377123-2-011", "name": "안창대교습지", "area_ha": 35.805352643126596, "bbox5186": "272438.8,526483.0,273597.5,527605.0" }, "geometry": { "type": "Polygon", "coordinates": [ [ [ 127.817403449766289, 37.334856672830931 ], [ 127.820863504694103, 37.337384366504409 ], [ 127.823629989963379, 37.341273701983823 ], [ 127.830219890324969, 37.344822647556207 ], [ 127.830059504838445, 37.342555043002029 ], [ 127.825582482643242, 37.338407508343437 ], [ 127.823599814154392, 37.337167127416528 ], [ 127.819586381337956, 37.336265160955747 ], [ 127.818981634199559, 37.33585668789825 ], [ 127.824857639276814, 37.337340367361357 ], [ 127.830556823025162, 37.342010949462178 ], [ 127.824541701750874, 37.336310016716311 ], [ 127.824681629617416, 37.337136165043439 ], [ 127.819580481868996, 37.334787550932361 ], [ 127.817403449766289, 37.334856672830931 ] ] ] } },
{ "type": "Feature", "properties": { "wid": "15-377082-2-007", "name": "구성포리습지", "area_ha": 35.746786950011476, "bbox5186": "282871.0,571325.4,284605.3,572344.3" }, "geometry": { "type": "Polygon", "coordinates": [ [ [ 127.940173698089112, 37.73856990816234 ], [ 127.945845226667714, 37.744208550545927 ], [ 127.946771849194164, 37.747033657795406 ], [ 127.959907048823183, 37.743071399320904 ], [ 127.95959633058547, 37.742291916220402 ], [ 127.958105567985839, 37.74246891561485 ], [ 127.948651107233943, 37.744839179208398 ], [ 127.941688747046101, 37.737894722498474 ], [ 127.940173698089112, 37.73856990816234 ] ] ] } },
{ "type": "Feature", "properties": { "wid": "13-366161-2-033", "name": "남면습지", "area_ha": 35.724657416276834, "bbox5186": "182668.9,402961.5,185723.2,404133.8" }, "geometry": { "type": "Polygon", "coordinates": [ [ [ 126.807234341190949, 36.224399577225995 ], [ 126.816487120589912, 36.2291787598624 ], [ 126.840505826159543, 36.235013294841842 ], [ 126.84115765539697, 36.234482455546889 ], [ 126.841186607924911, 36.23391744319656 ], [ 126.816355275930277, 36.228004296701407 ], [ 126.807234341190949, 36.224399577225995 ] ] ] } },
{ "type": "Feature", "properties": { "wid": "11-367152-2-024", "name": "호탄습지", "area_ha": 35.659602625259836, "bbox5186": "256916.8,391975.9,258117.1,393114.6" }, "geometry": { "type": "Polygon", "coordinates": [ [ [ 127.645627113807151, 36.12960665112044 ], [ 127.639035501749021, 36.124999931273877 ], [ 127.632776996049358, 36.123880522893408 ], [ 127.632259677009998, 36.125444129611431 ], [ 127.637429893208264, 36.127003737591124 ], [ 127.6424620175694, 36.130677168324553 ], [ 127.639518162842194, 36.134106654680366 ], [ 127.645627113807151, 36.12960665112044 ] ] ] } },
{ "type": "Feature", "properties": { "wid": "14-358083-2-014", "name": "매화습지", "area_ha": 35.249870034126531, "bbox5186": "362171.0,331701.1,363736.0,333826.8" }, "geometry": { "type": "Polygon", "coordinates": [ [ [ 128.788859671736873, 35.5694098156143 ], [ 128.793680071177278, 35.572795897556659 ], [ 128.797552536820717, 35.578365898564471 ], [ 128.800191918152478, 35.584710257177271 ], [ 128.805556609722174, 35.587953431158759 ], [ 128.806514802374124, 35.586949606004531 ], [ 128.800471869511597, 35.582334243707521 ], [ 128.799536271673986, 35.578729193228597 ], [ 128.796183150234015, 35.573356080844547 ], [ 128.792163785032415, 35.570137521813891 ], [ 128.789603561638387, 35.569035606045013 ], [ 128.788859671736873, 35.5694098156143 ] ] ] } },
{ "type": "Feature", "properties": { "wid": "13-356161-2-006", "name": "동림습지", "area_ha": 34.995090874492931, "bbox5186": "185653.0,286835.8,186666.1,287363.7" }, "geometry": { "type": "Polygon", "coordinates": [ [ [ 126.8435771296338, 35.177837750381656 ], [ 126.842489499692888, 35.181665299287083 ], [ 126.851222382578868, 35.182605638299094 ], [ 126.853615080794725, 35.179918007633034 ], [ 126.848867376636676, 35.1784880347181 ], [ 126.8435771296338, 35.177837750381656 ] ] ] } },
{ "type": "Feature", "properties": { "wid": "15-367113-2-018", "name": "수북리습지", "area_ha": 34.93514158673122, "bbox5186": "255006.4,413091.3,255504.7,414299.3" }, "geometry": { "type": "Polygon", "coordinates": [ [ [ 127.613405437808396, 36.315895818504437 ], [ 127.612546040900114, 36.31905882756341 ], [ 127.613435771497024, 36.322893248282398 ], [ 127.612697926933123, 36.324805709534736 ], [ 127.613255281987108, 36.325157010718435 ], [ 127.617101607878666, 36.323992729665889 ], [ 127.61585202066135, 36.323134052016172 ], [ 127.616896084307086, 36.317980285591965 ], [ 127.615663871940029, 36.317335993538343 ], [ 127.617532908297321, 36.316692829923618 ], [ 127.617339185466093, 36.315567367622577 ], [ 127.618062131604916, 36.314895864593119 ], [ 127.616847781255885, 36.314252393059597 ], [ 127.613405437808396, 36.315895818504437 ] ] ] } },
{ "type": "Feature", "properties": { "wid": "15-377152-2-038", "name": "원부교습지", "area_ha": 34.911219855224218, "bbox5186": "255769.2,505751.7,257169.7,507396.3" }, "geometry": { "type": "Polygon", "coordinates": [ [ [ 127.629223240301727, 37.156122791025844 ], [ 127.630563503812297, 37.149150595551021 ], [ 127.628320560912186, 37.150292417537095 ], [ 127.62780722526152, 37.154508421483918 ], [ 127.63032640491798, 37.160319395337694 ], [ 127.633521312795466, 37.162600018156724 ], [ 127.632792313424858, 37.163204908494635 ], [ 127.643459909054798, 37.163899835605491 ], [ 127.643641701426546, 37.162634686404267 ], [ 127.637860767033871, 37.162659636238637 ], [ 127.632878742456526, 37.161013111080521 ], [ 127.629223240301727, 37.156122791025844 ] ] ] } },
{ "type": "Feature", "properties": { "wid": "14-346064-3-301", "name": "고천암호1습지", "area_ha": 34.711759786390509, "bbox5186": "151234.0,215868.5,152261.5,217799.9" }, "geometry": { "type": "Polygon", "coordinates": [ [ [ 126.476274848086476, 34.53785066394552 ], [ 126.476187965664721, 34.537112914611882 ], [ 126.474841798632582, 34.549043970024421 ], [ 126.468667998996011, 34.554490780080393 ], [ 126.477311980975784, 34.548117074824837 ], [ 126.477923457608114, 34.541615819182795 ], [ 126.479953411103523, 34.539967637569241 ], [ 126.476274848086476, 34.53785066394552 ] ] ] } },
{ "type": "Feature", "properties": { "wid": "13-356154-2-032", "name": "학산리습지", "area_ha": 34.683975273337047, "bbox5186": "175867.5,271953.7,177276.1,272934.2" }, "geometry": { "type": "Polygon", "coordinates": [ [ [ 126.735503222826495, 35.044081393580726 ], [ 126.738642865696448, 35.047317818443894 ], [ 126.740748005208047, 35.048135373719774 ], [ 126.741088835470805, 35.049192510789304 ], [ 126.74162190580968, 35.048377904622917 ], [ 126.743040032497348, 35.048439505752469 ], [ 126.749035580837912, 35.052374831449328 ], [ 126.750920111702044, 35.051197015512997 ], [ 126.745484950924009, 35.046809568231922 ], [ 126.739954925697717, 35.046256115915412 ], [ 126.736565999501764, 35.043510432121238 ], [ 126.735503222826495, 35.044081393580726 ] ] ] } },
{ "type": "Feature", "properties": { "wid": "13-356154-2-031", "name": "삼도동습지", "area_ha": 34.645193317114234, "bbox5186": "175503.7,269924.9,176296.5,271224.1" }, "geometry": { "type": "Polygon", "coordinates": [ [ [ 126.73324354561251, 35.033533070819622 ], [ 126.731696660922509, 35.03405335928813 ], [ 126.731540310838241, 35.036623734436496 ], [ 126.732101535313731, 35.036924231194376 ], [ 126.733536102724955, 35.03692198176266 ], [ 126.734128846612279, 35.034599537727772 ], [ 126.7391291774763, 35.030873288426719 ], [ 126.740259113956185, 35.027023231340294 ], [ 126.73935311181377, 35.025229352573611 ], [ 126.737772724874674, 35.025321493893031 ], [ 126.734937789679449, 35.031829578711793 ], [ 126.733306892927871, 35.03258676611042 ], [ 126.73324354561251, 35.033533070819622 ] ] ] } },
{ "type": "Feature", "properties": { "wid": "14-387083-2-005", "name": "남강천2교습지", "area_ha": 34.637121203578779, "bbox5186": "271766.3,323998.2,273637.1,324721.0" }, "geometry": { "type": "Polygon", "coordinates": [ [ [ 127.801750653939109, 35.514225549902456 ], [ 127.791354875938325, 35.515162128828877 ], [ 127.791149110428705, 35.516773161566725 ], [ 127.795666760713416, 35.516785806553536 ], [ 127.80664920023365, 35.514421816597341 ], [ 127.811706459930278, 35.510233003402831 ], [ 127.809789032666075, 35.510177392936207 ], [ 127.807683012575055, 35.511982350942525 ], [ 127.804867840729813, 35.512325627184879 ], [ 127.801750653939109, 35.514225549902456 ] ] ] } },
{ "type": "Feature", "properties": { "wid": "15-368112-2-039", "name": "관덕1습지", "area_ha": 34.613750162471518, "bbox5186": "349494.0,426279.2,352060.4,427024.8" }, "geometry": { "type": "Polygon", "coordinates": [ [ [ 128.684279838846351, 36.4228089297266 ], [ 128.679106768238654, 36.426080551462178 ], [ 128.674352190313869, 36.426533890825802 ], [ 128.667424751805413, 36.428514067241508 ], [ 128.667051300172375, 36.429769047564939 ], [ 128.674798141465516, 36.427517893890794 ], [ 128.68001717197771, 36.427090438034021 ], [ 128.68542277413809, 36.424001111086127 ], [ 128.691552357880568, 36.425164167991461 ], [ 128.694254655802496, 36.42771186316341 ], [ 128.695616657979571, 36.427431218110968 ], [ 128.692600550877103, 36.424399633672365 ], [ 128.688542833674745, 36.423248788986939 ], [ 128.684279838846351, 36.4228089297266 ] ] ] } },
{ "type": "Feature", "properties": { "wid": "20-376154-5-301", "name": "어은천하구습지(화성)", "area_ha": 34.569176423261631, "bbox5186": "176362.5,495793.9,179006.9,497435.6" }, "geometry": { "type": "Polygon", "coordinates": [ [ [ 126.734184132406398, 37.074931632529697 ], [ 126.734999359313349, 37.075598445104625 ], [ 126.741683368708365, 37.070403210738341 ], [ 126.74482318685331, 37.069989207588769 ], [ 126.750709022238752, 37.067485036258063 ], [ 126.75183865843033, 37.064854478407 ], [ 126.754100374999368, 37.06294351278126 ], [ 126.763591347109909, 37.061811238633581 ], [ 126.763965310679367, 37.060866759885741 ], [ 126.753421581849594, 37.062147359512913 ], [ 126.750773074336138, 37.064404412503158 ], [ 126.750057240099082, 37.066679910403579 ], [ 126.744392120543225, 37.069100726167989 ], [ 126.74112852661483, 37.069549589662117 ], [ 126.734184132406398, 37.074931632529697 ] ] ] } },
{ "type": "Feature", "properties": { "wid": "15-357103-2-062", "name": "호곡습지", "area_ha": 34.50947057443355, "bbox5186": "230781.9,295173.9,232241.4,296851.3" }, "geometry": { "type": "Polygon", "coordinates": [ [ [ 127.339486752990183, 35.267737212234266 ], [ 127.346653049190607, 35.265322036873982 ], [ 127.349930368022541, 35.263055651526841 ], [ 127.352148886125391, 35.25664249748398 ], [ 127.354275875913586, 35.253011100763963 ], [ 127.352907076608702, 35.252579753013649 ], [ 127.35036436461742, 35.256396203730326 ], [ 127.348530581344164, 35.262351239383058 ], [ 127.344772344528636, 35.264463026832701 ], [ 127.33829315882933, 35.266136173023384 ], [ 127.339486752990183, 35.267737212234266 ] ] ] } },
{ "type": "Feature", "properties": { "wid": "13-368063-2-023", "name": "달지습지", "area_ha": 34.450198716024126, "bbox5186": "314527.2,442550.1,315716.4,444271.0" }, "geometry": { "type": "Polygon", "coordinates": [ [ [ 128.284941710571189, 36.577050957090677 ], [ 128.282323535074937, 36.581475524324958 ], [ 128.281281911368211, 36.586863469145662 ], [ 128.279774074252003, 36.58940269217544 ], [ 128.281410919055787, 36.589935662827557 ], [ 128.281978834358625, 36.588939269395148 ], [ 128.285421776758994, 36.579052486245949 ], [ 128.288791538179538, 36.577113917060949 ], [ 128.29283972592026, 36.57607438298632 ], [ 128.292026130117478, 36.574314385241379 ], [ 128.284941710571189, 36.577050957090677 ] ] ] } },
{ "type": "Feature", "properties": { "wid": "20-346101-5-301", "name": "의신천하구습지", "area_ha": 34.280727305047868, "bbox5186": "135124.9,202549.2,137149.7,203984.3" }, "geometry": { "type": "Polygon", "coordinates": [ [ [ 126.294210956801109, 34.429068386376095 ], [ 126.299583482934423, 34.427967962652772 ], [ 126.304202096711947, 34.424489511672675 ], [ 126.311114275635248, 34.422230857082958 ], [ 126.313560750540177, 34.423696840970322 ], [ 126.316311226650299, 34.420168663940437 ], [ 126.310643588309418, 34.416225477485597 ], [ 126.310121860092011, 34.416840928034816 ], [ 126.310784341771338, 34.421740414881278 ], [ 126.303831869041474, 34.424139447211481 ], [ 126.299281171472856, 34.427562384070448 ], [ 126.294210956801109, 34.429068386376095 ] ] ] } },
{ "type": "Feature", "properties": { "wid": "13-377163-2-059", "name": "탑평습지", "area_ha": 34.16744452482429, "bbox5186": "275421.2,491960.0,276218.0,492922.3" }, "geometry": { "type": "Polygon", "coordinates": [ [ [ 127.847581352154819, 37.0244833827769 ], [ 127.84913768777956, 37.026292379105939 ], [ 127.850462272106554, 37.026258564515139 ], [ 127.849857702083511, 37.027472106257171 ], [ 127.850721497754023, 37.028038984607967 ], [ 127.849850031122571, 37.028296622550478 ], [ 127.855757303102493, 37.032140394662129 ], [ 127.856608427453324, 37.030970096879635 ], [ 127.856011872297444, 37.030288703200434 ], [ 127.856189847678493, 37.027221145550477 ], [ 127.854300010796806, 37.027158177480835 ], [ 127.852593336589976, 37.024479013957659 ], [ 127.852884577843923, 37.023490270119389 ], [ 127.847581352154819, 37.0244833827769 ] ] ] } },
{ "type": "Feature", "properties": { "wid": "11-358093-2-042", "name": "청현리하도습지", "area_ha": 33.88837793951658, "bbox5186": "290696.4,303201.6,291678.4,304868.9" }, "geometry": { "type": "Polygon", "coordinates": [ [ [ 128.008281582940242, 35.326722327152723 ], [ 127.998894675758564, 35.321324918202144 ], [ 127.997431378602926, 35.322610521557017 ], [ 128.005273824971681, 35.327352139436577 ], [ 128.00268765035969, 35.336029585848962 ], [ 128.003825122083555, 35.33631126111684 ], [ 128.00798620602859, 35.328176765320052 ], [ 128.008281582940242, 35.326722327152723 ] ] ] } },
{ "type": "Feature", "properties": { "wid": "15-377133-2-066", "name": "봉남리습지", "area_ha": 33.760555434442203, "bbox5186": "206057.3,499728.6,207715.3,500513.0" }, "geometry": { "type": "Polygon", "coordinates": [ [ [ 127.074330696120228, 37.097989727750537 ], [ 127.06856517065512, 37.101237042900522 ], [ 127.068143188289341, 37.103604388180429 ], [ 127.070525697646545, 37.103399354076188 ], [ 127.075382052550751, 37.099838053823859 ], [ 127.081526605707211, 37.099010413341929 ], [ 127.086788019617458, 37.097229774915441 ], [ 127.086395760016956, 37.096524525596827 ], [ 127.083578074784597, 37.097655582327242 ], [ 127.080205850838411, 37.097836322418758 ], [ 127.080003750866823, 37.097128220028601 ], [ 127.074330696120228, 37.097989727750537 ] ] ] } },
{ "type": "Feature", "properties": { "wid": "13-356124-4-064", "name": "삼지보습지", "area_ha": 33.739146377507659, "bbox5186": "193521.9,296603.3,195059.4,297589.8" }, "geometry": { "type": "Polygon", "coordinates": [ [ [ 126.928805688235599, 35.265957206891493 ], [ 126.93196076335127, 35.268769410958249 ], [ 126.944488937809425, 35.274857167468753 ], [ 126.945697853904207, 35.273384021160695 ], [ 126.931598145906264, 35.266076893760321 ], [ 126.928805688235599, 35.265957206891493 ] ] ] } },
{ "type": "Feature", "properties": { "wid": "15-357092-2-030", "name": "물우리습지", "area_ha": 33.708119751074982, "bbox5186": "213531.9,321389.3,214621.0,322719.4" }, "geometry": { "type": "Polygon", "coordinates": [ [ [ 127.150389952085575, 35.491093607610409 ], [ 127.149135640240644, 35.49457872332723 ], [ 127.150069574475367, 35.497785322017023 ], [ 127.152935153770997, 35.501272489274037 ], [ 127.153616103026621, 35.500584827782085 ], [ 127.15173526675062, 35.496798108922768 ], [ 127.151707559660082, 35.493785069390377 ], [ 127.157441703551868, 35.492633061654473 ], [ 127.161128832732075, 35.489662887822028 ], [ 127.159716357773604, 35.489275400005035 ], [ 127.155100126400228, 35.491660877894077 ], [ 127.150389952085575, 35.491093607610409 ] ] ] } },
{ "type": "Feature", "properties": { "wid": "13-368084-4-016", "name": "뱃티재습지", "area_ha": 33.678045031581782, "bbox5186": "373025.7,446037.1,373683.5,447315.4" }, "geometry": { "type": "Polygon", "coordinates": [ [ [ 128.938490899442485, 36.599330707184819 ], [ 128.936872626920859, 36.596997325805177 ], [ 128.934811108871912, 36.597760626978122 ], [ 128.93363503518313, 36.598812259229327 ], [ 128.935975104288417, 36.602664744571008 ], [ 128.938445422061278, 36.604255371248058 ], [ 128.940623587502415, 36.608453668775034 ], [ 128.940528019717533, 36.607003728438798 ], [ 128.941188822019313, 36.606928091134861 ], [ 128.940615051706629, 36.603876770526647 ], [ 128.938957660885023, 36.600210589409286 ], [ 128.937677035624716, 36.599896255455619 ], [ 128.938490899442485, 36.599330707184819 ] ] ] } },
{ "type": "Feature", "properties": { "wid": "13-379094-2-037", "name": "광태리습지", "area_ha": 33.665689861202139, "bbox5186": "397937.5,528265.3,398819.1,530995.9" }, "geometry": { "type": "Polygon", "coordinates": [ [ [ 129.233382211739951, 37.334018844226158 ], [ 129.239046357341863, 37.338373633790525 ], [ 129.241688828915017, 37.343689912914421 ], [ 129.241918548758235, 37.352019281008118 ], [ 129.237190269974064, 37.356500464058506 ], [ 129.237700583150598, 37.357115993246431 ], [ 129.243245826357651, 37.353277810273113 ], [ 129.242955587449671, 37.342465062942686 ], [ 129.243553458864113, 37.341588908345436 ], [ 129.243224975912881, 37.340105140458697 ], [ 129.242809787728334, 37.339422967550234 ], [ 129.243011254353064, 37.341909085729462 ], [ 129.240668915318537, 37.33872035485637 ], [ 129.235274125057487, 37.334740711964855 ], [ 129.234614283485712, 37.332575831229917 ], [ 129.233382211739951, 37.334018844226158 ] ] ] } },
{ "type": "Feature", "properties": { "wid": "20-347064-5-301", "name": "포두면하구습지", "area_ha": 33.541402433485267, "bbox5186": "235161.1,221666.0,236513.6,223539.6" }, "geometry": { "type": "Polygon", "coordinates": [ [ [ 127.398010616701896, 34.591063856390242 ], [ 127.395580673300373, 34.589856620822616 ], [ 127.393005246669276, 34.594080959899685 ], [ 127.387810831452015, 34.599657634719051 ], [ 127.387102552883917, 34.602544476661762 ], [ 127.385006864073617, 34.604591054703036 ], [ 127.385297299060937, 34.605866569526633 ], [ 127.383335633436118, 34.605788914988992 ], [ 127.385515279017454, 34.60608853533757 ], [ 127.385805193368171, 34.606777216402186 ], [ 127.390680772595005, 34.598874146684857 ], [ 127.398010616701896, 34.591063856390242 ] ] ] } },
{ "type": "Feature", "properties": { "wid": "11-357082-2-021", "name": "월평리보습지", "area_ha": 32.974185137250295, "bbox5186": "284542.6,342146.8,285358.5,343860.4" }, "geometry": { "type": "Polygon", "coordinates": [ [ [ 127.938595747353915, 35.682211951452068 ], [ 127.933972393209515, 35.687478720705421 ], [ 127.93524441267914, 35.688279061416303 ], [ 127.936919844067702, 35.686920478706909 ], [ 127.942113864931784, 35.679287877488022 ], [ 127.942872136673415, 35.67783003918386 ], [ 127.941708666814762, 35.673004876520494 ], [ 127.939857318405615, 35.67279943928169 ], [ 127.939589460280246, 35.67962934952353 ], [ 127.938595747353915, 35.682211951452068 ] ] ] } },
{ "type": "Feature", "properties": { "wid": "14-359014-2-034", "name": "이조천하상습지", "area_ha": 32.959429059740899, "bbox5186": "392819.2,351629.5,397181.2,352755.7" }, "geometry": { "type": "Polygon", "coordinates": [ [ [ 129.143921624479702, 35.747044986364067 ], [ 129.135519184057642, 35.748667751115555 ], [ 129.131638544180589, 35.748428439516211 ], [ 129.133621251552654, 35.749204240126325 ], [ 129.14373126531612, 35.747818794855952 ], [ 129.152925696975529, 35.752135539319653 ], [ 129.156308226003318, 35.752750727782832 ], [ 129.162962322054454, 35.749468473142564 ], [ 129.170651971799941, 35.748318010469234 ], [ 129.176125190124623, 35.744000303604999 ], [ 129.179705805107716, 35.743010061795886 ], [ 129.177564383140407, 35.742219879167976 ], [ 129.170796158158367, 35.747034093550965 ], [ 129.162976419841812, 35.748927579950362 ], [ 129.155904908907047, 35.752019085010744 ], [ 129.153275032157836, 35.751726506809945 ], [ 129.149747705252963, 35.749260322867322 ], [ 129.143921624479702, 35.747044986364067 ] ] ] } },
{ "type": "Feature", "properties": { "wid": "14-369134-2-025", "name": "기계천2습지", "area_ha": 32.752093942087456, "bbox5186": "397456.1,387225.9,399388.1,388554.0" }, "geometry": { "type": "Polygon", "coordinates": [ [ [ 129.197412136393353, 36.067031381097742 ], [ 129.191856166285305, 36.073934045966297 ], [ 129.193187665469168, 36.074640403796735 ], [ 129.196025354407766, 36.070240106718884 ], [ 129.200083958932851, 36.066773311839249 ], [ 129.20513430721391, 36.063862984200583 ], [ 129.212487499578202, 36.064024761073092 ], [ 129.212979550781881, 36.062535304174745 ], [ 129.206427093730412, 36.062430893696892 ], [ 129.203523297319776, 36.063317773947063 ], [ 129.197412136393353, 36.067031381097742 ] ] ] } },
{ "type": "Feature", "properties": { "wid": "20-347061-5-302", "name": "사정천하구습지", "area_ha": 32.705306035095198, "bbox5186": "229093.6,229814.3,232317.5,230759.4" }, "geometry": { "type": "Polygon", "coordinates": [ [ [ 127.352613091536355, 34.671732906996077 ], [ 127.328184062607988, 34.669340223484873 ], [ 127.320924219642748, 34.665954858037196 ], [ 127.318361590367033, 34.666280682311957 ], [ 127.318789653840639, 34.66353291187864 ], [ 127.317412435168492, 34.665143751949167 ], [ 127.319022608651778, 34.667668054843602 ], [ 127.317810018538168, 34.668406786996634 ], [ 127.319736600812035, 34.669774623677469 ], [ 127.320556374643189, 34.668742139200013 ], [ 127.322438018815461, 34.668354070353416 ], [ 127.328237792464321, 34.67051463848545 ], [ 127.33819345162118, 34.670427031038123 ], [ 127.346901179628162, 34.671975552711473 ], [ 127.352613091536355, 34.671732906996077 ] ] ] } },
{ "type": "Feature", "properties": { "wid": "20-347101-5-301", "name": "도화천하구습지", "area_ha": 32.620662786586834, "bbox5186": "229242.7,208146.8,229924.5,211456.4" }, "geometry": { "type": "Polygon", "coordinates": [ [ [ 127.323327555872098, 34.470527521285454 ], [ 127.318653614577954, 34.468213134708293 ], [ 127.318295646145245, 34.470253163380008 ], [ 127.323114948637325, 34.47184691461576 ], [ 127.324128978425108, 34.474550401780192 ], [ 127.323357508375111, 34.474906717478461 ], [ 127.322710200087855, 34.477262129832908 ], [ 127.32414827666814, 34.477288973781945 ], [ 127.323353929237186, 34.48075086422314 ], [ 127.324802531177255, 34.483758784099273 ], [ 127.322812278876313, 34.485111732305299 ], [ 127.323522162329425, 34.485133292903924 ], [ 127.32285117956765, 34.486731543314903 ], [ 127.322861245919228, 34.49160387581351 ], [ 127.32411925945847, 34.495397467063462 ], [ 127.323413024352163, 34.498035186667131 ], [ 127.324785246201529, 34.4964305667053 ], [ 127.323335185255829, 34.491691866596376 ], [ 127.323367775231219, 34.48687801595711 ], [ 127.325468676640881, 34.483733574017478 ], [ 127.324007579767326, 34.480315533070247 ], [ 127.325743603482209, 34.477163937243958 ], [ 127.324897169875811, 34.476719969625435 ], [ 127.325127045234268, 34.475085920207974 ], [ 127.324300532823926, 34.47443906760661 ], [ 127.325014807525761, 34.474212707747746 ], [ 127.32497351774127, 34.473108533620689 ], [ 127.323653925174284, 34.472175421730697 ], [ 127.323327555872098, 34.470527521285454 ] ] ] } },
{ "type": "Feature", "properties": { "wid": "15-369104-2-037", "name": "금호리습지", "area_ha": 32.584652297771903, "bbox5186": "412658.6,423167.5,413317.3,424590.2" }, "geometry": { "type": "Polygon", "coordinates": [ [ [ 129.37320243369075, 36.385108251595803 ], [ 129.370306753688169, 36.389189399221785 ], [ 129.370145891966274, 36.39126746876444 ], [ 129.374867518884514, 36.395849527148648 ], [ 129.376750633943686, 36.394195756541613 ], [ 129.373128859978692, 36.391519933457445 ], [ 129.372498940089343, 36.390080132131388 ], [ 129.375006324184284, 36.386313880482177 ], [ 129.374727147677419, 36.385524801142097 ], [ 129.37513091543741, 36.386124005395075 ], [ 129.377240465778215, 36.383205302933071 ], [ 129.375254974630792, 36.383024090168711 ], [ 129.374610469674082, 36.384912677838578 ], [ 129.37320243369075, 36.385108251595803 ] ] ] } },
{ "type": "Feature", "properties": { "wid": "15-357103-2-054", "name": "금곡습지(곡성)", "area_ha": 32.362263065374343, "bbox5186": "225851.0,301385.5,227166.7,302062.7" }, "geometry": { "type": "Polygon", "coordinates": [ [ [ 127.293661837142523, 35.310590371491884 ], [ 127.28426583291747, 35.312809372630362 ], [ 127.284535795061231, 35.31485115822646 ], [ 127.287825821325271, 35.314810022657092 ], [ 127.294404948528609, 35.312958169150441 ], [ 127.298725757085151, 35.310663595055544 ], [ 127.298598734116041, 35.308713423704226 ], [ 127.294617664454975, 35.311273059795923 ], [ 127.293661837142523, 35.310590371491884 ] ] ] } },
{ "type": "Feature", "properties": { "wid": "15-357141-2-018", "name": "석곡습지", "area_ha": 32.182102759550311, "bbox5186": "223502.5,280977.4,225066.0,281882.5" }, "geometry": { "type": "Polygon", "coordinates": [ [ [ 127.262773061264937, 35.131365423204066 ], [ 127.258181283140161, 35.130303573825209 ], [ 127.25786687368182, 35.131499447695788 ], [ 127.260902401711775, 35.132753954560272 ], [ 127.265780270543758, 35.133000243245888 ], [ 127.268071804897048, 35.13183424403595 ], [ 127.271785096055197, 35.127330887856459 ], [ 127.275000188578645, 35.12617440033636 ], [ 127.274999532112929, 35.124999928141264 ], [ 127.27313607637069, 35.124825672178147 ], [ 127.269322589939122, 35.127165126152754 ], [ 127.266691582155801, 35.130501472646877 ], [ 127.262773061264937, 35.131365423204066 ] ] ] } },
{ "type": "Feature", "properties": { "wid": "13-367101-2-053", "name": "도암습지", "area_ha": 32.039339098097713, "bbox5186": "224071.6,427018.9,225604.1,429712.5" }, "geometry": { "type": "Polygon", "coordinates": [ [ [ 127.283144098315759, 36.450067179592864 ], [ 127.273697061880526, 36.458587173108207 ], [ 127.271744920242583, 36.463101044216813 ], [ 127.268562958065573, 36.465327805497267 ], [ 127.272419926910032, 36.463112121700846 ], [ 127.273962616869198, 36.459234498968172 ], [ 127.275771003672617, 36.457031500350155 ], [ 127.284743485111917, 36.450626601718426 ], [ 127.285423096110904, 36.449487711525038 ], [ 127.28554773020393, 36.445145610396459 ], [ 127.284636619143782, 36.441831504464716 ], [ 127.285571630587043, 36.441014619369049 ], [ 127.28285725433669, 36.442338583107563 ], [ 127.283790959124019, 36.446362765354742 ], [ 127.283144098315759, 36.450067179592864 ] ] ] } },
{ "type": "Feature", "properties": { "wid": "15-346082-2-021", "name": "한들보1습지", "area_ha": 31.920285570665733, "bbox5186": "190065.8,231971.4,190785.3,233723.0" }, "geometry": { "type": "Polygon", "coordinates": [ [ [ 126.893211124770744, 34.6907294993199 ], [ 126.893868722242701, 34.688541404106125 ], [ 126.896136617394163, 34.686675596257594 ], [ 126.897845956975772, 34.686364244834351 ], [ 126.897649876945678, 34.685192221841454 ], [ 126.899445054979509, 34.683352996290033 ], [ 126.89197920808688, 34.68720923456079 ], [ 126.891585750330506, 34.689337159518274 ], [ 126.894107047430268, 34.696781569846934 ], [ 126.894864237608473, 34.69784681174567 ], [ 126.898142412697837, 34.699141341704198 ], [ 126.897806564172484, 34.697106538018481 ], [ 126.895366798561071, 34.694847291806028 ], [ 126.893211124770744, 34.6907294993199 ] ] ] } },
{ "type": "Feature", "properties": { "wid": "13-377123-2-012", "name": "간현리습지", "area_ha": 31.890563823962434, "bbox5186": "273514.4,527796.9,273825.3,529664.2" }, "geometry": { "type": "Polygon", "coordinates": [ [ [ 127.830488319046026, 37.346549790940713 ], [ 127.82978465094466, 37.357058628858887 ], [ 127.831275849863871, 37.360757585301755 ], [ 127.830873479321482, 37.36337151631114 ], [ 127.832878350309613, 37.361644610823816 ], [ 127.833318390884784, 37.359279984884239 ], [ 127.832024441052965, 37.34871131738165 ], [ 127.831069016107776, 37.3468106079603 ], [ 127.830633545310477, 37.348566119632039 ], [ 127.830488319046026, 37.346549790940713 ] ] ] } },
{ "type": "Feature", "properties": { "wid": "13-367102-2-074", "name": "노산습지", "area_ha": 31.860360117737525, "bbox5186": "239144.8,427952.2,240566.3,428795.6" }, "geometry": { "type": "Polygon", "coordinates": [ [ [ 127.442346835019165, 36.449845624489328 ], [ 127.436677541146139, 36.455715913071408 ], [ 127.438164855683453, 36.456562957175215 ], [ 127.442700033083469, 36.452327004609657 ], [ 127.446624328209239, 36.450576756418869 ], [ 127.452200675726743, 36.450601720855147 ], [ 127.452495748821704, 36.448974914447916 ], [ 127.446183229339525, 36.448932891894586 ], [ 127.442346835019165, 36.449845624489328 ] ] ] } },
{ "type": "Feature", "properties": { "wid": "15-387141-3-002", "name": "냉정습지", "area_ha": 31.783304045307574, "bbox5186": "223733.9,619085.5,224413.0,619953.6" }, "geometry": { "type": "Polygon", "coordinates": [ [ [ 127.274148110372209, 38.171624385316647 ], [ 127.270863128442144, 38.17515452875395 ], [ 127.27346067155365, 38.179446701597087 ], [ 127.278607398268178, 38.173593168873957 ], [ 127.274148110372209, 38.171624385316647 ] ] ] } },
{ "type": "Feature", "properties": { "wid": "15-377032-2-048", "name": "용산습지(춘천)", "area_ha": 31.773838569535314, "bbox5186": "260166.1,594916.6,261043.4,595664.0" }, "geometry": { "type": "Polygon", "coordinates": [ [ [ 127.694074220445188, 37.952154666516883 ], [ 127.685803559524615, 37.955682524060009 ], [ 127.68462431999238, 37.958943516235252 ], [ 127.692972154664389, 37.956681980953981 ], [ 127.694562059176306, 37.954180660254039 ], [ 127.694520928284732, 37.952591679541705 ], [ 127.694074220445188, 37.952154666516883 ] ] ] } },
{ "type": "Feature", "properties": { "wid": "14-357082-2-004", "name": "대산습지(거창)", "area_ha": 31.738588866932002, "bbox5186": "285059.1,339105.7,286500.6,340107.0" }, "geometry": { "type": "Polygon", "coordinates": [ [ [ 127.948189057579285, 35.647620920834996 ], [ 127.939217056481013, 35.648122921502271 ], [ 127.939279542310359, 35.648838925881357 ], [ 127.943578454102479, 35.648589021764387 ], [ 127.946521907339474, 35.649503220775991 ], [ 127.943995196853592, 35.653790455201687 ], [ 127.946180652622076, 35.654366323854084 ], [ 127.94701432719539, 35.651838084182188 ], [ 127.950092304210472, 35.648153879303145 ], [ 127.955108497300941, 35.646019705986809 ], [ 127.954261646001612, 35.645278384225676 ], [ 127.950005605690635, 35.645867199020344 ], [ 127.948189057579285, 35.647620920834996 ] ] ] } },
{ "type": "Feature", "properties": { "wid": "14-369134-2-023", "name": "기계천1습지", "area_ha": 31.738318242693342, "bbox5186": "399791.3,386187.7,401580.7,387085.4" }, "geometry": { "type": "Polygon", "coordinates": [ [ [ 129.237027169181061, 36.052509168551673 ], [ 129.217383795833825, 36.060037353312488 ], [ 129.218982481939605, 36.060933099934509 ], [ 129.222468645383998, 36.059101596340568 ], [ 129.232728587923077, 36.05592128880641 ], [ 129.236177240884729, 36.054234254435904 ], [ 129.237027169181061, 36.052509168551673 ] ] ] } },
{ "type": "Feature", "properties": { "wid": "14-357152-2-027", "name": "영당습지", "area_ha": 31.489238988517464, "bbox5186": "256588.3,286950.0,257527.1,287913.8" }, "geometry": { "type": "Polygon", "coordinates": [ [ [ 127.628448389518283, 35.179538839075249 ], [ 127.622959683436335, 35.18188814015268 ], [ 127.621877537618715, 35.18308436916783 ], [ 127.621289527197888, 35.185739123451043 ], [ 127.624828183831639, 35.186043597635425 ], [ 127.628050040349535, 35.181985334463143 ], [ 127.630018417989277, 35.180839425609861 ], [ 127.631538087325509, 35.178177971692101 ], [ 127.629961697889996, 35.177329909216098 ], [ 127.628448389518283, 35.179538839075249 ] ] ] } },
{ "type": "Feature", "properties": { "wid": "15-357031-2-011", "name": "상굴암습지", "area_ha": 31.483077140960887, "bbox5186": "252903.1,376740.8,254181.2,378118.4" }, "geometry": { "type": "Polygon", "coordinates": [ [ [ 127.586649802813582, 35.987566559277411 ], [ 127.593046938825125, 35.988439932849516 ], [ 127.598189778951365, 35.990897261331696 ], [ 127.59935947035693, 35.992623567366458 ], [ 127.598545735394296, 35.995298844260638 ], [ 127.598975297892991, 35.997988641123719 ], [ 127.599451123173054, 35.999166860663777 ], [ 127.600909843028361, 35.999060428179234 ], [ 127.600582667418323, 35.991745970633104 ], [ 127.599347101922646, 35.989522532053257 ], [ 127.595956334891227, 35.98765046615874 ], [ 127.592694493098364, 35.986982598451888 ], [ 127.586647565254381, 35.986814951939571 ], [ 127.586649802813582, 35.987566559277411 ] ] ] } },
{ "type": "Feature", "properties": { "wid": "14-358132-2-021", "name": "신담늪", "area_ha": 31.474642221306219, "bbox5186": "307120.0,279968.9,308387.0,282047.1" }, "geometry": { "type": "Polygon", "coordinates": [ [ [ 128.18732591331252, 35.110833836886002 ], [ 128.183128373376007, 35.117361543973466 ], [ 128.187234317408752, 35.121379946067677 ], [ 128.186789033293337, 35.124335161044655 ], [ 128.18305919544207, 35.127976825778539 ], [ 128.175300341621011, 35.127947771628804 ], [ 128.17524283795899, 35.128755893880637 ], [ 128.183186985847726, 35.128999453666879 ], [ 128.18685733407915, 35.126169536748961 ], [ 128.188766413621011, 35.121957982753791 ], [ 128.1845450864719, 35.116947528844506 ], [ 128.185095071705945, 35.114932252448916 ], [ 128.188883301825314, 35.110901491098581 ], [ 128.188124276558938, 35.110220339681369 ], [ 128.18732591331252, 35.110833836886002 ] ] ] } },
{ "type": "Feature", "properties": { "wid": "20-366113-5-301", "name": "남포천하구습지", "area_ha": 31.398125939686189, "bbox5186": "157619.1,411075.4,159732.7,411985.8" }, "geometry": { "type": "Polygon", "coordinates": [ [ [ 126.551666250362686, 36.305040643770226 ], [ 126.548464988095262, 36.303156846270063 ], [ 126.536017134472544, 36.29985592827844 ], [ 126.528732498635875, 36.296748106012487 ], [ 126.528181336829107, 36.297133439627203 ], [ 126.528875500073084, 36.299441394296387 ], [ 126.533873721461163, 36.302149203218178 ], [ 126.535359111528635, 36.300428325427816 ], [ 126.551666250362686, 36.305040643770226 ] ] ] } },
{ "type": "Feature", "properties": { "wid": "14-357011-2-062", "name": "신천습지(완주)", "area_ha": 31.373575924406275, "bbox5186": "209298.3,366453.1,210596.7,367208.7" }, "geometry": { "type": "Polygon", "coordinates": [ [ [ 127.102991144618116, 35.895487953472461 ], [ 127.105232767757741, 35.896152934525468 ], [ 127.104601768383731, 35.89810829437895 ], [ 127.111982848298112, 35.900159188982791 ], [ 127.115443065083213, 35.90228646308239 ], [ 127.117378325904411, 35.899325789583202 ], [ 127.102991144618116, 35.895487953472461 ] ] ] } },
{ "type": "Feature", "properties": { "wid": "14-366083-2-016", "name": "하장대리습지", "area_ha": 31.302491359407462, "bbox5186": "178969.9,434985.4,180066.2,438456.6" }, "geometry": { "type": "Polygon", "coordinates": [ [ [ 126.765225873028726, 36.513270351911487 ], [ 126.769116832816479, 36.518769576911737 ], [ 126.767773200697476, 36.525676106751213 ], [ 126.772813066220962, 36.535301100301076 ], [ 126.773561289539742, 36.535286302548201 ], [ 126.7763935306332, 36.539828038414065 ], [ 126.776739548585155, 36.541442646573216 ], [ 126.775716385714247, 36.544217169163268 ], [ 126.777109915896077, 36.543916995643244 ], [ 126.777390005723078, 36.53932255501595 ], [ 126.770240101885264, 36.529678394399276 ], [ 126.769393261093455, 36.526821910936754 ], [ 126.769290437965935, 36.524975251192053 ], [ 126.772174548018626, 36.523420899890745 ], [ 126.76916342096041, 36.524509109654403 ], [ 126.7699656986115, 36.51826927452553 ], [ 126.766026255293795, 36.512917770889615 ], [ 126.765225873028726, 36.513270351911487 ] ] ] } },
{ "type": "Feature", "properties": { "wid": "14-378103-2-079", "name": "금산습지", "area_ha": 31.113368029034767, "bbox5186": "312934.0,518642.0,314246.4,519242.2" }, "geometry": { "type": "Polygon", "coordinates": [ [ [ 128.287867793808857, 37.259970986597267 ], [ 128.275889671686656, 37.262227010727074 ], [ 128.273136228918389, 37.263659485357202 ], [ 128.274821309378751, 37.265519897739743 ], [ 128.278869934237576, 37.263881489473846 ], [ 128.286435278799559, 37.262433627952795 ], [ 128.287867793808857, 37.259970986597267 ] ] ] } },
{ "type": "Feature", "properties": { "wid": "14-376163-3-007", "name": "화옹방조제", "area_ha": 31.044808452517849, "bbox5186": "177116.8,495788.8,178171.7,496593.5" }, "geometry": { "type": "Polygon", "coordinates": [ [ [ 126.752006220371399, 37.062083136265478 ], [ 126.750600494539441, 37.060793460250714 ], [ 126.742692936224827, 37.067139028378641 ], [ 126.746634469095383, 37.068035967452879 ], [ 126.750071179550488, 37.06654387822072 ], [ 126.750703775178536, 37.064278117050947 ], [ 126.754572084750805, 37.061710923970388 ], [ 126.752006220371399, 37.062083136265478 ] ] ] } },
{ "type": "Feature", "properties": { "wid": "14-358063-2-061", "name": "내천습지", "area_ha": 30.967263698604192, "bbox5186": "312519.1,334223.4,313334.7,335441.6" }, "geometry": { "type": "Polygon", "coordinates": [ [ [ 128.242337668126908, 35.603095777275399 ], [ 128.241816507742044, 35.609431348161699 ], [ 128.243412993681517, 35.609618558765995 ], [ 128.245880159397103, 35.601046765482955 ], [ 128.250666094822805, 35.59970933502764 ], [ 128.250639144127177, 35.598615528598209 ], [ 128.245486105894997, 35.59861843396029 ], [ 128.244111842121896, 35.599870914034796 ], [ 128.242337668126908, 35.603095777275399 ] ] ] } },
{ "type": "Feature", "properties": { "wid": "20-346092-5-305", "name": "진도천하구습지", "area_ha": 30.895265338927064, "bbox5186": "127843.6,208707.8,130322.9,210139.6" }, "geometry": { "type": "Polygon", "coordinates": [ [ [ 126.214502441341409, 34.482001340590507 ], [ 126.215037189498119, 34.483252355094706 ], [ 126.218353827548, 34.480601775766026 ], [ 126.220386697999729, 34.474694164255681 ], [ 126.222721906127489, 34.472654675607494 ], [ 126.224972935151925, 34.471937909241092 ], [ 126.226437465009326, 34.473292123569159 ], [ 126.227191820892642, 34.476946792234592 ], [ 126.235343931532839, 34.483603758777313 ], [ 126.238146940739327, 34.484218013035424 ], [ 126.241478020390161, 34.483504068017744 ], [ 126.240698338252059, 34.4825698502055 ], [ 126.238501311725898, 34.483795647702131 ], [ 126.235452790235669, 34.483126681435863 ], [ 126.227778811365667, 34.476798160670654 ], [ 126.2269847365516, 34.472372519873758 ], [ 126.225032823882174, 34.471228862051511 ], [ 126.223162110377629, 34.47142972431336 ], [ 126.220501978012663, 34.473183199356932 ], [ 126.218338142527685, 34.476214413544326 ], [ 126.217798006052647, 34.479505686132406 ], [ 126.214502441341409, 34.482001340590507 ] ] ] } },
{ "type": "Feature", "properties": { "wid": "14-357154-2-046", "name": "하동습지", "area_ha": 30.653733818646682, "bbox5186": "267350.5,273709.5,268258.7,274423.5" }, "geometry": { "type": "Polygon", "coordinates": [ [ [ 127.748260459626437, 35.059272696014403 ], [ 127.747149784129164, 35.057321813414205 ], [ 127.74468716847025, 35.058097694981122 ], [ 127.740198960525944, 35.060232519342414 ], [ 127.73833772535184, 35.062924473726937 ], [ 127.741573996867999, 35.063791657411826 ], [ 127.748260459626437, 35.059272696014403 ] ] ] } },
{ "type": "Feature", "properties": { "wid": "14-378113-2-054", "name": "진탄습지", "area_ha": 30.631784207471345, "bbox5186": "336663.0,521460.3,338588.0,522320.2" }, "geometry": { "type": "Polygon", "coordinates": [ [ [ 128.556323354074379, 37.289297319667988 ], [ 128.562736254069392, 37.283633230333365 ], [ 128.561668124976023, 37.283070722727999 ], [ 128.555356986762519, 37.288311773232834 ], [ 128.550188402383867, 37.288824661897003 ], [ 128.544818826983118, 37.286791160128153 ], [ 128.54245431072377, 37.282319048243053 ], [ 128.541008634524502, 37.282530685294248 ], [ 128.543398530253626, 37.287310620881854 ], [ 128.550765321710571, 37.289957705347618 ], [ 128.556323354074379, 37.289297319667988 ] ] ] } },
{ "type": "Feature", "properties": { "wid": "20-346073-5-301", "name": "남천하구습지(해남)", "area_ha": 30.590243320331414, "bbox5186": "155451.8,217021.3,158785.4,217822.2" }, "geometry": { "type": "Polygon", "coordinates": [ [ [ 126.514654814515708, 34.548977945688357 ], [ 126.521764451084451, 34.550167953612203 ], [ 126.527884331242888, 34.553216097863974 ], [ 126.534126735832871, 34.552542362311243 ], [ 126.546815046110041, 34.553394200636873 ], [ 126.55094107840354, 34.555022121090651 ], [ 126.548095336429242, 34.553176290400586 ], [ 126.545971282165112, 34.552878146789979 ], [ 126.533840699912588, 34.551865191204001 ], [ 126.527190858328808, 34.552347131740866 ], [ 126.519198840358683, 34.547681625026392 ], [ 126.514654814515708, 34.548977945688357 ] ] ] } },
{ "type": "Feature", "properties": { "wid": "13-356152-2-008", "name": "길남보습지", "area_ha": 30.553326126440155, "bbox5186": "175477.6,292438.1,176103.0,293962.6" }, "geometry": { "type": "Polygon", "coordinates": [ [ [ 126.731197691057844, 35.228136817782193 ], [ 126.731825114785963, 35.232753099900513 ], [ 126.730597388294939, 35.236271929222852 ], [ 126.731158642334194, 35.238308413611101 ], [ 126.732041612411592, 35.239742608063501 ], [ 126.733966089280045, 35.23951160244598 ], [ 126.736689619119588, 35.241889896547534 ], [ 126.737455788435582, 35.24006273322815 ], [ 126.736936983751207, 35.238777190693376 ], [ 126.734235552158353, 35.238073648408196 ], [ 126.733122922309846, 35.235978277507471 ], [ 126.733570899574275, 35.232022358460782 ], [ 126.732998893398189, 35.228568042120443 ], [ 126.731197691057844, 35.228136817782193 ] ] ] } },
{ "type": "Feature", "properties": { "wid": "14-388134-2-021", "name": "솔거리1습지", "area_ha": 30.541563624610514, "bbox5186": "306144.0,614184.9,307580.9,615343.6" }, "geometry": { "type": "Polygon", "coordinates": [ [ [ 128.212339623021109, 38.121538837840518 ], [ 128.210475937338458, 38.122415678414704 ], [ 128.212908029205408, 38.125291366612927 ], [ 128.220776549592614, 38.127805235085859 ], [ 128.225426367169462, 38.131841317284305 ], [ 128.227000052507549, 38.130669986389968 ], [ 128.220421673087998, 38.125807209765981 ], [ 128.215832814878439, 38.124925108238124 ], [ 128.212339623021109, 38.121538837840518 ] ] ] } },
{ "type": "Feature", "properties": { "wid": "13-356164-2-117", "name": "도곡습지", "area_ha": 30.538717890741321, "bbox5186": "190870.8,267657.7,192318.3,268314.2" }, "geometry": { "type": "Polygon", "coordinates": [ [ [ 126.899987958992881, 35.006461533642728 ], [ 126.906396270039309, 35.009757589499443 ], [ 126.910926212209375, 35.010958032944835 ], [ 126.912666026296961, 35.009892962842883 ], [ 126.915117562571041, 35.010217396589368 ], [ 126.915843246553408, 35.008739635866668 ], [ 126.912062973713304, 35.007282125680121 ], [ 126.907999470621434, 35.008427474427215 ], [ 126.900726968676949, 35.005032548185021 ], [ 126.899987958992881, 35.006461533642728 ] ] ] } },
{ "type": "Feature", "properties": { "wid": "13-359091-9-019", "name": "신전습지(양산)", "area_ha": 30.484523505943944, "bbox5186": "386117.3,315472.2,387637.6,317324.6" }, "geometry": { "type": "Polygon", "coordinates": [ [ [ 129.063249029845593, 35.427665356966095 ], [ 129.058517091919924, 35.429264546573059 ], [ 129.056592230609397, 35.431198736683555 ], [ 129.049559523160127, 35.435345500880494 ], [ 129.055381919613069, 35.432009641257899 ], [ 129.059968169746128, 35.431252006966417 ], [ 129.064152132164338, 35.428928614904656 ], [ 129.064734606891506, 35.432768261908123 ], [ 129.066246074856508, 35.433275862808713 ], [ 129.065808159484448, 35.42535795782193 ], [ 129.061635650567894, 35.418447357243608 ], [ 129.060926157925167, 35.419505681293934 ], [ 129.062861644123558, 35.421887644480094 ], [ 129.064069498891484, 35.426295134706102 ], [ 129.063249029845593, 35.427665356966095 ] ], [ [ 129.060746515642251, 35.430471862145787 ], [ 129.059245304770826, 35.431141788369949 ], [ 129.057632895297786, 35.431120625283327 ], [ 129.058461472458475, 35.429804369096743 ], [ 129.061829982767307, 35.428618665964855 ], [ 129.060746515642251, 35.430471862145787 ] ] ] } },
{ "type": "Feature", "properties": { "wid": "14-366062-3-044", "name": "모월습지", "area_ha": 30.446434626508086, "bbox5186": "149628.6,457037.8,150966.2,457564.0" }, "geometry": { "type": "Polygon", "coordinates": [ [ [ 126.439744501827789, 36.710552131511321 ], [ 126.436217226390795, 36.713093740248723 ], [ 126.450845359206838, 36.715345520728725 ], [ 126.451180739768986, 36.714143179382631 ], [ 126.439744501827789, 36.710552131511321 ] ] ] } },
{ "type": "Feature", "properties": { "wid": "11-358052-2-045", "name": "매촌리보습지", "area_ha": 30.395910749647161, "bbox5186": "310440.2,342661.6,312119.4,343382.2" }, "geometry": { "type": "Polygon", "coordinates": [ [ [ 128.232892193169846, 35.678804268276949 ], [ 128.219869075889846, 35.67492742725419 ], [ 128.22156198236641, 35.677010095736158 ], [ 128.22478026790381, 35.678363466420208 ], [ 128.234468776985011, 35.680335496729043 ], [ 128.235248568554965, 35.681264760445409 ], [ 128.23645021774675, 35.678821849252586 ], [ 128.23845242698718, 35.677298943715392 ], [ 128.236737425705968, 35.676604614969385 ], [ 128.232892193169846, 35.678804268276949 ] ] ] } },
{ "type": "Feature", "properties": { "wid": "14-378103-2-082", "name": "안도내습지", "area_ha": 30.344047389828244, "bbox5186": "309926.0,521395.1,310965.7,522410.6" }, "geometry": { "type": "Polygon", "coordinates": [ [ [ 128.245688608211196, 37.285924681658699 ], [ 128.241457939165059, 37.288403588123046 ], [ 128.239675101920227, 37.290945024888359 ], [ 128.240750150792081, 37.291653642911498 ], [ 128.244308665464388, 37.288131286168252 ], [ 128.247140937277237, 37.287288789003981 ], [ 128.249583999844674, 37.289507362843729 ], [ 128.249836170614685, 37.291321977843211 ], [ 128.249033423290513, 37.293378381279965 ], [ 128.249880344647153, 37.29433258725021 ], [ 128.251394617299155, 37.290639684443001 ], [ 128.250431383348058, 37.285177307836392 ], [ 128.245688608211196, 37.285924681658699 ] ] ] } },
{ "type": "Feature", "properties": { "wid": "14-366044-3-038", "name": "새터습지", "area_ha": 30.314049048981119, "bbox5186": "194029.2,465488.9,194477.8,466486.0" }, "geometry": { "type": "Polygon", "coordinates": [ [ [ 126.937978519859939, 36.788345931314566 ], [ 126.935484903727797, 36.788007588205645 ], [ 126.935259498196203, 36.789596130319659 ], [ 126.93350720673233, 36.790933318150273 ], [ 126.933099963794888, 36.79542243807181 ], [ 126.934212407002789, 36.79692791763474 ], [ 126.937526719461246, 36.796993683667601 ], [ 126.937037429539842, 36.793817902236952 ], [ 126.937889646863155, 36.791574577034851 ], [ 126.936486517832719, 36.790691645497184 ], [ 126.938131127529076, 36.789440864708268 ], [ 126.937488052210995, 36.78942250620625 ], [ 126.937978519859939, 36.788345931314566 ] ] ] } }
]
}
